#ASSMT_CD,HIGHEST_RECENT_IND,LONG_SCHOOL_YEAR,SCHOOL_DSTRCT_CD,SCHOOL_DSTRCT_NM,INSTN_NUMBER,INSTN_NAME,SUBGRP_DESC,TEST_CMPNT_TYP_CD,NATIONAL_NUM_TESTED_CNT,STATE_NUM_TESTED_CNT,DSTRCT_NUM_TESTED_CNT,INSTN_NUM_TESTED_CNT,NATIONAL_AVG_SCORE_VAL,STATE_AVG_SCORE_VAL,DSTRCT_AVG_SCORE_VAL,INSTN_AVG_SCORE_VAL
"ACT","Highest","2024-25","601","Appling County","0103","Appling County High School","All Students","Composite","1380130.","12390","TFS","TFS","19.4","21.5","TFS","TFS"
"ACT","Highest","2024-25","601","Appling County","0103","Appling County High School","All Students","English","1380130.","12389","TFS","TFS","18.4","20.7","TFS","TFS"
"ACT","Highest","2024-25","601","Appling County","0103","Appling County High School","All Students","Mathematics","1380130.","12389","TFS","TFS","18.9","20.7","TFS","TFS"
"ACT","Highest","2024-25","601","Appling County","0103","Appling County High School","All Students","Reading","1380130.","12389","TFS","TFS","20","22.7","TFS","TFS"
"ACT","Highest","2024-25","601","Appling County","0103","Appling County High School","All Students","Science","1380130.","12190","TFS","TFS","19.6","21.6","TFS","TFS"
"ACT","Highest","2024-25","602","Atkinson County","0103","Atkinson County High School","All Students","Composite","1380130.","12390","TFS","TFS","19.4","21.5","TFS","TFS"
"ACT","Highest","2024-25","602","Atkinson County","0103","Atkinson County High School","All Students","English","1380130.","12389","TFS","TFS","18.4","20.7","TFS","TFS"
"ACT","Highest","2024-25","602","Atkinson County","0103","Atkinson County High School","All Students","Mathematics","1380130.","12389","TFS","TFS","18.9","20.7","TFS","TFS"
"ACT","Highest","2024-25","602","Atkinson County","0103","Atkinson County High School","All Students","Reading","1380130.","12389","TFS","TFS","20","22.7","TFS","TFS"
"ACT","Highest","2024-25","602","Atkinson County","0103","Atkinson County High School","All Students","Science","1380130.","12190","TFS","TFS","19.6","21.6","TFS","TFS"
"ACT","Highest","2024-25","603","Bacon County","0302","Bacon County High School","All Students","Composite","1380130.","12390","TFS","TFS","19.4","21.5","TFS","TFS"
"ACT","Highest","2024-25","603","Bacon County","0302","Bacon County High School","All Students","English","1380130.","12389","TFS","TFS","18.4","20.7","TFS","TFS"
"ACT","Highest","2024-25","603","Bacon County","0302","Bacon County High School","All Students","Mathematics","1380130.","12389","TFS","TFS","18.9","20.7","TFS","TFS"
"ACT","Highest","2024-25","603","Bacon County","0302","Bacon County High School","All Students","Reading","1380130.","12389","TFS","TFS","20","22.7","TFS","TFS"
"ACT","Highest","2024-25","603","Bacon County","0302","Bacon County High School","All Students","Science","1380130.","12190","TFS","TFS","19.6","21.6","TFS","TFS"
"ACT","Highest","2024-25","603","Bacon County","0302","Bacon County High School","All Students","Writing Subscore","1380130.","1711","TFS","TFS","6.1","6.7","TFS","TFS"
"ACT","Highest","2024-25","605","Baldwin County","0189","Baldwin High School","All Students","Composite","1380130.","12390","19","19","19.4","21.5","18.3","18.3"
"ACT","Highest","2024-25","605","Baldwin County","0189","Baldwin High School","All Students","English","1380130.","12389","19","19","18.4","20.7","17.2","17.2"
"ACT","Highest","2024-25","605","Baldwin County","0189","Baldwin High School","All Students","Mathematics","1380130.","12389","19","19","18.9","20.7","17.6","17.6"
"ACT","Highest","2024-25","605","Baldwin County","0189","Baldwin High School","All Students","Reading","1380130.","12389","19","19","20","22.7","19.5","19.5"
"ACT","Highest","2024-25","605","Baldwin County","0189","Baldwin High School","All Students","Science","1380130.","12190","19","19","19.6","21.6","18.1","18.1"
"ACT","Highest","2024-25","605","Baldwin County","0189","Baldwin High School","All Students","Writing Subscore","1380130.","1711","TFS","TFS","6.1","6.7","TFS","TFS"
"ACT","Highest","2024-25","606","Banks County","0199","Banks County High School","All Students","Composite","1380130.","12390","TFS","TFS","19.4","21.5","TFS","TFS"
"ACT","Highest","2024-25","606","Banks County","0199","Banks County High School","All Students","English","1380130.","12389","TFS","TFS","18.4","20.7","TFS","TFS"
"ACT","Highest","2024-25","606","Banks County","0199","Banks County High School","All Students","Mathematics","1380130.","12389","TFS","TFS","18.9","20.7","TFS","TFS"
"ACT","Highest","2024-25","606","Banks County","0199","Banks County High School","All Students","Reading","1380130.","12389","TFS","TFS","20","22.7","TFS","TFS"
"ACT","Highest","2024-25","606","Banks County","0199","Banks County High School","All Students","Science","1380130.","12190","TFS","TFS","19.6","21.6","TFS","TFS"
"ACT","Highest","2024-25","607","Barrow County","0101","Apalachee High School","All Students","Composite","1380130.","12390","40","19","19.4","21.5","20","19"
"ACT","Highest","2024-25","607","Barrow County","0101","Apalachee High School","All Students","English","1380130.","12389","40","19","18.4","20.7","18.5","17.6"
"ACT","Highest","2024-25","607","Barrow County","0101","Apalachee High School","All Students","Mathematics","1380130.","12389","40","19","18.9","20.7","19.4","19.7"
"ACT","Highest","2024-25","607","Barrow County","0101","Apalachee High School","All Students","Reading","1380130.","12389","40","19","20","22.7","21.3","19.3"
"ACT","Highest","2024-25","607","Barrow County","0101","Apalachee High School","All Students","Science","1380130.","12190","37","17","19.6","21.6","20.6","19"
"ACT","Highest","2024-25","607","Barrow County","0101","Apalachee High School","All Students","Writing Subscore","1380130.","1711","10","TFS","6.1","6.7","6.8","TFS"
"ACT","Highest","2024-25","607","Barrow County","3052","Winder-Barrow High School","All Students","Composite","1380130.","12390","40","21","19.4","21.5","20","20.8"
"ACT","Highest","2024-25","607","Barrow County","3052","Winder-Barrow High School","All Students","English","1380130.","12389","40","21","18.4","20.7","18.5","19.3"
"ACT","Highest","2024-25","607","Barrow County","3052","Winder-Barrow High School","All Students","Mathematics","1380130.","12389","40","21","18.9","20.7","19.4","19"
"ACT","Highest","2024-25","607","Barrow County","3052","Winder-Barrow High School","All Students","Reading","1380130.","12389","40","21","20","22.7","21.3","23"
"ACT","Highest","2024-25","607","Barrow County","3052","Winder-Barrow High School","All Students","Science","1380130.","12190","37","20","19.6","21.6","20.6","22"
"ACT","Highest","2024-25","607","Barrow County","3052","Winder-Barrow High School","All Students","Writing Subscore","1380130.","1711","10","TFS","6.1","6.7","6.8","TFS"
"ACT","Highest","2024-25","608","Bartow County","0105","Adairsville High School","All Students","Composite","1380130.","12390","51","21","19.4","21.5","20.4","20.8"
"ACT","Highest","2024-25","608","Bartow County","0105","Adairsville High School","All Students","English","1380130.","12389","51","21","18.4","20.7","18.9","18.9"
"ACT","Highest","2024-25","608","Bartow County","0105","Adairsville High School","All Students","Mathematics","1380130.","12389","51","21","18.9","20.7","19.5","20.6"
"ACT","Highest","2024-25","608","Bartow County","0105","Adairsville High School","All Students","Reading","1380130.","12389","51","21","20","22.7","21.5","21.7"
"ACT","Highest","2024-25","608","Bartow County","0105","Adairsville High School","All Students","Science","1380130.","12190","48","19","19.6","21.6","21.7","22.2"
"ACT","Highest","2024-25","608","Bartow County","0105","Adairsville High School","All Students","Writing Subscore","1380130.","1711","10","TFS","6.1","6.7","7.4","TFS"
"ACT","Highest","2024-25","608","Bartow County","0114","Cass High School","All Students","Composite","1380130.","12390","51","13","19.4","21.5","20.4","20.3"
"ACT","Highest","2024-25","608","Bartow County","0114","Cass High School","All Students","English","1380130.","12389","51","13","18.4","20.7","18.9","18.5"
"ACT","Highest","2024-25","608","Bartow County","0114","Cass High School","All Students","Mathematics","1380130.","12389","51","13","18.9","20.7","19.5","19.1"
"ACT","Highest","2024-25","608","Bartow County","0114","Cass High School","All Students","Reading","1380130.","12389","51","13","20","22.7","21.5","21.6"
"ACT","Highest","2024-25","608","Bartow County","0114","Cass High School","All Students","Science","1380130.","12190","48","13","19.6","21.6","21.7","21.3"
"ACT","Highest","2024-25","608","Bartow County","0114","Cass High School","All Students","Writing Subscore","1380130.","1711","10","TFS","6.1","6.7","7.4","TFS"
"ACT","Highest","2024-25","608","Bartow County","0198","Woodland High School","All Students","Composite","1380130.","12390","51","17","19.4","21.5","20.4","20.1"
"ACT","Highest","2024-25","608","Bartow County","0198","Woodland High School","All Students","English","1380130.","12389","51","17","18.4","20.7","18.9","19.2"
"ACT","Highest","2024-25","608","Bartow County","0198","Woodland High School","All Students","Mathematics","1380130.","12389","51","17","18.9","20.7","19.5","18.6"
"ACT","Highest","2024-25","608","Bartow County","0198","Woodland High School","All Students","Reading","1380130.","12389","51","17","20","22.7","21.5","21"
"ACT","Highest","2024-25","608","Bartow County","0198","Woodland High School","All Students","Science","1380130.","12190","48","16","19.6","21.6","21.7","21.4"
"ACT","Highest","2024-25","608","Bartow County","0198","Woodland High School","All Students","Writing Subscore","1380130.","1711","10","TFS","6.1","6.7","7.4","TFS"
"ACT","Highest","2024-25","609","Ben Hill County","0291","Fitzgerald High School School College and Career Academy","All Students","Composite","1380130.","12390","TFS","TFS","19.4","21.5","TFS","TFS"
"ACT","Highest","2024-25","609","Ben Hill County","0291","Fitzgerald High School School College and Career Academy","All Students","English","1380130.","12389","TFS","TFS","18.4","20.7","TFS","TFS"
"ACT","Highest","2024-25","609","Ben Hill County","0291","Fitzgerald High School School College and Career Academy","All Students","Mathematics","1380130.","12389","TFS","TFS","18.9","20.7","TFS","TFS"
"ACT","Highest","2024-25","609","Ben Hill County","0291","Fitzgerald High School School College and Career Academy","All Students","Reading","1380130.","12389","TFS","TFS","20","22.7","TFS","TFS"
"ACT","Highest","2024-25","609","Ben Hill County","0291","Fitzgerald High School School College and Career Academy","All Students","Science","1380130.","12190","TFS","TFS","19.6","21.6","TFS","TFS"
"ACT","Highest","2024-25","609","Ben Hill County","0291","Fitzgerald High School School College and Career Academy","All Students","Writing Subscore","1380130.","1711","TFS","TFS","6.1","6.7","TFS","TFS"
"ACT","Highest","2024-25","610","Berrien County","0101","Berrien High School","All Students","Composite","1380130.","12390","TFS","TFS","19.4","21.5","TFS","TFS"
"ACT","Highest","2024-25","610","Berrien County","0101","Berrien High School","All Students","English","1380130.","12389","TFS","TFS","18.4","20.7","TFS","TFS"
"ACT","Highest","2024-25","610","Berrien County","0101","Berrien High School","All Students","Mathematics","1380130.","12389","TFS","TFS","18.9","20.7","TFS","TFS"
"ACT","Highest","2024-25","610","Berrien County","0101","Berrien High School","All Students","Reading","1380130.","12389","TFS","TFS","20","22.7","TFS","TFS"
"ACT","Highest","2024-25","610","Berrien County","0101","Berrien High School","All Students","Science","1380130.","12190","TFS","TFS","19.6","21.6","TFS","TFS"
"ACT","Highest","2024-25","610","Berrien County","0101","Berrien High School","All Students","Writing Subscore","1380130.","1711","TFS","TFS","6.1","6.7","TFS","TFS"
"ACT","Highest","2024-25","611","Bibb County","0105","Howard High School","All Students","Composite","1380130.","12390","38","13","19.4","21.5","17.9","17.8"
"ACT","Highest","2024-25","611","Bibb County","0105","Howard High School","All Students","English","1380130.","12389","38","13","18.4","20.7","16.2","16.3"
"ACT","Highest","2024-25","611","Bibb County","0105","Howard High School","All Students","Mathematics","1380130.","12389","38","13","18.9","20.7","17.5","17.2"
"ACT","Highest","2024-25","611","Bibb County","0105","Howard High School","All Students","Reading","1380130.","12389","38","13","20","22.7","19.2","19.4"
"ACT","Highest","2024-25","611","Bibb County","0105","Howard High School","All Students","Science","1380130.","12190","34","11","19.6","21.6","18.7","18"
"ACT","Highest","2024-25","611","Bibb County","0105","Howard High School","All Students","Writing Subscore","1380130.","1711","TFS","TFS","6.1","6.7","TFS","TFS"
"ACT","Highest","2024-25","611","Bibb County","0117","Academy For Classical Education","All Students","Composite","1380130.","12390","38","TFS","19.4","21.5","17.9","TFS"
"ACT","Highest","2024-25","611","Bibb County","0117","Academy For Classical Education","All Students","English","1380130.","12389","38","TFS","18.4","20.7","16.2","TFS"
"ACT","Highest","2024-25","611","Bibb County","0117","Academy For Classical Education","All Students","Mathematics","1380130.","12389","38","TFS","18.9","20.7","17.5","TFS"
"ACT","Highest","2024-25","611","Bibb County","0117","Academy For Classical Education","All Students","Reading","1380130.","12389","38","TFS","20","22.7","19.2","TFS"
"ACT","Highest","2024-25","611","Bibb County","0117","Academy For Classical Education","All Students","Science","1380130.","12190","34","TFS","19.6","21.6","18.7","TFS"
"ACT","Highest","2024-25","611","Bibb County","0117","Academy For Classical Education","All Students","Writing Subscore","1380130.","1711","TFS","TFS","6.1","6.7","TFS","TFS"
"ACT","Highest","2024-25","611","Bibb County","0186","Central High School","All Students","Composite","1380130.","12390","38","TFS","19.4","21.5","17.9","TFS"
"ACT","Highest","2024-25","611","Bibb County","0186","Central High School","All Students","English","1380130.","12389","38","TFS","18.4","20.7","16.2","TFS"
"ACT","Highest","2024-25","611","Bibb County","0186","Central High School","All Students","Mathematics","1380130.","12389","38","TFS","18.9","20.7","17.5","TFS"
"ACT","Highest","2024-25","611","Bibb County","0186","Central High School","All Students","Reading","1380130.","12389","38","TFS","20","22.7","19.2","TFS"
"ACT","Highest","2024-25","611","Bibb County","0186","Central High School","All Students","Science","1380130.","12190","34","TFS","19.6","21.6","18.7","TFS"
"ACT","Highest","2024-25","611","Bibb County","0186","Central High School","All Students","Writing Subscore","1380130.","1711","TFS","TFS","6.1","6.7","TFS","TFS"
"ACT","Highest","2024-25","611","Bibb County","0204","Rutland High School","All Students","Composite","1380130.","12390","38","13","19.4","21.5","17.9","16.5"
"ACT","Highest","2024-25","611","Bibb County","0204","Rutland High School","All Students","English","1380130.","12389","38","13","18.4","20.7","16.2","14.6"
"ACT","Highest","2024-25","611","Bibb County","0204","Rutland High School","All Students","Mathematics","1380130.","12389","38","13","18.9","20.7","17.5","15.2"
"ACT","Highest","2024-25","611","Bibb County","0204","Rutland High School","All Students","Reading","1380130.","12389","38","13","20","22.7","19.2","18.3"
"ACT","Highest","2024-25","611","Bibb County","0204","Rutland High School","All Students","Science","1380130.","12190","34","13","19.6","21.6","18.7","17.4"
"ACT","Highest","2024-25","611","Bibb County","0204","Rutland High School","All Students","Writing Subscore","1380130.","1711","TFS","TFS","6.1","6.7","TFS","TFS"
"ACT","Highest","2024-25","611","Bibb County","0286","Northeast High School","All Students","Composite","1380130.","12390","38","TFS","19.4","21.5","17.9","TFS"
"ACT","Highest","2024-25","611","Bibb County","0286","Northeast High School","All Students","English","1380130.","12389","38","TFS","18.4","20.7","16.2","TFS"
"ACT","Highest","2024-25","611","Bibb County","0286","Northeast High School","All Students","Mathematics","1380130.","12389","38","TFS","18.9","20.7","17.5","TFS"
"ACT","Highest","2024-25","611","Bibb County","0286","Northeast High School","All Students","Reading","1380130.","12389","38","TFS","20","22.7","19.2","TFS"
"ACT","Highest","2024-25","611","Bibb County","0386","Southwest High School","All Students","Composite","1380130.","12390","38","TFS","19.4","21.5","17.9","TFS"
"ACT","Highest","2024-25","611","Bibb County","0386","Southwest High School","All Students","English","1380130.","12389","38","TFS","18.4","20.7","16.2","TFS"
"ACT","Highest","2024-25","611","Bibb County","0386","Southwest High School","All Students","Mathematics","1380130.","12389","38","TFS","18.9","20.7","17.5","TFS"
"ACT","Highest","2024-25","611","Bibb County","0386","Southwest High School","All Students","Reading","1380130.","12389","38","TFS","20","22.7","19.2","TFS"
"ACT","Highest","2024-25","612","Bleckley County","0105","Bleckley County High School","All Students","Composite","1380130.","12390","TFS","TFS","19.4","21.5","TFS","TFS"
"ACT","Highest","2024-25","612","Bleckley County","0105","Bleckley County High School","All Students","English","1380130.","12389","TFS","TFS","18.4","20.7","TFS","TFS"
"ACT","Highest","2024-25","612","Bleckley County","0105","Bleckley County High School","All Students","Mathematics","1380130.","12389","TFS","TFS","18.9","20.7","TFS","TFS"
"ACT","Highest","2024-25","612","Bleckley County","0105","Bleckley County High School","All Students","Reading","1380130.","12389","TFS","TFS","20","22.7","TFS","TFS"
"ACT","Highest","2024-25","612","Bleckley County","0105","Bleckley County High School","All Students","Science","1380130.","12190","TFS","TFS","19.6","21.6","TFS","TFS"
"ACT","Highest","2024-25","612","Bleckley County","0105","Bleckley County High School","All Students","Writing Subscore","1380130.","1711","TFS","TFS","6.1","6.7","TFS","TFS"
"ACT","Highest","2024-25","613","Brantley County","1050","Brantley County High School","All Students","Composite","1380130.","12390","TFS","TFS","19.4","21.5","TFS","TFS"
"ACT","Highest","2024-25","613","Brantley County","1050","Brantley County High School","All Students","English","1380130.","12389","TFS","TFS","18.4","20.7","TFS","TFS"
"ACT","Highest","2024-25","613","Brantley County","1050","Brantley County High School","All Students","Mathematics","1380130.","12389","TFS","TFS","18.9","20.7","TFS","TFS"
"ACT","Highest","2024-25","613","Brantley County","1050","Brantley County High School","All Students","Reading","1380130.","12389","TFS","TFS","20","22.7","TFS","TFS"
"ACT","Highest","2024-25","613","Brantley County","1050","Brantley County High School","All Students","Science","1380130.","12190","TFS","TFS","19.6","21.6","TFS","TFS"
"ACT","Highest","2024-25","615","Bryan County","0182","Richmond Hill High School","All Students","Composite","1380130.","12390","49","45","19.4","21.5","20.5","20.3"
"ACT","Highest","2024-25","615","Bryan County","0182","Richmond Hill High School","All Students","English","1380130.","12389","49","45","18.4","20.7","18.9","18.5"
"ACT","Highest","2024-25","615","Bryan County","0182","Richmond Hill High School","All Students","Mathematics","1380130.","12389","49","45","18.9","20.7","19.9","19.5"
"ACT","Highest","2024-25","615","Bryan County","0182","Richmond Hill High School","All Students","Reading","1380130.","12389","49","45","20","22.7","22.1","22.1"
"ACT","Highest","2024-25","615","Bryan County","0182","Richmond Hill High School","All Students","Science","1380130.","12190","48","44","19.6","21.6","20.7","20.6"
"ACT","Highest","2024-25","615","Bryan County","0182","Richmond Hill High School","All Students","Writing Subscore","1380130.","1711","TFS","TFS","6.1","6.7","TFS","TFS"
"ACT","Highest","2024-25","615","Bryan County","0502","Bryan County High School","All Students","Composite","1380130.","12390","49","TFS","19.4","21.5","20.5","TFS"
"ACT","Highest","2024-25","615","Bryan County","0502","Bryan County High School","All Students","English","1380130.","12389","49","TFS","18.4","20.7","18.9","TFS"
"ACT","Highest","2024-25","615","Bryan County","0502","Bryan County High School","All Students","Mathematics","1380130.","12389","49","TFS","18.9","20.7","19.9","TFS"
"ACT","Highest","2024-25","615","Bryan County","0502","Bryan County High School","All Students","Reading","1380130.","12389","49","TFS","20","22.7","22.1","TFS"
"ACT","Highest","2024-25","615","Bryan County","0502","Bryan County High School","All Students","Science","1380130.","12190","48","TFS","19.6","21.6","20.7","TFS"
"ACT","Highest","2024-25","616","Bulloch County","0203","Southeast Bulloch High School","All Students","Composite","1380130.","12390","33","14","19.4","21.5","19.2","20.6"
"ACT","Highest","2024-25","616","Bulloch County","0203","Southeast Bulloch High School","All Students","English","1380130.","12389","33","14","18.4","20.7","17.6","19.1"
"ACT","Highest","2024-25","616","Bulloch County","0203","Southeast Bulloch High School","All Students","Mathematics","1380130.","12389","33","14","18.9","20.7","18.6","19.9"
"ACT","Highest","2024-25","616","Bulloch County","0203","Southeast Bulloch High School","All Students","Reading","1380130.","12389","33","14","20","22.7","20.3","22.1"
"ACT","Highest","2024-25","616","Bulloch County","0203","Southeast Bulloch High School","All Students","Science","1380130.","12190","32","14","19.6","21.6","19.7","20.8"
"ACT","Highest","2024-25","616","Bulloch County","0203","Southeast Bulloch High School","All Students","Writing Subscore","1380130.","1711","TFS","TFS","6.1","6.7","TFS","TFS"
"ACT","Highest","2024-25","616","Bulloch County","2054","Statesboro High School","All Students","Composite","1380130.","12390","33","16","19.4","21.5","19.2","18.2"
"ACT","Highest","2024-25","616","Bulloch County","2054","Statesboro High School","All Students","English","1380130.","12389","33","16","18.4","20.7","17.6","17.1"
"ACT","Highest","2024-25","616","Bulloch County","2054","Statesboro High School","All Students","Mathematics","1380130.","12389","33","16","18.9","20.7","18.6","18"
"ACT","Highest","2024-25","616","Bulloch County","2054","Statesboro High School","All Students","Reading","1380130.","12389","33","16","20","22.7","20.3","19"
"ACT","Highest","2024-25","616","Bulloch County","2054","Statesboro High School","All Students","Science","1380130.","12190","32","15","19.6","21.6","19.7","18.6"
"ACT","Highest","2024-25","616","Bulloch County","4052","Portal Middle/High School","All Students","Composite","1380130.","12390","33","TFS","19.4","21.5","19.2","TFS"
"ACT","Highest","2024-25","616","Bulloch County","4052","Portal Middle/High School","All Students","English","1380130.","12389","33","TFS","18.4","20.7","17.6","TFS"
"ACT","Highest","2024-25","616","Bulloch County","4052","Portal Middle/High School","All Students","Mathematics","1380130.","12389","33","TFS","18.9","20.7","18.6","TFS"
"ACT","Highest","2024-25","616","Bulloch County","4052","Portal Middle/High School","All Students","Reading","1380130.","12389","33","TFS","20","22.7","20.3","TFS"
"ACT","Highest","2024-25","616","Bulloch County","4052","Portal Middle/High School","All Students","Science","1380130.","12190","32","TFS","19.6","21.6","19.7","TFS"
"ACT","Highest","2024-25","617","Burke County","0288","Burke County High School","All Students","Composite","1380130.","12390","TFS","TFS","19.4","21.5","TFS","TFS"
"ACT","Highest","2024-25","617","Burke County","0288","Burke County High School","All Students","English","1380130.","12389","TFS","TFS","18.4","20.7","TFS","TFS"
"ACT","Highest","2024-25","617","Burke County","0288","Burke County High School","All Students","Mathematics","1380130.","12389","TFS","TFS","18.9","20.7","TFS","TFS"
"ACT","Highest","2024-25","617","Burke County","0288","Burke County High School","All Students","Reading","1380130.","12389","TFS","TFS","20","22.7","TFS","TFS"
"ACT","Highest","2024-25","617","Burke County","0288","Burke County High School","All Students","Science","1380130.","12190","TFS","TFS","19.6","21.6","TFS","TFS"
"ACT","Highest","2024-25","617","Burke County","0288","Burke County High School","All Students","Writing Subscore","1380130.","1711","TFS","TFS","6.1","6.7","TFS","TFS"
"ACT","Highest","2024-25","618","Butts County","0190","Jackson High School","All Students","Composite","1380130.","12390","TFS","TFS","19.4","21.5","TFS","TFS"
"ACT","Highest","2024-25","618","Butts County","0190","Jackson High School","All Students","English","1380130.","12389","TFS","TFS","18.4","20.7","TFS","TFS"
"ACT","Highest","2024-25","618","Butts County","0190","Jackson High School","All Students","Mathematics","1380130.","12389","TFS","TFS","18.9","20.7","TFS","TFS"
"ACT","Highest","2024-25","618","Butts County","0190","Jackson High School","All Students","Reading","1380130.","12389","TFS","TFS","20","22.7","TFS","TFS"
"ACT","Highest","2024-25","618","Butts County","0190","Jackson High School","All Students","Science","1380130.","12190","TFS","TFS","19.6","21.6","TFS","TFS"
"ACT","Highest","2024-25","618","Butts County","0190","Jackson High School","All Students","Writing Subscore","1380130.","1711","TFS","TFS","6.1","6.7","TFS","TFS"
"ACT","Highest","2024-25","619","Calhoun County","0113","Calhoun County High School","All Students","Composite","1380130.","12390","13","13","19.4","21.5","13.7","13.7"
"ACT","Highest","2024-25","619","Calhoun County","0113","Calhoun County High School","All Students","English","1380130.","12389","13","13","18.4","20.7","12.3","12.3"
"ACT","Highest","2024-25","619","Calhoun County","0113","Calhoun County High School","All Students","Mathematics","1380130.","12389","13","13","18.9","20.7","15.5","15.5"
"ACT","Highest","2024-25","619","Calhoun County","0113","Calhoun County High School","All Students","Reading","1380130.","12389","13","13","20","22.7","13.5","13.5"
"ACT","Highest","2024-25","619","Calhoun County","0113","Calhoun County High School","All Students","Science","1380130.","12190","10","10","19.6","21.6","14.2","14.2"
"ACT","Highest","2024-25","619","Calhoun County","0113","Calhoun County High School","All Students","Writing Subscore","1380130.","1711","TFS","TFS","6.1","6.7","TFS","TFS"
"ACT","Highest","2024-25","620","Camden County","0295","Camden County High School","All Students","Composite","1380130.","12390","37","37","19.4","21.5","22.8","22.8"
"ACT","Highest","2024-25","620","Camden County","0295","Camden County High School","All Students","English","1380130.","12389","37","37","18.4","20.7","21.2","21.2"
"ACT","Highest","2024-25","620","Camden County","0295","Camden County High School","All Students","Mathematics","1380130.","12389","37","37","18.9","20.7","22.2","22.2"
"ACT","Highest","2024-25","620","Camden County","0295","Camden County High School","All Students","Reading","1380130.","12389","37","37","20","22.7","23.9","23.9"
"ACT","Highest","2024-25","620","Camden County","0295","Camden County High School","All Students","Science","1380130.","12190","36","36","19.6","21.6","23.6","23.6"
"ACT","Highest","2024-25","620","Camden County","0295","Camden County High School","All Students","Writing Subscore","1380130.","1711","TFS","TFS","6.1","6.7","TFS","TFS"
"ACT","Highest","2024-25","621","Candler County","0101","Metter High School","All Students","Composite","1380130.","12390","TFS","TFS","19.4","21.5","TFS","TFS"
"ACT","Highest","2024-25","621","Candler County","0101","Metter High School","All Students","English","1380130.","12389","TFS","TFS","18.4","20.7","TFS","TFS"
"ACT","Highest","2024-25","621","Candler County","0101","Metter High School","All Students","Mathematics","1380130.","12389","TFS","TFS","18.9","20.7","TFS","TFS"
"ACT","Highest","2024-25","621","Candler County","0101","Metter High School","All Students","Reading","1380130.","12389","TFS","TFS","20","22.7","TFS","TFS"
"ACT","Highest","2024-25","621","Candler County","0101","Metter High School","All Students","Science","1380130.","12190","TFS","TFS","19.6","21.6","TFS","TFS"
"ACT","Highest","2024-25","621","Candler County","0101","Metter High School","All Students","Writing Subscore","1380130.","1711","TFS","TFS","6.1","6.7","TFS","TFS"
"ACT","Highest","2024-25","622","Carroll County","0189","Temple High School","All Students","Composite","1380130.","12390","60","TFS","19.4","21.5","20.9","TFS"
"ACT","Highest","2024-25","622","Carroll County","0189","Temple High School","All Students","English","1380130.","12389","60","TFS","18.4","20.7","19.9","TFS"
"ACT","Highest","2024-25","622","Carroll County","0189","Temple High School","All Students","Mathematics","1380130.","12389","60","TFS","18.9","20.7","20.7","TFS"
"ACT","Highest","2024-25","622","Carroll County","0189","Temple High School","All Students","Reading","1380130.","12389","60","TFS","20","22.7","22.2","TFS"
"ACT","Highest","2024-25","622","Carroll County","0189","Temple High School","All Students","Science","1380130.","12190","60","TFS","19.6","21.6","20.6","TFS"
"ACT","Highest","2024-25","622","Carroll County","0212","Mt. Zion High School","All Students","Composite","1380130.","12390","60","TFS","19.4","21.5","20.9","TFS"
"ACT","Highest","2024-25","622","Carroll County","0212","Mt. Zion High School","All Students","English","1380130.","12389","60","TFS","18.4","20.7","19.9","TFS"
"ACT","Highest","2024-25","622","Carroll County","0212","Mt. Zion High School","All Students","Mathematics","1380130.","12389","60","TFS","18.9","20.7","20.7","TFS"
"ACT","Highest","2024-25","622","Carroll County","0212","Mt. Zion High School","All Students","Reading","1380130.","12389","60","TFS","20","22.7","22.2","TFS"
"ACT","Highest","2024-25","622","Carroll County","0212","Mt. Zion High School","All Students","Science","1380130.","12190","60","TFS","19.6","21.6","20.6","TFS"
"ACT","Highest","2024-25","622","Carroll County","2052","Central High School","All Students","Composite","1380130.","12390","60","24","19.4","21.5","20.9","22"
"ACT","Highest","2024-25","622","Carroll County","2052","Central High School","All Students","English","1380130.","12389","60","24","18.4","20.7","19.9","20.7"
"ACT","Highest","2024-25","622","Carroll County","2052","Central High School","All Students","Mathematics","1380130.","12389","60","24","18.9","20.7","20.7","21.3"
"ACT","Highest","2024-25","622","Carroll County","2052","Central High School","All Students","Reading","1380130.","12389","60","24","20","22.7","22.2","23.6"
"ACT","Highest","2024-25","622","Carroll County","2052","Central High School","All Students","Science","1380130.","12190","60","24","19.6","21.6","20.6","21.9"
"ACT","Highest","2024-25","622","Carroll County","2052","Central High School","All Students","Writing Subscore","1380130.","1711","10","TFS","6.1","6.7","7.7","TFS"
"ACT","Highest","2024-25","622","Carroll County","3050","Bowdon High School","All Students","Composite","1380130.","12390","60","12","19.4","21.5","20.9","20.2"
"ACT","Highest","2024-25","622","Carroll County","3050","Bowdon High School","All Students","English","1380130.","12389","60","12","18.4","20.7","19.9","18.6"
"ACT","Highest","2024-25","622","Carroll County","3050","Bowdon High School","All Students","Mathematics","1380130.","12389","60","12","18.9","20.7","20.7","19.9"
"ACT","Highest","2024-25","622","Carroll County","3050","Bowdon High School","All Students","Reading","1380130.","12389","60","12","20","22.7","22.2","21.1"
"ACT","Highest","2024-25","622","Carroll County","3050","Bowdon High School","All Students","Science","1380130.","12190","60","12","19.6","21.6","20.6","20.8"
"ACT","Highest","2024-25","622","Carroll County","3050","Bowdon High School","All Students","Writing Subscore","1380130.","1711","10","TFS","6.1","6.7","7.7","TFS"
"ACT","Highest","2024-25","622","Carroll County","5054","Villa Rica High School","All Students","Composite","1380130.","12390","60","19","19.4","21.5","20.9","19.6"
"ACT","Highest","2024-25","622","Carroll County","5054","Villa Rica High School","All Students","English","1380130.","12389","60","19","18.4","20.7","19.9","18.7"
"ACT","Highest","2024-25","622","Carroll County","5054","Villa Rica High School","All Students","Mathematics","1380130.","12389","60","19","18.9","20.7","20.7","20.3"
"ACT","Highest","2024-25","622","Carroll County","5054","Villa Rica High School","All Students","Reading","1380130.","12389","60","19","20","22.7","22.2","20.4"
"ACT","Highest","2024-25","622","Carroll County","5054","Villa Rica High School","All Students","Science","1380130.","12190","60","19","19.6","21.6","20.6","18.7"
"ACT","Highest","2024-25","622","Carroll County","5054","Villa Rica High School","All Students","Writing Subscore","1380130.","1711","10","TFS","6.1","6.7","7.7","TFS"
"ACT","Highest","2024-25","623","Catoosa County","0109","Heritage High School","All Students","Composite","1380130.","12390","166","77","19.4","21.5","21.1","22.2"
"ACT","Highest","2024-25","623","Catoosa County","0109","Heritage High School","All Students","English","1380130.","12389","166","77","18.4","20.7","20","21.5"
"ACT","Highest","2024-25","623","Catoosa County","0109","Heritage High School","All Students","Mathematics","1380130.","12389","166","77","18.9","20.7","20.2","21.3"
"ACT","Highest","2024-25","623","Catoosa County","0109","Heritage High School","All Students","Reading","1380130.","12389","166","77","20","22.7","22.4","23.3"
"ACT","Highest","2024-25","623","Catoosa County","0109","Heritage High School","All Students","Science","1380130.","12190","164","77","19.6","21.6","21.6","22.7"
"ACT","Highest","2024-25","623","Catoosa County","0109","Heritage High School","All Students","Writing Subscore","1380130.","1711","23","TFS","6.1","6.7","7","TFS"
"ACT","Highest","2024-25","623","Catoosa County","1052","Lakeview-Fort Oglethorpe High School","All Students","Composite","1380130.","12390","166","29","19.4","21.5","21.1","19.4"
"ACT","Highest","2024-25","623","Catoosa County","1052","Lakeview-Fort Oglethorpe High School","All Students","English","1380130.","12389","166","29","18.4","20.7","20","17.6"
"ACT","Highest","2024-25","623","Catoosa County","1052","Lakeview-Fort Oglethorpe High School","All Students","Mathematics","1380130.","12389","166","29","18.9","20.7","20.2","18.8"
"ACT","Highest","2024-25","623","Catoosa County","1052","Lakeview-Fort Oglethorpe High School","All Students","Reading","1380130.","12389","166","29","20","22.7","22.4","21.1"
"ACT","Highest","2024-25","623","Catoosa County","1052","Lakeview-Fort Oglethorpe High School","All Students","Science","1380130.","12190","164","27","19.6","21.6","21.6","19.7"
"ACT","Highest","2024-25","623","Catoosa County","1052","Lakeview-Fort Oglethorpe High School","All Students","Writing Subscore","1380130.","1711","23","TFS","6.1","6.7","7","TFS"
"ACT","Highest","2024-25","623","Catoosa County","4052","Ringgold High School","All Students","Composite","1380130.","12390","166","60","19.4","21.5","21.1","20.6"
"ACT","Highest","2024-25","623","Catoosa County","4052","Ringgold High School","All Students","English","1380130.","12389","166","60","18.4","20.7","20","19.4"
"ACT","Highest","2024-25","623","Catoosa County","4052","Ringgold High School","All Students","Mathematics","1380130.","12389","166","60","18.9","20.7","20.2","19.6"
"ACT","Highest","2024-25","623","Catoosa County","4052","Ringgold High School","All Students","Reading","1380130.","12389","166","60","20","22.7","22.4","21.8"
"ACT","Highest","2024-25","623","Catoosa County","4052","Ringgold High School","All Students","Science","1380130.","12190","164","60","19.6","21.6","21.6","21"
"ACT","Highest","2024-25","623","Catoosa County","4052","Ringgold High School","All Students","Writing Subscore","1380130.","1711","23","10","6.1","6.7","7","7"
"ACT","Highest","2024-25","624","Charlton County","0287","Charlton County High School","All Students","Composite","1380130.","12390","TFS","TFS","19.4","21.5","TFS","TFS"
"ACT","Highest","2024-25","624","Charlton County","0287","Charlton County High School","All Students","English","1380130.","12389","TFS","TFS","18.4","20.7","TFS","TFS"
"ACT","Highest","2024-25","624","Charlton County","0287","Charlton County High School","All Students","Mathematics","1380130.","12389","TFS","TFS","18.9","20.7","TFS","TFS"
"ACT","Highest","2024-25","624","Charlton County","0287","Charlton County High School","All Students","Reading","1380130.","12389","TFS","TFS","20","22.7","TFS","TFS"
"ACT","Highest","2024-25","624","Charlton County","0287","Charlton County High School","All Students","Science","1380130.","12190","TFS","TFS","19.6","21.6","TFS","TFS"
"ACT","Highest","2024-25","624","Charlton County","0287","Charlton County High School","All Students","Writing Subscore","1380130.","1711","TFS","TFS","6.1","6.7","TFS","TFS"
"ACT","Highest","2024-25","625","Savannah-Chatham County","0101","Johnson High School","All Students","Composite","1380130.","12390","114","TFS","19.4","21.5","19.6","TFS"
"ACT","Highest","2024-25","625","Savannah-Chatham County","0101","Johnson High School","All Students","English","1380130.","12389","114","TFS","18.4","20.7","18.5","TFS"
"ACT","Highest","2024-25","625","Savannah-Chatham County","0101","Johnson High School","All Students","Mathematics","1380130.","12389","114","TFS","18.9","20.7","18.8","TFS"
"ACT","Highest","2024-25","625","Savannah-Chatham County","0101","Johnson High School","All Students","Reading","1380130.","12389","114","TFS","20","22.7","20.9","TFS"
"ACT","Highest","2024-25","625","Savannah-Chatham County","0101","Johnson High School","All Students","Science","1380130.","12190","113","TFS","19.6","21.6","19.8","TFS"
"ACT","Highest","2024-25","625","Savannah-Chatham County","0101","Johnson High School","All Students","Writing Subscore","1380130.","1711","31","TFS","6.1","6.7","6.8","TFS"
"ACT","Highest","2024-25","625","Savannah-Chatham County","0108","Early College Program","All Students","Composite","1380130.","12390","114","TFS","19.4","21.5","19.6","TFS"
"ACT","Highest","2024-25","625","Savannah-Chatham County","0108","Early College Program","All Students","English","1380130.","12389","114","TFS","18.4","20.7","18.5","TFS"
"ACT","Highest","2024-25","625","Savannah-Chatham County","0108","Early College Program","All Students","Mathematics","1380130.","12389","114","TFS","18.9","20.7","18.8","TFS"
"ACT","Highest","2024-25","625","Savannah-Chatham County","0108","Early College Program","All Students","Reading","1380130.","12389","114","TFS","20","22.7","20.9","TFS"
"ACT","Highest","2024-25","625","Savannah-Chatham County","0108","Early College Program","All Students","Science","1380130.","12190","113","TFS","19.6","21.6","19.8","TFS"
"ACT","Highest","2024-25","625","Savannah-Chatham County","0108","Early College Program","All Students","Writing Subscore","1380130.","1711","31","TFS","6.1","6.7","6.8","TFS"
"ACT","Highest","2024-25","625","Savannah-Chatham County","0115","Woodville-Tompkins Technical and Career High School","All Students","Composite","1380130.","12390","114","TFS","19.4","21.5","19.6","TFS"
"ACT","Highest","2024-25","625","Savannah-Chatham County","0115","Woodville-Tompkins Technical and Career High School","All Students","English","1380130.","12389","114","TFS","18.4","20.7","18.5","TFS"
"ACT","Highest","2024-25","625","Savannah-Chatham County","0115","Woodville-Tompkins Technical and Career High School","All Students","Mathematics","1380130.","12389","114","TFS","18.9","20.7","18.8","TFS"
"ACT","Highest","2024-25","625","Savannah-Chatham County","0115","Woodville-Tompkins Technical and Career High School","All Students","Reading","1380130.","12389","114","TFS","20","22.7","20.9","TFS"
"ACT","Highest","2024-25","625","Savannah-Chatham County","0115","Woodville-Tompkins Technical and Career High School","All Students","Science","1380130.","12190","113","TFS","19.6","21.6","19.8","TFS"
"ACT","Highest","2024-25","625","Savannah-Chatham County","0115","Woodville-Tompkins Technical and Career High School","All Students","Writing Subscore","1380130.","1711","31","TFS","6.1","6.7","6.8","TFS"
"ACT","Highest","2024-25","625","Savannah-Chatham County","0117","New Hampstead High School","All Students","Composite","1380130.","12390","114","TFS","19.4","21.5","19.6","TFS"
"ACT","Highest","2024-25","625","Savannah-Chatham County","0117","New Hampstead High School","All Students","English","1380130.","12389","114","TFS","18.4","20.7","18.5","TFS"
"ACT","Highest","2024-25","625","Savannah-Chatham County","0117","New Hampstead High School","All Students","Mathematics","1380130.","12389","114","TFS","18.9","20.7","18.8","TFS"
"ACT","Highest","2024-25","625","Savannah-Chatham County","0117","New Hampstead High School","All Students","Reading","1380130.","12389","114","TFS","20","22.7","20.9","TFS"
"ACT","Highest","2024-25","625","Savannah-Chatham County","0117","New Hampstead High School","All Students","Science","1380130.","12190","113","TFS","19.6","21.6","19.8","TFS"
"ACT","Highest","2024-25","625","Savannah-Chatham County","0117","New Hampstead High School","All Students","Writing Subscore","1380130.","1711","31","TFS","6.1","6.7","6.8","TFS"
"ACT","Highest","2024-25","625","Savannah-Chatham County","0210","The School of Liberal Studies at Savannah High","All Students","Composite","1380130.","12390","114","12","19.4","21.5","19.6","16"
"ACT","Highest","2024-25","625","Savannah-Chatham County","0210","The School of Liberal Studies at Savannah High","All Students","English","1380130.","12389","114","12","18.4","20.7","18.5","14.6"
"ACT","Highest","2024-25","625","Savannah-Chatham County","0210","The School of Liberal Studies at Savannah High","All Students","Mathematics","1380130.","12389","114","12","18.9","20.7","18.8","15.7"
"ACT","Highest","2024-25","625","Savannah-Chatham County","0210","The School of Liberal Studies at Savannah High","All Students","Reading","1380130.","12389","114","12","20","22.7","20.9","17.7"
"ACT","Highest","2024-25","625","Savannah-Chatham County","0210","The School of Liberal Studies at Savannah High","All Students","Science","1380130.","12190","113","12","19.6","21.6","19.8","15.9"
"ACT","Highest","2024-25","625","Savannah-Chatham County","0411","Islands High School","All Students","Composite","1380130.","12390","114","19","19.4","21.5","19.6","20.2"
"ACT","Highest","2024-25","625","Savannah-Chatham County","0411","Islands High School","All Students","English","1380130.","12389","114","19","18.4","20.7","18.5","19.3"
"ACT","Highest","2024-25","625","Savannah-Chatham County","0411","Islands High School","All Students","Mathematics","1380130.","12389","114","19","18.9","20.7","18.8","18.4"
"ACT","Highest","2024-25","625","Savannah-Chatham County","0411","Islands High School","All Students","Reading","1380130.","12389","114","19","20","22.7","20.9","21.7"
"ACT","Highest","2024-25","625","Savannah-Chatham County","0411","Islands High School","All Students","Science","1380130.","12190","113","19","19.6","21.6","19.8","20.9"
"ACT","Highest","2024-25","625","Savannah-Chatham County","0411","Islands High School","All Students","Writing Subscore","1380130.","1711","31","TFS","6.1","6.7","6.8","TFS"
"ACT","Highest","2024-25","625","Savannah-Chatham County","0499","Savannah Arts Academy","All Students","Composite","1380130.","12390","114","27","19.4","21.5","19.6","24.9"
"ACT","Highest","2024-25","625","Savannah-Chatham County","0499","Savannah Arts Academy","All Students","English","1380130.","12389","114","27","18.4","20.7","18.5","25.1"
"ACT","Highest","2024-25","625","Savannah-Chatham County","0499","Savannah Arts Academy","All Students","Mathematics","1380130.","12389","114","27","18.9","20.7","18.8","23.4"
"ACT","Highest","2024-25","625","Savannah-Chatham County","0499","Savannah Arts Academy","All Students","Reading","1380130.","12389","114","27","20","22.7","20.9","26.3"
"ACT","Highest","2024-25","625","Savannah-Chatham County","0499","Savannah Arts Academy","All Students","Science","1380130.","12190","113","27","19.6","21.6","19.8","24.4"
"ACT","Highest","2024-25","625","Savannah-Chatham County","0499","Savannah Arts Academy","All Students","Writing Subscore","1380130.","1711","31","TFS","6.1","6.7","6.8","TFS"
"ACT","Highest","2024-25","625","Savannah-Chatham County","0516","Savannah Classical Academy Charter High School","All Students","Composite","1380130.","12390","114","TFS","19.4","21.5","19.6","TFS"
"ACT","Highest","2024-25","625","Savannah-Chatham County","0516","Savannah Classical Academy Charter High School","All Students","English","1380130.","12389","114","TFS","18.4","20.7","18.5","TFS"
"ACT","Highest","2024-25","625","Savannah-Chatham County","0516","Savannah Classical Academy Charter High School","All Students","Mathematics","1380130.","12389","114","TFS","18.9","20.7","18.8","TFS"
"ACT","Highest","2024-25","625","Savannah-Chatham County","0516","Savannah Classical Academy Charter High School","All Students","Reading","1380130.","12389","114","TFS","20","22.7","20.9","TFS"
"ACT","Highest","2024-25","625","Savannah-Chatham County","0516","Savannah Classical Academy Charter High School","All Students","Science","1380130.","12190","113","TFS","19.6","21.6","19.8","TFS"
"ACT","Highest","2024-25","625","Savannah-Chatham County","0518","Savannah-Chatham E-Learning Academy","All Students","Composite","1380130.","12390","114","TFS","19.4","21.5","19.6","TFS"
"ACT","Highest","2024-25","625","Savannah-Chatham County","0518","Savannah-Chatham E-Learning Academy","All Students","English","1380130.","12389","114","TFS","18.4","20.7","18.5","TFS"
"ACT","Highest","2024-25","625","Savannah-Chatham County","0518","Savannah-Chatham E-Learning Academy","All Students","Mathematics","1380130.","12389","114","TFS","18.9","20.7","18.8","TFS"
"ACT","Highest","2024-25","625","Savannah-Chatham County","0518","Savannah-Chatham E-Learning Academy","All Students","Reading","1380130.","12389","114","TFS","20","22.7","20.9","TFS"
"ACT","Highest","2024-25","625","Savannah-Chatham County","0518","Savannah-Chatham E-Learning Academy","All Students","Science","1380130.","12190","113","TFS","19.6","21.6","19.8","TFS"
"ACT","Highest","2024-25","625","Savannah-Chatham County","2052","Beach High School","All Students","Composite","1380130.","12390","114","14","19.4","21.5","19.6","15.5"
"ACT","Highest","2024-25","625","Savannah-Chatham County","2052","Beach High School","All Students","English","1380130.","12389","114","14","18.4","20.7","18.5","13.8"
"ACT","Highest","2024-25","625","Savannah-Chatham County","2052","Beach High School","All Students","Mathematics","1380130.","12389","114","14","18.9","20.7","18.8","15.9"
"ACT","Highest","2024-25","625","Savannah-Chatham County","2052","Beach High School","All Students","Reading","1380130.","12389","114","14","20","22.7","20.9","16.4"
"ACT","Highest","2024-25","625","Savannah-Chatham County","2052","Beach High School","All Students","Science","1380130.","12190","113","14","19.6","21.6","19.8","15.6"
"ACT","Highest","2024-25","625","Savannah-Chatham County","2052","Beach High School","All Students","Writing Subscore","1380130.","1711","31","TFS","6.1","6.7","6.8","TFS"
"ACT","Highest","2024-25","625","Savannah-Chatham County","3056","Groves High School","All Students","Composite","1380130.","12390","114","TFS","19.4","21.5","19.6","TFS"
"ACT","Highest","2024-25","625","Savannah-Chatham County","3056","Groves High School","All Students","English","1380130.","12389","114","TFS","18.4","20.7","18.5","TFS"
"ACT","Highest","2024-25","625","Savannah-Chatham County","3056","Groves High School","All Students","Mathematics","1380130.","12389","114","TFS","18.9","20.7","18.8","TFS"
"ACT","Highest","2024-25","625","Savannah-Chatham County","3056","Groves High School","All Students","Reading","1380130.","12389","114","TFS","20","22.7","20.9","TFS"
"ACT","Highest","2024-25","625","Savannah-Chatham County","3056","Groves High School","All Students","Science","1380130.","12190","113","TFS","19.6","21.6","19.8","TFS"
"ACT","Highest","2024-25","625","Savannah-Chatham County","5060","Jenkins High School","All Students","Composite","1380130.","12390","114","12","19.4","21.5","19.6","18.2"
"ACT","Highest","2024-25","625","Savannah-Chatham County","5060","Jenkins High School","All Students","English","1380130.","12389","114","12","18.4","20.7","18.5","16.3"
"ACT","Highest","2024-25","625","Savannah-Chatham County","5060","Jenkins High School","All Students","Mathematics","1380130.","12389","114","12","18.9","20.7","18.8","17.5"
"ACT","Highest","2024-25","625","Savannah-Chatham County","5060","Jenkins High School","All Students","Reading","1380130.","12389","114","12","20","22.7","20.9","19.2"
"ACT","Highest","2024-25","625","Savannah-Chatham County","5060","Jenkins High School","All Students","Science","1380130.","12190","113","12","19.6","21.6","19.8","19.7"
"ACT","Highest","2024-25","625","Savannah-Chatham County","5060","Jenkins High School","All Students","Writing Subscore","1380130.","1711","31","TFS","6.1","6.7","6.8","TFS"
"ACT","Highest","2024-25","625","Savannah-Chatham County","5070","Windsor Forest High School","All Students","Composite","1380130.","12390","114","TFS","19.4","21.5","19.6","TFS"
"ACT","Highest","2024-25","625","Savannah-Chatham County","5070","Windsor Forest High School","All Students","English","1380130.","12389","114","TFS","18.4","20.7","18.5","TFS"
"ACT","Highest","2024-25","625","Savannah-Chatham County","5070","Windsor Forest High School","All Students","Mathematics","1380130.","12389","114","TFS","18.9","20.7","18.8","TFS"
"ACT","Highest","2024-25","625","Savannah-Chatham County","5070","Windsor Forest High School","All Students","Reading","1380130.","12389","114","TFS","20","22.7","20.9","TFS"
"ACT","Highest","2024-25","625","Savannah-Chatham County","5070","Windsor Forest High School","All Students","Science","1380130.","12190","113","TFS","19.6","21.6","19.8","TFS"
"ACT","Highest","2024-25","626","Chattahoochee County","0206","Chattahoochee County High School","All Students","Composite","1380130.","12390","TFS","TFS","19.4","21.5","TFS","TFS"
"ACT","Highest","2024-25","626","Chattahoochee County","0206","Chattahoochee County High School","All Students","English","1380130.","12389","TFS","TFS","18.4","20.7","TFS","TFS"
"ACT","Highest","2024-25","626","Chattahoochee County","0206","Chattahoochee County High School","All Students","Mathematics","1380130.","12389","TFS","TFS","18.9","20.7","TFS","TFS"
"ACT","Highest","2024-25","626","Chattahoochee County","0206","Chattahoochee County High School","All Students","Reading","1380130.","12389","TFS","TFS","20","22.7","TFS","TFS"
"ACT","Highest","2024-25","626","Chattahoochee County","0206","Chattahoochee County High School","All Students","Science","1380130.","12190","TFS","TFS","19.6","21.6","TFS","TFS"
"ACT","Highest","2024-25","626","Chattahoochee County","0206","Chattahoochee County High School","All Students","Writing Subscore","1380130.","1711","TFS","TFS","6.1","6.7","TFS","TFS"
"ACT","Highest","2024-25","627","Chattooga County","1050","Chattooga High School","All Students","Composite","1380130.","12390","23","23","19.4","21.5","21","21"
"ACT","Highest","2024-25","627","Chattooga County","1050","Chattooga High School","All Students","English","1380130.","12389","23","23","18.4","20.7","18.9","18.9"
"ACT","Highest","2024-25","627","Chattooga County","1050","Chattooga High School","All Students","Mathematics","1380130.","12389","23","23","18.9","20.7","20.2","20.2"
"ACT","Highest","2024-25","627","Chattooga County","1050","Chattooga High School","All Students","Reading","1380130.","12389","23","23","20","22.7","22.6","22.6"
"ACT","Highest","2024-25","627","Chattooga County","1050","Chattooga High School","All Students","Science","1380130.","12190","22","22","19.6","21.6","21.6","21.6"
"ACT","Highest","2024-25","627","Chattooga County","1050","Chattooga High School","All Students","Writing Subscore","1380130.","1711","TFS","TFS","6.1","6.7","TFS","TFS"
"ACT","Highest","2024-25","628","Cherokee County","0106","Creekview High School","All Students","Composite","1380130.","12390","448","78","19.4","21.5","23","23.8"
"ACT","Highest","2024-25","628","Cherokee County","0106","Creekview High School","All Students","English","1380130.","12389","448","78","18.4","20.7","22","23.1"
"ACT","Highest","2024-25","628","Cherokee County","0106","Creekview High School","All Students","Mathematics","1380130.","12389","448","78","18.9","20.7","22.2","23.4"
"ACT","Highest","2024-25","628","Cherokee County","0106","Creekview High School","All Students","Reading","1380130.","12389","448","78","20","22.7","23.9","24.3"
"ACT","Highest","2024-25","628","Cherokee County","0106","Creekview High School","All Students","Science","1380130.","12190","442","77","19.6","21.6","23.4","24"
"ACT","Highest","2024-25","628","Cherokee County","0106","Creekview High School","All Students","Writing Subscore","1380130.","1711","61","10","6.1","6.7","7.1","7.3"
"ACT","Highest","2024-25","628","Cherokee County","0115","River Ridge High School","All Students","Composite","1380130.","12390","448","69","19.4","21.5","23","23.4"
"ACT","Highest","2024-25","628","Cherokee County","0115","River Ridge High School","All Students","English","1380130.","12389","448","69","18.4","20.7","22","22.6"
"ACT","Highest","2024-25","628","Cherokee County","0115","River Ridge High School","All Students","Mathematics","1380130.","12389","448","69","18.9","20.7","22.2","22.4"
"ACT","Highest","2024-25","628","Cherokee County","0115","River Ridge High School","All Students","Reading","1380130.","12389","448","69","20","22.7","23.9","24.6"
"ACT","Highest","2024-25","628","Cherokee County","0115","River Ridge High School","All Students","Science","1380130.","12190","442","69","19.6","21.6","23.4","23.5"
"ACT","Highest","2024-25","628","Cherokee County","0115","River Ridge High School","All Students","Writing Subscore","1380130.","1711","61","TFS","6.1","6.7","7.1","TFS"
"ACT","Highest","2024-25","628","Cherokee County","0176","Etowah High School","All Students","Composite","1380130.","12390","448","108","19.4","21.5","23","23.2"
"ACT","Highest","2024-25","628","Cherokee County","0176","Etowah High School","All Students","English","1380130.","12389","448","108","18.4","20.7","22","22.1"
"ACT","Highest","2024-25","628","Cherokee County","0176","Etowah High School","All Students","Mathematics","1380130.","12389","448","108","18.9","20.7","22.2","22.4"
"ACT","Highest","2024-25","628","Cherokee County","0176","Etowah High School","All Students","Reading","1380130.","12389","448","108","20","22.7","23.9","24.1"
"ACT","Highest","2024-25","628","Cherokee County","0176","Etowah High School","All Students","Science","1380130.","12190","442","104","19.6","21.6","23.4","24"
"ACT","Highest","2024-25","628","Cherokee County","0176","Etowah High School","All Students","Writing Subscore","1380130.","1711","61","11","6.1","6.7","7.1","6.5"
"ACT","Highest","2024-25","628","Cherokee County","0191","Sequoyah High School","All Students","Composite","1380130.","12390","448","71","19.4","21.5","23","23.2"
"ACT","Highest","2024-25","628","Cherokee County","0191","Sequoyah High School","All Students","English","1380130.","12389","448","71","18.4","20.7","22","22.5"
"ACT","Highest","2024-25","628","Cherokee County","0191","Sequoyah High School","All Students","Mathematics","1380130.","12389","448","71","18.9","20.7","22.2","22.2"
"ACT","Highest","2024-25","628","Cherokee County","0191","Sequoyah High School","All Students","Reading","1380130.","12389","448","71","20","22.7","23.9","24"
"ACT","Highest","2024-25","628","Cherokee County","0191","Sequoyah High School","All Students","Science","1380130.","12190","442","70","19.6","21.6","23.4","23.7"
"ACT","Highest","2024-25","628","Cherokee County","0191","Sequoyah High School","All Students","Writing Subscore","1380130.","1711","61","TFS","6.1","6.7","7.1","TFS"
"ACT","Highest","2024-25","628","Cherokee County","0197","Woodstock High School","All Students","Composite","1380130.","12390","448","68","19.4","21.5","23","21.7"
"ACT","Highest","2024-25","628","Cherokee County","0197","Woodstock High School","All Students","English","1380130.","12389","448","68","18.4","20.7","22","20.4"
"ACT","Highest","2024-25","628","Cherokee County","0197","Woodstock High School","All Students","Mathematics","1380130.","12389","448","68","18.9","20.7","22.2","21.5"
"ACT","Highest","2024-25","628","Cherokee County","0197","Woodstock High School","All Students","Reading","1380130.","12389","448","68","20","22.7","23.9","22.4"
"ACT","Highest","2024-25","628","Cherokee County","0197","Woodstock High School","All Students","Science","1380130.","12190","442","68","19.6","21.6","23.4","22.1"
"ACT","Highest","2024-25","628","Cherokee County","0197","Woodstock High School","All Students","Writing Subscore","1380130.","1711","61","14","6.1","6.7","7.1","7.2"
"ACT","Highest","2024-25","628","Cherokee County","5050","Cherokee High School","All Students","Composite","1380130.","12390","448","54","19.4","21.5","23","22.1"
"ACT","Highest","2024-25","628","Cherokee County","5050","Cherokee High School","All Students","English","1380130.","12389","448","54","18.4","20.7","22","20.6"
"ACT","Highest","2024-25","628","Cherokee County","5050","Cherokee High School","All Students","Mathematics","1380130.","12389","448","54","18.9","20.7","22.2","21"
"ACT","Highest","2024-25","628","Cherokee County","5050","Cherokee High School","All Students","Reading","1380130.","12389","448","54","20","22.7","23.9","23.9"
"ACT","Highest","2024-25","628","Cherokee County","5050","Cherokee High School","All Students","Science","1380130.","12190","442","54","19.6","21.6","23.4","22.3"
"ACT","Highest","2024-25","628","Cherokee County","5050","Cherokee High School","All Students","Writing Subscore","1380130.","1711","61","TFS","6.1","6.7","7.1","TFS"
"ACT","Highest","2024-25","629","Clarke County","0102","Cedar Shoals High School","All Students","Composite","1380130.","12390","71","32","19.4","21.5","19.2","18"
"ACT","Highest","2024-25","629","Clarke County","0102","Cedar Shoals High School","All Students","English","1380130.","12389","71","32","18.4","20.7","17.6","16.6"
"ACT","Highest","2024-25","629","Clarke County","0102","Cedar Shoals High School","All Students","Mathematics","1380130.","12389","71","32","18.9","20.7","19.5","18.2"
"ACT","Highest","2024-25","629","Clarke County","0102","Cedar Shoals High School","All Students","Reading","1380130.","12389","71","32","20","22.7","20.2","19.5"
"ACT","Highest","2024-25","629","Clarke County","0102","Cedar Shoals High School","All Students","Science","1380130.","12190","71","32","19.6","21.6","18.9","17.5"
"ACT","Highest","2024-25","629","Clarke County","0102","Cedar Shoals High School","All Students","Writing Subscore","1380130.","1711","13","TFS","6.1","6.7","6.3","TFS"
"ACT","Highest","2024-25","629","Clarke County","5556","Clarke Central High School","All Students","Composite","1380130.","12390","71","39","19.4","21.5","19.2","20.1"
"ACT","Highest","2024-25","629","Clarke County","5556","Clarke Central High School","All Students","English","1380130.","12389","71","39","18.4","20.7","17.6","18.5"
"ACT","Highest","2024-25","629","Clarke County","5556","Clarke Central High School","All Students","Mathematics","1380130.","12389","71","39","18.9","20.7","19.5","20.6"
"ACT","Highest","2024-25","629","Clarke County","5556","Clarke Central High School","All Students","Reading","1380130.","12389","71","39","20","22.7","20.2","20.9"
"ACT","Highest","2024-25","629","Clarke County","5556","Clarke Central High School","All Students","Science","1380130.","12190","71","39","19.6","21.6","18.9","20.1"
"ACT","Highest","2024-25","629","Clarke County","5556","Clarke Central High School","All Students","Writing Subscore","1380130.","1711","13","TFS","6.1","6.7","6.3","TFS"
"ACT","Highest","2024-25","631","Clayton County","0104","Mundy's Mill High School","All Students","Composite","1380130.","12390","215","42","19.4","21.5","16.9","16.7"
"ACT","Highest","2024-25","631","Clayton County","0104","Mundy's Mill High School","All Students","English","1380130.","12389","215","42","18.4","20.7","15.6","15"
"ACT","Highest","2024-25","631","Clayton County","0104","Mundy's Mill High School","All Students","Mathematics","1380130.","12389","215","42","18.9","20.7","15.8","15.6"
"ACT","Highest","2024-25","631","Clayton County","0104","Mundy's Mill High School","All Students","Reading","1380130.","12389","215","42","20","22.7","18.7","19"
"ACT","Highest","2024-25","631","Clayton County","0104","Mundy's Mill High School","All Students","Science","1380130.","12190","204","41","19.6","21.6","17.3","17.2"
"ACT","Highest","2024-25","631","Clayton County","0104","Mundy's Mill High School","All Students","Writing Subscore","1380130.","1711","58","TFS","6.1","6.7","6.4","TFS"
"ACT","Highest","2024-25","631","Clayton County","0114","Elite Scholars Academy School","All Students","Composite","1380130.","12390","215","10","19.4","21.5","16.9","22.3"
"ACT","Highest","2024-25","631","Clayton County","0114","Elite Scholars Academy School","All Students","English","1380130.","12389","215","10","18.4","20.7","15.6","23"
"ACT","Highest","2024-25","631","Clayton County","0114","Elite Scholars Academy School","All Students","Mathematics","1380130.","12389","215","10","18.9","20.7","15.8","19"
"ACT","Highest","2024-25","631","Clayton County","0114","Elite Scholars Academy School","All Students","Reading","1380130.","12389","215","10","20","22.7","18.7","25.6"
"ACT","Highest","2024-25","631","Clayton County","0114","Elite Scholars Academy School","All Students","Science","1380130.","12190","204","10","19.6","21.6","17.3","21.7"
"ACT","Highest","2024-25","631","Clayton County","0115","Charles R. Drew High School","All Students","Composite","1380130.","12390","215","19","19.4","21.5","16.9","16.4"
"ACT","Highest","2024-25","631","Clayton County","0115","Charles R. Drew High School","All Students","English","1380130.","12389","215","19","18.4","20.7","15.6","14.9"
"ACT","Highest","2024-25","631","Clayton County","0115","Charles R. Drew High School","All Students","Mathematics","1380130.","12389","215","19","18.9","20.7","15.8","16.1"
"ACT","Highest","2024-25","631","Clayton County","0115","Charles R. Drew High School","All Students","Reading","1380130.","12389","215","19","20","22.7","18.7","17.5"
"ACT","Highest","2024-25","631","Clayton County","0115","Charles R. Drew High School","All Students","Science","1380130.","12190","204","18","19.6","21.6","17.3","16.9"
"ACT","Highest","2024-25","631","Clayton County","0115","Charles R. Drew High School","All Students","Writing Subscore","1380130.","1711","58","TFS","6.1","6.7","6.4","TFS"
"ACT","Highest","2024-25","631","Clayton County","0190","Lovejoy High School","All Students","Composite","1380130.","12390","215","35","19.4","21.5","16.9","16.6"
"ACT","Highest","2024-25","631","Clayton County","0190","Lovejoy High School","All Students","English","1380130.","12389","215","35","18.4","20.7","15.6","15"
"ACT","Highest","2024-25","631","Clayton County","0190","Lovejoy High School","All Students","Mathematics","1380130.","12389","215","35","18.9","20.7","15.8","15.4"
"ACT","Highest","2024-25","631","Clayton County","0190","Lovejoy High School","All Students","Reading","1380130.","12389","215","35","20","22.7","18.7","18.5"
"ACT","Highest","2024-25","631","Clayton County","0190","Lovejoy High School","All Students","Science","1380130.","12190","204","35","19.6","21.6","17.3","17.2"
"ACT","Highest","2024-25","631","Clayton County","0190","Lovejoy High School","All Students","Writing Subscore","1380130.","1711","58","TFS","6.1","6.7","6.4","TFS"
"ACT","Highest","2024-25","631","Clayton County","0215","Martha Ellen Stilwell School for the Performing Arts","All Students","Composite","1380130.","12390","215","11","19.4","21.5","16.9","19"
"ACT","Highest","2024-25","631","Clayton County","0215","Martha Ellen Stilwell School for the Performing Arts","All Students","English","1380130.","12389","215","11","18.4","20.7","15.6","18.4"
"ACT","Highest","2024-25","631","Clayton County","0215","Martha Ellen Stilwell School for the Performing Arts","All Students","Mathematics","1380130.","12389","215","11","18.9","20.7","15.8","17.7"
"ACT","Highest","2024-25","631","Clayton County","0215","Martha Ellen Stilwell School for the Performing Arts","All Students","Reading","1380130.","12389","215","11","20","22.7","18.7","20"
"ACT","Highest","2024-25","631","Clayton County","0215","Martha Ellen Stilwell School for the Performing Arts","All Students","Science","1380130.","12190","204","10","19.6","21.6","17.3","19.3"
"ACT","Highest","2024-25","631","Clayton County","0215","Martha Ellen Stilwell School for the Performing Arts","All Students","Writing Subscore","1380130.","1711","58","TFS","6.1","6.7","6.4","TFS"
"ACT","Highest","2024-25","631","Clayton County","0290","Mount Zion High School","All Students","Composite","1380130.","12390","215","10","19.4","21.5","16.9","18.5"
"ACT","Highest","2024-25","631","Clayton County","0290","Mount Zion High School","All Students","English","1380130.","12389","215","10","18.4","20.7","15.6","17.1"
"ACT","Highest","2024-25","631","Clayton County","0290","Mount Zion High School","All Students","Mathematics","1380130.","12389","215","10","18.9","20.7","15.8","16.4"
"ACT","Highest","2024-25","631","Clayton County","0290","Mount Zion High School","All Students","Reading","1380130.","12389","215","10","20","22.7","18.7","21.3"
"ACT","Highest","2024-25","631","Clayton County","0290","Mount Zion High School","All Students","Science","1380130.","12190","204","10","19.6","21.6","17.3","18.6"
"ACT","Highest","2024-25","631","Clayton County","0290","Mount Zion High School","All Students","Writing Subscore","1380130.","1711","58","TFS","6.1","6.7","6.4","TFS"
"ACT","Highest","2024-25","631","Clayton County","0377","Riverdale High School","All Students","Composite","1380130.","12390","215","10","19.4","21.5","16.9","14.4"
"ACT","Highest","2024-25","631","Clayton County","0377","Riverdale High School","All Students","English","1380130.","12389","215","10","18.4","20.7","15.6","12.2"
"ACT","Highest","2024-25","631","Clayton County","0377","Riverdale High School","All Students","Mathematics","1380130.","12389","215","10","18.9","20.7","15.8","14.5"
"ACT","Highest","2024-25","631","Clayton County","0377","Riverdale High School","All Students","Reading","1380130.","12389","215","10","20","22.7","18.7","15.8"
"ACT","Highest","2024-25","631","Clayton County","0377","Riverdale High School","All Students","Science","1380130.","12190","204","TFS","19.6","21.6","17.3","TFS"
"ACT","Highest","2024-25","631","Clayton County","0377","Riverdale High School","All Students","Writing Subscore","1380130.","1711","58","TFS","6.1","6.7","6.4","TFS"
"ACT","Highest","2024-25","631","Clayton County","1054","Forest Park High School","All Students","Composite","1380130.","12390","215","TFS","19.4","21.5","16.9","TFS"
"ACT","Highest","2024-25","631","Clayton County","1054","Forest Park High School","All Students","English","1380130.","12389","215","TFS","18.4","20.7","15.6","TFS"
"ACT","Highest","2024-25","631","Clayton County","1054","Forest Park High School","All Students","Mathematics","1380130.","12389","215","TFS","18.9","20.7","15.8","TFS"
"ACT","Highest","2024-25","631","Clayton County","1054","Forest Park High School","All Students","Reading","1380130.","12389","215","TFS","20","22.7","18.7","TFS"
"ACT","Highest","2024-25","631","Clayton County","1054","Forest Park High School","All Students","Science","1380130.","12190","204","TFS","19.6","21.6","17.3","TFS"
"ACT","Highest","2024-25","631","Clayton County","1054","Forest Park High School","All Students","Writing Subscore","1380130.","1711","58","TFS","6.1","6.7","6.4","TFS"
"ACT","Highest","2024-25","631","Clayton County","1056","Jonesboro High School","All Students","Composite","1380130.","12390","215","26","19.4","21.5","16.9","15.4"
"ACT","Highest","2024-25","631","Clayton County","1056","Jonesboro High School","All Students","English","1380130.","12389","215","26","18.4","20.7","15.6","14.7"
"ACT","Highest","2024-25","631","Clayton County","1056","Jonesboro High School","All Students","Mathematics","1380130.","12389","215","26","18.9","20.7","15.8","14.7"
"ACT","Highest","2024-25","631","Clayton County","1056","Jonesboro High School","All Students","Reading","1380130.","12389","215","26","20","22.7","18.7","16.3"
"ACT","Highest","2024-25","631","Clayton County","1056","Jonesboro High School","All Students","Science","1380130.","12190","204","24","19.6","21.6","17.3","15.8"
"ACT","Highest","2024-25","631","Clayton County","1056","Jonesboro High School","All Students","Writing Subscore","1380130.","1711","58","TFS","6.1","6.7","6.4","TFS"
"ACT","Highest","2024-25","631","Clayton County","2052","North Clayton High School","All Students","Composite","1380130.","12390","215","19","19.4","21.5","16.9","16.5"
"ACT","Highest","2024-25","631","Clayton County","2052","North Clayton High School","All Students","English","1380130.","12389","215","19","18.4","20.7","15.6","14.8"
"ACT","Highest","2024-25","631","Clayton County","2052","North Clayton High School","All Students","Mathematics","1380130.","12389","215","19","18.9","20.7","15.8","15.1"
"ACT","Highest","2024-25","631","Clayton County","2052","North Clayton High School","All Students","Reading","1380130.","12389","215","19","20","22.7","18.7","18.6"
"ACT","Highest","2024-25","631","Clayton County","2052","North Clayton High School","All Students","Science","1380130.","12190","204","18","19.6","21.6","17.3","16.7"
"ACT","Highest","2024-25","631","Clayton County","2052","North Clayton High School","All Students","Writing Subscore","1380130.","1711","58","TFS","6.1","6.7","6.4","TFS"
"ACT","Highest","2024-25","631","Clayton County","4058","Morrow High School","All Students","Composite","1380130.","12390","215","26","19.4","21.5","16.9","16.6"
"ACT","Highest","2024-25","631","Clayton County","4058","Morrow High School","All Students","English","1380130.","12389","215","26","18.4","20.7","15.6","15.9"
"ACT","Highest","2024-25","631","Clayton County","4058","Morrow High School","All Students","Mathematics","1380130.","12389","215","26","18.9","20.7","15.8","15.5"
"ACT","Highest","2024-25","631","Clayton County","4058","Morrow High School","All Students","Reading","1380130.","12389","215","26","20","22.7","18.7","18"
"ACT","Highest","2024-25","631","Clayton County","4058","Morrow High School","All Students","Science","1380130.","12190","204","24","19.6","21.6","17.3","16.8"
"ACT","Highest","2024-25","631","Clayton County","4058","Morrow High School","All Students","Writing Subscore","1380130.","1711","58","TFS","6.1","6.7","6.4","TFS"
"ACT","Highest","2024-25","633","Cobb County","0101","Kennesaw Mountain High School","All Students","Composite","1380130.","12390","1245","54","19.4","21.5","23","24"
"ACT","Highest","2024-25","633","Cobb County","0101","Kennesaw Mountain High School","All Students","English","1380130.","12389","1245","54","18.4","20.7","22.4","23.2"
"ACT","Highest","2024-25","633","Cobb County","0101","Kennesaw Mountain High School","All Students","Mathematics","1380130.","12389","1245","54","18.9","20.7","22.1","23.5"
"ACT","Highest","2024-25","633","Cobb County","0101","Kennesaw Mountain High School","All Students","Reading","1380130.","12389","1245","54","20","22.7","24.2","25.1"
"ACT","Highest","2024-25","633","Cobb County","0101","Kennesaw Mountain High School","All Students","Science","1380130.","12190","1231","54","19.6","21.6","22.9","24"
"ACT","Highest","2024-25","633","Cobb County","0101","Kennesaw Mountain High School","All Students","Writing Subscore","1380130.","1711","159","TFS","6.1","6.7","6.7","TFS"
"ACT","Highest","2024-25","633","Cobb County","0103","Kell High School","All Students","Composite","1380130.","12390","1245","50","19.4","21.5","23","21.4"
"ACT","Highest","2024-25","633","Cobb County","0103","Kell High School","All Students","English","1380130.","12389","1245","50","18.4","20.7","22.4","20.3"
"ACT","Highest","2024-25","633","Cobb County","0103","Kell High School","All Students","Mathematics","1380130.","12389","1245","50","18.9","20.7","22.1","21"
"ACT","Highest","2024-25","633","Cobb County","0103","Kell High School","All Students","Reading","1380130.","12389","1245","50","20","22.7","24.2","22.1"
"ACT","Highest","2024-25","633","Cobb County","0103","Kell High School","All Students","Science","1380130.","12190","1231","48","19.6","21.6","22.9","21.9"
"ACT","Highest","2024-25","633","Cobb County","0103","Kell High School","All Students","Writing Subscore","1380130.","1711","159","10","6.1","6.7","6.7","6.8"
"ACT","Highest","2024-25","633","Cobb County","0175","Walton High School","All Students","Composite","1380130.","12390","1245","167","19.4","21.5","23","26"
"ACT","Highest","2024-25","633","Cobb County","0175","Walton High School","All Students","English","1380130.","12389","1245","167","18.4","20.7","22.4","25.9"
"ACT","Highest","2024-25","633","Cobb County","0175","Walton High School","All Students","Mathematics","1380130.","12389","1245","167","18.9","20.7","22.1","25.4"
"ACT","Highest","2024-25","633","Cobb County","0175","Walton High School","All Students","Reading","1380130.","12389","1245","167","20","22.7","24.2","26.6"
"ACT","Highest","2024-25","633","Cobb County","0175","Walton High School","All Students","Science","1380130.","12190","1231","165","19.6","21.6","22.9","25.6"
"ACT","Highest","2024-25","633","Cobb County","0175","Walton High School","All Students","Writing Subscore","1380130.","1711","159","TFS","6.1","6.7","6.7","TFS"
"ACT","Highest","2024-25","633","Cobb County","0186","Oakwood High School","All Students","Composite","1380130.","12390","1245","TFS","19.4","21.5","23","TFS"
"ACT","Highest","2024-25","633","Cobb County","0186","Oakwood High School","All Students","English","1380130.","12389","1245","TFS","18.4","20.7","22.4","TFS"
"ACT","Highest","2024-25","633","Cobb County","0186","Oakwood High School","All Students","Mathematics","1380130.","12389","1245","TFS","18.9","20.7","22.1","TFS"
"ACT","Highest","2024-25","633","Cobb County","0186","Oakwood High School","All Students","Reading","1380130.","12389","1245","TFS","20","22.7","24.2","TFS"
"ACT","Highest","2024-25","633","Cobb County","0186","Oakwood High School","All Students","Science","1380130.","12190","1231","TFS","19.6","21.6","22.9","TFS"
"ACT","Highest","2024-25","633","Cobb County","0188","Pope High School","All Students","Composite","1380130.","12390","1245","119","19.4","21.5","23","25.5"
"ACT","Highest","2024-25","633","Cobb County","0188","Pope High School","All Students","English","1380130.","12389","1245","119","18.4","20.7","22.4","25.3"
"ACT","Highest","2024-25","633","Cobb County","0188","Pope High School","All Students","Mathematics","1380130.","12389","1245","119","18.9","20.7","22.1","24.4"
"ACT","Highest","2024-25","633","Cobb County","0188","Pope High School","All Students","Reading","1380130.","12389","1245","119","20","22.7","24.2","27.2"
"ACT","Highest","2024-25","633","Cobb County","0188","Pope High School","All Students","Science","1380130.","12190","1231","119","19.6","21.6","22.9","24.6"
"ACT","Highest","2024-25","633","Cobb County","0188","Pope High School","All Students","Writing Subscore","1380130.","1711","159","11","6.1","6.7","6.7","7.4"
"ACT","Highest","2024-25","633","Cobb County","0192","Harrison High School","All Students","Composite","1380130.","12390","1245","102","19.4","21.5","23","23.3"
"ACT","Highest","2024-25","633","Cobb County","0192","Harrison High School","All Students","English","1380130.","12389","1245","102","18.4","20.7","22.4","22.8"
"ACT","Highest","2024-25","633","Cobb County","0192","Harrison High School","All Students","Mathematics","1380130.","12389","1245","102","18.9","20.7","22.1","22.5"
"ACT","Highest","2024-25","633","Cobb County","0192","Harrison High School","All Students","Reading","1380130.","12389","1245","102","20","22.7","24.2","24.4"
"ACT","Highest","2024-25","633","Cobb County","0192","Harrison High School","All Students","Science","1380130.","12190","1231","101","19.6","21.6","22.9","23.5"
"ACT","Highest","2024-25","633","Cobb County","0192","Harrison High School","All Students","Writing Subscore","1380130.","1711","159","10","6.1","6.7","6.7","7.7"
"ACT","Highest","2024-25","633","Cobb County","0209","Allatoona High School","All Students","Composite","1380130.","12390","1245","63","19.4","21.5","23","22.2"
"ACT","Highest","2024-25","633","Cobb County","0209","Allatoona High School","All Students","English","1380130.","12389","1245","63","18.4","20.7","22.4","21.2"
"ACT","Highest","2024-25","633","Cobb County","0209","Allatoona High School","All Students","Mathematics","1380130.","12389","1245","63","18.9","20.7","22.1","21"
"ACT","Highest","2024-25","633","Cobb County","0209","Allatoona High School","All Students","Reading","1380130.","12389","1245","63","20","22.7","24.2","23.8"
"ACT","Highest","2024-25","633","Cobb County","0209","Allatoona High School","All Students","Science","1380130.","12190","1231","62","19.6","21.6","22.9","22.7"
"ACT","Highest","2024-25","633","Cobb County","0209","Allatoona High School","All Students","Writing Subscore","1380130.","1711","159","TFS","6.1","6.7","6.7","TFS"
"ACT","Highest","2024-25","633","Cobb County","0373","Sprayberry High School","All Students","Composite","1380130.","12390","1245","27","19.4","21.5","23","21.7"
"ACT","Highest","2024-25","633","Cobb County","0373","Sprayberry High School","All Students","English","1380130.","12389","1245","27","18.4","20.7","22.4","20.6"
"ACT","Highest","2024-25","633","Cobb County","0373","Sprayberry High School","All Students","Mathematics","1380130.","12389","1245","27","18.9","20.7","22.1","21.2"
"ACT","Highest","2024-25","633","Cobb County","0373","Sprayberry High School","All Students","Reading","1380130.","12389","1245","27","20","22.7","24.2","23"
"ACT","Highest","2024-25","633","Cobb County","0373","Sprayberry High School","All Students","Science","1380130.","12190","1231","27","19.6","21.6","22.9","21.8"
"ACT","Highest","2024-25","633","Cobb County","0373","Sprayberry High School","All Students","Writing Subscore","1380130.","1711","159","TFS","6.1","6.7","6.7","TFS"
"ACT","Highest","2024-25","633","Cobb County","0381","Lassiter High School","All Students","Composite","1380130.","12390","1245","99","19.4","21.5","23","23.8"
"ACT","Highest","2024-25","633","Cobb County","0381","Lassiter High School","All Students","English","1380130.","12389","1245","99","18.4","20.7","22.4","22.9"
"ACT","Highest","2024-25","633","Cobb County","0381","Lassiter High School","All Students","Mathematics","1380130.","12389","1245","99","18.9","20.7","22.1","23.6"
"ACT","Highest","2024-25","633","Cobb County","0381","Lassiter High School","All Students","Reading","1380130.","12389","1245","99","20","22.7","24.2","24.7"
"ACT","Highest","2024-25","633","Cobb County","0381","Lassiter High School","All Students","Science","1380130.","12190","1231","99","19.6","21.6","22.9","23.4"
"ACT","Highest","2024-25","633","Cobb County","0381","Lassiter High School","All Students","Writing Subscore","1380130.","1711","159","TFS","6.1","6.7","6.7","TFS"
"ACT","Highest","2024-25","633","Cobb County","0707","Hillgrove High School","All Students","Composite","1380130.","12390","1245","143","19.4","21.5","23","21.7"
"ACT","Highest","2024-25","633","Cobb County","0707","Hillgrove High School","All Students","English","1380130.","12389","1245","143","18.4","20.7","22.4","20.9"
"ACT","Highest","2024-25","633","Cobb County","0707","Hillgrove High School","All Students","Mathematics","1380130.","12389","1245","143","18.9","20.7","22.1","20.7"
"ACT","Highest","2024-25","633","Cobb County","0707","Hillgrove High School","All Students","Reading","1380130.","12389","1245","143","20","22.7","24.2","23"
"ACT","Highest","2024-25","633","Cobb County","0707","Hillgrove High School","All Students","Science","1380130.","12190","1231","140","19.6","21.6","22.9","21.7"
"ACT","Highest","2024-25","633","Cobb County","0707","Hillgrove High School","All Students","Writing Subscore","1380130.","1711","159","21","6.1","6.7","6.7","6.2"
"ACT","Highest","2024-25","633","Cobb County","1054","Campbell High School","All Students","Composite","1380130.","12390","1245","93","19.4","21.5","23","24.5"
"ACT","Highest","2024-25","633","Cobb County","1054","Campbell High School","All Students","English","1380130.","12389","1245","93","18.4","20.7","22.4","24.8"
"ACT","Highest","2024-25","633","Cobb County","1054","Campbell High School","All Students","Mathematics","1380130.","12389","1245","93","18.9","20.7","22.1","22.6"
"ACT","Highest","2024-25","633","Cobb County","1054","Campbell High School","All Students","Reading","1380130.","12389","1245","93","20","22.7","24.2","25.7"
"ACT","Highest","2024-25","633","Cobb County","1054","Campbell High School","All Students","Science","1380130.","12190","1231","90","19.6","21.6","22.9","24.1"
"ACT","Highest","2024-25","633","Cobb County","1054","Campbell High School","All Students","Writing Subscore","1380130.","1711","159","15","6.1","6.7","6.7","6.7"
"ACT","Highest","2024-25","633","Cobb County","1064","McEachern High School","All Students","Composite","1380130.","12390","1245","52","19.4","21.5","23","17.7"
"ACT","Highest","2024-25","633","Cobb County","1064","McEachern High School","All Students","English","1380130.","12389","1245","52","18.4","20.7","22.4","16.6"
"ACT","Highest","2024-25","633","Cobb County","1064","McEachern High School","All Students","Mathematics","1380130.","12389","1245","52","18.9","20.7","22.1","16.6"
"ACT","Highest","2024-25","633","Cobb County","1064","McEachern High School","All Students","Reading","1380130.","12389","1245","52","20","22.7","24.2","18.6"
"ACT","Highest","2024-25","633","Cobb County","1064","McEachern High School","All Students","Science","1380130.","12190","1231","52","19.6","21.6","22.9","18.2"
"ACT","Highest","2024-25","633","Cobb County","1064","McEachern High School","All Students","Writing Subscore","1380130.","1711","159","12","6.1","6.7","6.7","6.6"
"ACT","Highest","2024-25","633","Cobb County","1069","Wheeler High School","All Students","Composite","1380130.","12390","1245","66","19.4","21.5","23","27.6"
"ACT","Highest","2024-25","633","Cobb County","1069","Wheeler High School","All Students","English","1380130.","12389","1245","66","18.4","20.7","22.4","27.3"
"ACT","Highest","2024-25","633","Cobb County","1069","Wheeler High School","All Students","Mathematics","1380130.","12389","1245","66","18.9","20.7","22.1","27.3"
"ACT","Highest","2024-25","633","Cobb County","1069","Wheeler High School","All Students","Reading","1380130.","12389","1245","66","20","22.7","24.2","28.3"
"ACT","Highest","2024-25","633","Cobb County","1069","Wheeler High School","All Students","Science","1380130.","12190","1231","66","19.6","21.6","22.9","27.1"
"ACT","Highest","2024-25","633","Cobb County","1069","Wheeler High School","All Students","Writing Subscore","1380130.","1711","159","TFS","6.1","6.7","6.7","TFS"
"ACT","Highest","2024-25","633","Cobb County","2056","North Cobb High School","All Students","Composite","1380130.","12390","1245","88","19.4","21.5","23","21.6"
"ACT","Highest","2024-25","633","Cobb County","2056","North Cobb High School","All Students","English","1380130.","12389","1245","88","18.4","20.7","22.4","21.2"
"ACT","Highest","2024-25","633","Cobb County","2056","North Cobb High School","All Students","Mathematics","1380130.","12389","1245","88","18.9","20.7","22.1","19.7"
"ACT","Highest","2024-25","633","Cobb County","2056","North Cobb High School","All Students","Reading","1380130.","12389","1245","88","20","22.7","24.2","23.9"
"ACT","Highest","2024-25","633","Cobb County","2056","North Cobb High School","All Students","Science","1380130.","12190","1231","87","19.6","21.6","22.9","21.5"
"ACT","Highest","2024-25","633","Cobb County","2056","North Cobb High School","All Students","Writing Subscore","1380130.","1711","159","18","6.1","6.7","6.7","6.3"
"ACT","Highest","2024-25","633","Cobb County","2066","Osborne High School","All Students","Composite","1380130.","12390","1245","44","19.4","21.5","23","18"
"ACT","Highest","2024-25","633","Cobb County","2066","Osborne High School","All Students","English","1380130.","12389","1245","44","18.4","20.7","22.4","16.3"
"ACT","Highest","2024-25","633","Cobb County","2066","Osborne High School","All Students","Mathematics","1380130.","12389","1245","44","18.9","20.7","22.1","17.5"
"ACT","Highest","2024-25","633","Cobb County","2066","Osborne High School","All Students","Reading","1380130.","12389","1245","44","20","22.7","24.2","19.2"
"ACT","Highest","2024-25","633","Cobb County","2066","Osborne High School","All Students","Science","1380130.","12190","1231","44","19.6","21.6","22.9","18.3"
"ACT","Highest","2024-25","633","Cobb County","2066","Osborne High School","All Students","Writing Subscore","1380130.","1711","159","TFS","6.1","6.7","6.7","TFS"
"ACT","Highest","2024-25","633","Cobb County","3056","South Cobb High School","All Students","Composite","1380130.","12390","1245","41","19.4","21.5","23","17.7"
"ACT","Highest","2024-25","633","Cobb County","3056","South Cobb High School","All Students","English","1380130.","12389","1245","41","18.4","20.7","22.4","15.7"
"ACT","Highest","2024-25","633","Cobb County","3056","South Cobb High School","All Students","Mathematics","1380130.","12389","1245","41","18.9","20.7","22.1","17.3"
"ACT","Highest","2024-25","633","Cobb County","3056","South Cobb High School","All Students","Reading","1380130.","12389","1245","41","20","22.7","24.2","18.4"
"ACT","Highest","2024-25","633","Cobb County","3056","South Cobb High School","All Students","Science","1380130.","12190","1231","40","19.6","21.6","22.9","18.5"
"ACT","Highest","2024-25","633","Cobb County","3056","South Cobb High School","All Students","Writing Subscore","1380130.","1711","159","TFS","6.1","6.7","6.7","TFS"
"ACT","Highest","2024-25","633","Cobb County","4066","Pebblebrook High School","All Students","Composite","1380130.","12390","1245","36","19.4","21.5","23","17.5"
"ACT","Highest","2024-25","633","Cobb County","4066","Pebblebrook High School","All Students","English","1380130.","12389","1245","36","18.4","20.7","22.4","15.6"
"ACT","Highest","2024-25","633","Cobb County","4066","Pebblebrook High School","All Students","Mathematics","1380130.","12389","1245","36","18.9","20.7","22.1","16"
"ACT","Highest","2024-25","633","Cobb County","4066","Pebblebrook High School","All Students","Reading","1380130.","12389","1245","36","20","22.7","24.2","20.4"
"ACT","Highest","2024-25","633","Cobb County","4066","Pebblebrook High School","All Students","Science","1380130.","12190","1231","36","19.6","21.6","22.9","17.4"
"ACT","Highest","2024-25","633","Cobb County","4066","Pebblebrook High School","All Students","Writing Subscore","1380130.","1711","159","TFS","6.1","6.7","6.7","TFS"
"ACT","Highest","2024-25","634","Coffee County","0114","Wiregrass Regional College and Career Academy","All Students","Composite","1380130.","12390","44","TFS","19.4","21.5","19","TFS"
"ACT","Highest","2024-25","634","Coffee County","0114","Wiregrass Regional College and Career Academy","All Students","English","1380130.","12389","44","TFS","18.4","20.7","18.3","TFS"
"ACT","Highest","2024-25","634","Coffee County","0114","Wiregrass Regional College and Career Academy","All Students","Mathematics","1380130.","12389","44","TFS","18.9","20.7","18.2","TFS"
"ACT","Highest","2024-25","634","Coffee County","0114","Wiregrass Regional College and Career Academy","All Students","Reading","1380130.","12389","44","TFS","20","22.7","20.3","TFS"
"ACT","Highest","2024-25","634","Coffee County","0114","Wiregrass Regional College and Career Academy","All Students","Science","1380130.","12190","44","TFS","19.6","21.6","18.8","TFS"
"ACT","Highest","2024-25","634","Coffee County","0114","Wiregrass Regional College and Career Academy","All Students","Writing Subscore","1380130.","1711","TFS","TFS","6.1","6.7","TFS","TFS"
"ACT","Highest","2024-25","634","Coffee County","0195","Coffee County High School","All Students","Composite","1380130.","12390","44","42","19.4","21.5","19","19"
"ACT","Highest","2024-25","634","Coffee County","0195","Coffee County High School","All Students","English","1380130.","12389","44","42","18.4","20.7","18.3","18.5"
"ACT","Highest","2024-25","634","Coffee County","0195","Coffee County High School","All Students","Mathematics","1380130.","12389","44","42","18.9","20.7","18.2","18.2"
"ACT","Highest","2024-25","634","Coffee County","0195","Coffee County High School","All Students","Reading","1380130.","12389","44","42","20","22.7","20.3","20.3"
"ACT","Highest","2024-25","634","Coffee County","0195","Coffee County High School","All Students","Science","1380130.","12190","44","42","19.6","21.6","18.8","18.8"
"ACT","Highest","2024-25","635","Colquitt County","1554","Colquitt County High School","All Students","Composite","1380130.","12390","26","26","19.4","21.5","19.3","19.3"
"ACT","Highest","2024-25","635","Colquitt County","1554","Colquitt County High School","All Students","English","1380130.","12389","26","26","18.4","20.7","18.1","18.1"
"ACT","Highest","2024-25","635","Colquitt County","1554","Colquitt County High School","All Students","Mathematics","1380130.","12389","26","26","18.9","20.7","18.8","18.8"
"ACT","Highest","2024-25","635","Colquitt County","1554","Colquitt County High School","All Students","Reading","1380130.","12389","26","26","20","22.7","20.3","20.3"
"ACT","Highest","2024-25","635","Colquitt County","1554","Colquitt County High School","All Students","Science","1380130.","12190","26","26","19.6","21.6","19.4","19.4"
"ACT","Highest","2024-25","635","Colquitt County","1554","Colquitt County High School","All Students","Writing Subscore","1380130.","1711","TFS","TFS","6.1","6.7","TFS","TFS"
"ACT","Highest","2024-25","636","Columbia County","0112","Grovetown High School","All Students","Composite","1380130.","12390","165","23","19.4","21.5","22.4","19.3"
"ACT","Highest","2024-25","636","Columbia County","0112","Grovetown High School","All Students","English","1380130.","12389","165","23","18.4","20.7","21.2","18.3"
"ACT","Highest","2024-25","636","Columbia County","0112","Grovetown High School","All Students","Mathematics","1380130.","12389","165","23","18.9","20.7","21.4","19.5"
"ACT","Highest","2024-25","636","Columbia County","0112","Grovetown High School","All Students","Reading","1380130.","12389","165","23","20","22.7","23.6","19.5"
"ACT","Highest","2024-25","636","Columbia County","0112","Grovetown High School","All Students","Science","1380130.","12190","164","23","19.6","21.6","23.2","20.1"
"ACT","Highest","2024-25","636","Columbia County","0112","Grovetown High School","All Students","Writing Subscore","1380130.","1711","42","TFS","6.1","6.7","6.7","TFS"
"ACT","Highest","2024-25","636","Columbia County","0183","Harlem High School","All Students","Composite","1380130.","12390","165","17","19.4","21.5","22.4","21"
"ACT","Highest","2024-25","636","Columbia County","0183","Harlem High School","All Students","English","1380130.","12389","165","17","18.4","20.7","21.2","18.8"
"ACT","Highest","2024-25","636","Columbia County","0183","Harlem High School","All Students","Mathematics","1380130.","12389","165","17","18.9","20.7","21.4","20.6"
"ACT","Highest","2024-25","636","Columbia County","0183","Harlem High School","All Students","Reading","1380130.","12389","165","17","20","22.7","23.6","22.1"
"ACT","Highest","2024-25","636","Columbia County","0183","Harlem High School","All Students","Science","1380130.","12190","164","17","19.6","21.6","23.2","22.1"
"ACT","Highest","2024-25","636","Columbia County","0183","Harlem High School","All Students","Writing Subscore","1380130.","1711","42","TFS","6.1","6.7","6.7","TFS"
"ACT","Highest","2024-25","636","Columbia County","0189","Lakeside High School","All Students","Composite","1380130.","12390","165","35","19.4","21.5","22.4","24.2"
"ACT","Highest","2024-25","636","Columbia County","0189","Lakeside High School","All Students","English","1380130.","12389","165","35","18.4","20.7","21.2","23.6"
"ACT","Highest","2024-25","636","Columbia County","0189","Lakeside High School","All Students","Mathematics","1380130.","12389","165","35","18.9","20.7","21.4","23.2"
"ACT","Highest","2024-25","636","Columbia County","0189","Lakeside High School","All Students","Reading","1380130.","12389","165","35","20","22.7","23.6","25.1"
"ACT","Highest","2024-25","636","Columbia County","0189","Lakeside High School","All Students","Science","1380130.","12190","164","34","19.6","21.6","23.2","24.6"
"ACT","Highest","2024-25","636","Columbia County","0189","Lakeside High School","All Students","Writing Subscore","1380130.","1711","42","13","6.1","6.7","6.7","7.4"
"ACT","Highest","2024-25","636","Columbia County","0197","Greenbrier High School","All Students","Composite","1380130.","12390","165","62","19.4","21.5","22.4","23.7"
"ACT","Highest","2024-25","636","Columbia County","0197","Greenbrier High School","All Students","English","1380130.","12389","165","62","18.4","20.7","21.2","22.1"
"ACT","Highest","2024-25","636","Columbia County","0197","Greenbrier High School","All Students","Mathematics","1380130.","12389","165","62","18.9","20.7","21.4","22.1"
"ACT","Highest","2024-25","636","Columbia County","0197","Greenbrier High School","All Students","Reading","1380130.","12389","165","62","20","22.7","23.6","25.6"
"ACT","Highest","2024-25","636","Columbia County","0197","Greenbrier High School","All Students","Science","1380130.","12190","164","62","19.6","21.6","23.2","24.5"
"ACT","Highest","2024-25","636","Columbia County","0197","Greenbrier High School","All Students","Writing Subscore","1380130.","1711","42","TFS","6.1","6.7","6.7","TFS"
"ACT","Highest","2024-25","636","Columbia County","4050","Evans High School","All Students","Composite","1380130.","12390","165","28","19.4","21.5","22.4","20.9"
"ACT","Highest","2024-25","636","Columbia County","4050","Evans High School","All Students","English","1380130.","12389","165","28","18.4","20.7","21.2","20.2"
"ACT","Highest","2024-25","636","Columbia County","4050","Evans High School","All Students","Mathematics","1380130.","12389","165","28","18.9","20.7","21.4","19.8"
"ACT","Highest","2024-25","636","Columbia County","4050","Evans High School","All Students","Reading","1380130.","12389","165","28","20","22.7","23.6","21.8"
"ACT","Highest","2024-25","636","Columbia County","4050","Evans High School","All Students","Science","1380130.","12190","164","28","19.6","21.6","23.2","21.5"
"ACT","Highest","2024-25","636","Columbia County","4050","Evans High School","All Students","Writing Subscore","1380130.","1711","42","TFS","6.1","6.7","6.7","TFS"
"ACT","Highest","2024-25","637","Cook County","0111","Cook High School","All Students","Composite","1380130.","12390","TFS","TFS","19.4","21.5","TFS","TFS"
"ACT","Highest","2024-25","637","Cook County","0111","Cook High School","All Students","English","1380130.","12389","TFS","TFS","18.4","20.7","TFS","TFS"
"ACT","Highest","2024-25","637","Cook County","0111","Cook High School","All Students","Mathematics","1380130.","12389","TFS","TFS","18.9","20.7","TFS","TFS"
"ACT","Highest","2024-25","637","Cook County","0111","Cook High School","All Students","Reading","1380130.","12389","TFS","TFS","20","22.7","TFS","TFS"
"ACT","Highest","2024-25","637","Cook County","0111","Cook High School","All Students","Science","1380130.","12190","TFS","TFS","19.6","21.6","TFS","TFS"
"ACT","Highest","2024-25","638","Coweta County","0196","Northgate High School","All Students","Composite","1380130.","12390","184","64","19.4","21.5","21.5","22"
"ACT","Highest","2024-25","638","Coweta County","0196","Northgate High School","All Students","English","1380130.","12389","184","64","18.4","20.7","20.9","21.4"
"ACT","Highest","2024-25","638","Coweta County","0196","Northgate High School","All Students","Mathematics","1380130.","12389","184","64","18.9","20.7","20.5","20.7"
"ACT","Highest","2024-25","638","Coweta County","0196","Northgate High School","All Students","Reading","1380130.","12389","184","64","20","22.7","22.8","23.3"
"ACT","Highest","2024-25","638","Coweta County","0196","Northgate High School","All Students","Science","1380130.","12190","182","63","19.6","21.6","21.5","22.3"
"ACT","Highest","2024-25","638","Coweta County","0196","Northgate High School","All Students","Writing Subscore","1380130.","1711","34","13","6.1","6.7","6.9","6.8"
"ACT","Highest","2024-25","638","Coweta County","0389","East Coweta High School","All Students","Composite","1380130.","12390","184","72","19.4","21.5","21.5","21.6"
"ACT","Highest","2024-25","638","Coweta County","0389","East Coweta High School","All Students","English","1380130.","12389","184","72","18.4","20.7","20.9","21.3"
"ACT","Highest","2024-25","638","Coweta County","0389","East Coweta High School","All Students","Mathematics","1380130.","12389","184","72","18.9","20.7","20.5","20.4"
"ACT","Highest","2024-25","638","Coweta County","0389","East Coweta High School","All Students","Reading","1380130.","12389","184","72","20","22.7","22.8","22.9"
"ACT","Highest","2024-25","638","Coweta County","0389","East Coweta High School","All Students","Science","1380130.","12190","182","71","19.6","21.6","21.5","21.5"
"ACT","Highest","2024-25","638","Coweta County","0389","East Coweta High School","All Students","Writing Subscore","1380130.","1711","34","14","6.1","6.7","6.9","6.8"
"ACT","Highest","2024-25","638","Coweta County","5054","Newnan High School","All Students","Composite","1380130.","12390","184","48","19.4","21.5","21.5","20.7"
"ACT","Highest","2024-25","638","Coweta County","5054","Newnan High School","All Students","English","1380130.","12389","184","48","18.4","20.7","20.9","19.7"
"ACT","Highest","2024-25","638","Coweta County","5054","Newnan High School","All Students","Mathematics","1380130.","12389","184","48","18.9","20.7","20.5","20.1"
"ACT","Highest","2024-25","638","Coweta County","5054","Newnan High School","All Students","Reading","1380130.","12389","184","48","20","22.7","22.8","22"
"ACT","Highest","2024-25","638","Coweta County","5054","Newnan High School","All Students","Science","1380130.","12190","182","48","19.6","21.6","21.5","20.4"
"ACT","Highest","2024-25","638","Coweta County","5054","Newnan High School","All Students","Writing Subscore","1380130.","1711","34","TFS","6.1","6.7","6.9","TFS"
"ACT","Highest","2024-25","639","Crawford County","0193","Crawford County High School","All Students","Composite","1380130.","12390","TFS","TFS","19.4","21.5","TFS","TFS"
"ACT","Highest","2024-25","639","Crawford County","0193","Crawford County High School","All Students","English","1380130.","12389","TFS","TFS","18.4","20.7","TFS","TFS"
"ACT","Highest","2024-25","639","Crawford County","0193","Crawford County High School","All Students","Mathematics","1380130.","12389","TFS","TFS","18.9","20.7","TFS","TFS"
"ACT","Highest","2024-25","639","Crawford County","0193","Crawford County High School","All Students","Reading","1380130.","12389","TFS","TFS","20","22.7","TFS","TFS"
"ACT","Highest","2024-25","639","Crawford County","0193","Crawford County High School","All Students","Science","1380130.","12190","TFS","TFS","19.6","21.6","TFS","TFS"
"ACT","Highest","2024-25","639","Crawford County","0193","Crawford County High School","All Students","Writing Subscore","1380130.","1711","TFS","TFS","6.1","6.7","TFS","TFS"
"ACT","Highest","2024-25","640","Crisp County","0196","Crisp County High School","All Students","Composite","1380130.","12390","TFS","TFS","19.4","21.5","TFS","TFS"
"ACT","Highest","2024-25","640","Crisp County","0196","Crisp County High School","All Students","English","1380130.","12389","TFS","TFS","18.4","20.7","TFS","TFS"
"ACT","Highest","2024-25","640","Crisp County","0196","Crisp County High School","All Students","Mathematics","1380130.","12389","TFS","TFS","18.9","20.7","TFS","TFS"
"ACT","Highest","2024-25","640","Crisp County","0196","Crisp County High School","All Students","Reading","1380130.","12389","TFS","TFS","20","22.7","TFS","TFS"
"ACT","Highest","2024-25","640","Crisp County","0196","Crisp County High School","All Students","Science","1380130.","12190","TFS","TFS","19.6","21.6","TFS","TFS"
"ACT","Highest","2024-25","641","Dade County","0195","Dade County High School","All Students","Composite","1380130.","12390","25","25","19.4","21.5","18.8","18.8"
"ACT","Highest","2024-25","641","Dade County","0195","Dade County High School","All Students","English","1380130.","12389","25","25","18.4","20.7","17.1","17.1"
"ACT","Highest","2024-25","641","Dade County","0195","Dade County High School","All Students","Mathematics","1380130.","12389","25","25","18.9","20.7","18.4","18.4"
"ACT","Highest","2024-25","641","Dade County","0195","Dade County High School","All Students","Reading","1380130.","12389","25","25","20","22.7","19.8","19.8"
"ACT","Highest","2024-25","641","Dade County","0195","Dade County High School","All Students","Science","1380130.","12190","25","25","19.6","21.6","19","19"
"ACT","Highest","2024-25","641","Dade County","0195","Dade County High School","All Students","Writing Subscore","1380130.","1711","TFS","TFS","6.1","6.7","TFS","TFS"
"ACT","Highest","2024-25","642","Dawson County","0198","Dawson County High School","All Students","Composite","1380130.","12390","23","23","19.4","21.5","19.7","19.7"
"ACT","Highest","2024-25","642","Dawson County","0198","Dawson County High School","All Students","English","1380130.","12389","23","23","18.4","20.7","17.9","17.9"
"ACT","Highest","2024-25","642","Dawson County","0198","Dawson County High School","All Students","Mathematics","1380130.","12389","23","23","18.9","20.7","18.8","18.8"
"ACT","Highest","2024-25","642","Dawson County","0198","Dawson County High School","All Students","Reading","1380130.","12389","23","23","20","22.7","20.9","20.9"
"ACT","Highest","2024-25","642","Dawson County","0198","Dawson County High School","All Students","Science","1380130.","12190","23","23","19.6","21.6","21.2","21.2"
"ACT","Highest","2024-25","642","Dawson County","0198","Dawson County High School","All Students","Writing Subscore","1380130.","1711","TFS","TFS","6.1","6.7","TFS","TFS"
"ACT","Highest","2024-25","643","Decatur County","3050","Bainbridge High School","All Students","Composite","1380130.","12390","32","32","19.4","21.5","20.7","20.7"
"ACT","Highest","2024-25","643","Decatur County","3050","Bainbridge High School","All Students","English","1380130.","12389","32","32","18.4","20.7","18.9","18.9"
"ACT","Highest","2024-25","643","Decatur County","3050","Bainbridge High School","All Students","Mathematics","1380130.","12389","32","32","18.9","20.7","19.1","19.1"
"ACT","Highest","2024-25","643","Decatur County","3050","Bainbridge High School","All Students","Reading","1380130.","12389","32","32","20","22.7","23","23"
"ACT","Highest","2024-25","643","Decatur County","3050","Bainbridge High School","All Students","Science","1380130.","12190","32","32","19.6","21.6","21.3","21.3"
"ACT","Highest","2024-25","643","Decatur County","3050","Bainbridge High School","All Students","Writing Subscore","1380130.","1711","TFS","TFS","6.1","6.7","TFS","TFS"
"ACT","Highest","2024-25","644","DeKalb County","0103","Martin Luther King, Jr. High School","All Students","Composite","1380130.","12390","602","TFS","19.4","21.5","21.6","TFS"
"ACT","Highest","2024-25","644","DeKalb County","0103","Martin Luther King, Jr. High School","All Students","English","1380130.","12389","602","TFS","18.4","20.7","21.2","TFS"
"ACT","Highest","2024-25","644","DeKalb County","0103","Martin Luther King, Jr. High School","All Students","Mathematics","1380130.","12389","602","TFS","18.9","20.7","20.4","TFS"
"ACT","Highest","2024-25","644","DeKalb County","0103","Martin Luther King, Jr. High School","All Students","Reading","1380130.","12389","602","TFS","20","22.7","22.9","TFS"
"ACT","Highest","2024-25","644","DeKalb County","0103","Martin Luther King, Jr. High School","All Students","Science","1380130.","12190","590","TFS","19.6","21.6","21.5","TFS"
"ACT","Highest","2024-25","644","DeKalb County","0103","Martin Luther King, Jr. High School","All Students","Writing Subscore","1380130.","1711","84","TFS","6.1","6.7","6.6","TFS"
"ACT","Highest","2024-25","644","DeKalb County","0105","Miller Grove High School","All Students","Composite","1380130.","12390","602","13","19.4","21.5","21.6","16.6"
"ACT","Highest","2024-25","644","DeKalb County","0105","Miller Grove High School","All Students","English","1380130.","12389","602","13","18.4","20.7","21.2","15.7"
"ACT","Highest","2024-25","644","DeKalb County","0105","Miller Grove High School","All Students","Mathematics","1380130.","12389","602","13","18.9","20.7","20.4","15.5"
"ACT","Highest","2024-25","644","DeKalb County","0105","Miller Grove High School","All Students","Reading","1380130.","12389","602","13","20","22.7","22.9","18.2"
"ACT","Highest","2024-25","644","DeKalb County","0105","Miller Grove High School","All Students","Science","1380130.","12190","590","12","19.6","21.6","21.5","15.9"
"ACT","Highest","2024-25","644","DeKalb County","0105","Miller Grove High School","All Students","Writing Subscore","1380130.","1711","84","TFS","6.1","6.7","6.6","TFS"
"ACT","Highest","2024-25","644","DeKalb County","0172","Cedar Grove High School","All Students","Composite","1380130.","12390","602","12","19.4","21.5","21.6","17.1"
"ACT","Highest","2024-25","644","DeKalb County","0172","Cedar Grove High School","All Students","English","1380130.","12389","602","12","18.4","20.7","21.2","15.7"
"ACT","Highest","2024-25","644","DeKalb County","0172","Cedar Grove High School","All Students","Mathematics","1380130.","12389","602","12","18.9","20.7","20.4","17"
"ACT","Highest","2024-25","644","DeKalb County","0172","Cedar Grove High School","All Students","Reading","1380130.","12389","602","12","20","22.7","22.9","17.8"
"ACT","Highest","2024-25","644","DeKalb County","0172","Cedar Grove High School","All Students","Science","1380130.","12190","590","11","19.6","21.6","21.5","17.5"
"ACT","Highest","2024-25","644","DeKalb County","0176","Redan High School","All Students","Composite","1380130.","12390","602","TFS","19.4","21.5","21.6","TFS"
"ACT","Highest","2024-25","644","DeKalb County","0176","Redan High School","All Students","English","1380130.","12389","602","TFS","18.4","20.7","21.2","TFS"
"ACT","Highest","2024-25","644","DeKalb County","0176","Redan High School","All Students","Mathematics","1380130.","12389","602","TFS","18.9","20.7","20.4","TFS"
"ACT","Highest","2024-25","644","DeKalb County","0176","Redan High School","All Students","Reading","1380130.","12389","602","TFS","20","22.7","22.9","TFS"
"ACT","Highest","2024-25","644","DeKalb County","0176","Redan High School","All Students","Science","1380130.","12190","590","TFS","19.6","21.6","21.5","TFS"
"ACT","Highest","2024-25","644","DeKalb County","0202","Lithonia High School","All Students","Composite","1380130.","12390","602","17","19.4","21.5","21.6","16.5"
"ACT","Highest","2024-25","644","DeKalb County","0202","Lithonia High School","All Students","English","1380130.","12389","602","17","18.4","20.7","21.2","15.2"
"ACT","Highest","2024-25","644","DeKalb County","0202","Lithonia High School","All Students","Mathematics","1380130.","12389","602","17","18.9","20.7","20.4","15.6"
"ACT","Highest","2024-25","644","DeKalb County","0202","Lithonia High School","All Students","Reading","1380130.","12389","602","17","20","22.7","22.9","16.9"
"ACT","Highest","2024-25","644","DeKalb County","0202","Lithonia High School","All Students","Science","1380130.","12190","590","17","19.6","21.6","21.5","17.2"
"ACT","Highest","2024-25","644","DeKalb County","0202","Lithonia High School","All Students","Writing Subscore","1380130.","1711","84","TFS","6.1","6.7","6.6","TFS"
"ACT","Highest","2024-25","644","DeKalb County","0276","Stone Mountain High School","All Students","Composite","1380130.","12390","602","13","19.4","21.5","21.6","15.9"
"ACT","Highest","2024-25","644","DeKalb County","0276","Stone Mountain High School","All Students","English","1380130.","12389","602","13","18.4","20.7","21.2","14.2"
"ACT","Highest","2024-25","644","DeKalb County","0276","Stone Mountain High School","All Students","Mathematics","1380130.","12389","602","13","18.9","20.7","20.4","15.2"
"ACT","Highest","2024-25","644","DeKalb County","0276","Stone Mountain High School","All Students","Reading","1380130.","12389","602","13","20","22.7","22.9","17.2"
"ACT","Highest","2024-25","644","DeKalb County","0276","Stone Mountain High School","All Students","Science","1380130.","12190","590","10","19.6","21.6","21.5","18.5"
"ACT","Highest","2024-25","644","DeKalb County","0276","Stone Mountain High School","All Students","Writing Subscore","1380130.","1711","84","TFS","6.1","6.7","6.6","TFS"
"ACT","Highest","2024-25","644","DeKalb County","0315","Tapestry Public Charter School","All Students","Composite","1380130.","12390","602","TFS","19.4","21.5","21.6","TFS"
"ACT","Highest","2024-25","644","DeKalb County","0315","Tapestry Public Charter School","All Students","English","1380130.","12389","602","TFS","18.4","20.7","21.2","TFS"
"ACT","Highest","2024-25","644","DeKalb County","0315","Tapestry Public Charter School","All Students","Mathematics","1380130.","12389","602","TFS","18.9","20.7","20.4","TFS"
"ACT","Highest","2024-25","644","DeKalb County","0315","Tapestry Public Charter School","All Students","Reading","1380130.","12389","602","TFS","20","22.7","22.9","TFS"
"ACT","Highest","2024-25","644","DeKalb County","0315","Tapestry Public Charter School","All Students","Science","1380130.","12190","590","TFS","19.6","21.6","21.5","TFS"
"ACT","Highest","2024-25","644","DeKalb County","0315","Tapestry Public Charter School","All Students","Writing Subscore","1380130.","1711","84","TFS","6.1","6.7","6.6","TFS"
"ACT","Highest","2024-25","644","DeKalb County","0407","Dekalb Early College Academy","All Students","Composite","1380130.","12390","602","10","19.4","21.5","21.6","22.9"
"ACT","Highest","2024-25","644","DeKalb County","0407","Dekalb Early College Academy","All Students","English","1380130.","12389","602","10","18.4","20.7","21.2","21.5"
"ACT","Highest","2024-25","644","DeKalb County","0407","Dekalb Early College Academy","All Students","Mathematics","1380130.","12389","602","10","18.9","20.7","20.4","21.9"
"ACT","Highest","2024-25","644","DeKalb County","0407","Dekalb Early College Academy","All Students","Reading","1380130.","12389","602","10","20","22.7","22.9","25.4"
"ACT","Highest","2024-25","644","DeKalb County","0407","Dekalb Early College Academy","All Students","Science","1380130.","12190","590","10","19.6","21.6","21.5","22.4"
"ACT","Highest","2024-25","644","DeKalb County","0407","Dekalb Early College Academy","All Students","Writing Subscore","1380130.","1711","84","TFS","6.1","6.7","6.6","TFS"
"ACT","Highest","2024-25","644","DeKalb County","0410","DeKalb School of the Arts","All Students","Composite","1380130.","12390","602","21","19.4","21.5","21.6","22.6"
"ACT","Highest","2024-25","644","DeKalb County","0410","DeKalb School of the Arts","All Students","English","1380130.","12389","602","21","18.4","20.7","21.2","23.2"
"ACT","Highest","2024-25","644","DeKalb County","0410","DeKalb School of the Arts","All Students","Mathematics","1380130.","12389","602","21","18.9","20.7","20.4","20"
"ACT","Highest","2024-25","644","DeKalb County","0410","DeKalb School of the Arts","All Students","Reading","1380130.","12389","602","21","20","22.7","22.9","24.7"
"ACT","Highest","2024-25","644","DeKalb County","0410","DeKalb School of the Arts","All Students","Science","1380130.","12190","590","21","19.6","21.6","21.5","22.2"
"ACT","Highest","2024-25","644","DeKalb County","0410","DeKalb School of the Arts","All Students","Writing Subscore","1380130.","1711","84","TFS","6.1","6.7","6.6","TFS"
"ACT","Highest","2024-25","644","DeKalb County","0497","Stephenson High School","All Students","Composite","1380130.","12390","602","24","19.4","21.5","21.6","16.2"
"ACT","Highest","2024-25","644","DeKalb County","0497","Stephenson High School","All Students","English","1380130.","12389","602","24","18.4","20.7","21.2","14.8"
"ACT","Highest","2024-25","644","DeKalb County","0497","Stephenson High School","All Students","Mathematics","1380130.","12389","602","24","18.9","20.7","20.4","15.9"
"ACT","Highest","2024-25","644","DeKalb County","0497","Stephenson High School","All Students","Reading","1380130.","12389","602","24","20","22.7","22.9","16.9"
"ACT","Highest","2024-25","644","DeKalb County","0497","Stephenson High School","All Students","Science","1380130.","12190","590","24","19.6","21.6","21.5","16.9"
"ACT","Highest","2024-25","644","DeKalb County","0497","Stephenson High School","All Students","Writing Subscore","1380130.","1711","84","TFS","6.1","6.7","6.6","TFS"
"ACT","Highest","2024-25","644","DeKalb County","0610","Arabia Mountain High School - Academy of Engineering, Medicine and Environm","All Students","Composite","1380130.","12390","602","47","19.4","21.5","21.6","18"
"ACT","Highest","2024-25","644","DeKalb County","0610","Arabia Mountain High School - Academy of Engineering, Medicine and Environm","All Students","English","1380130.","12389","602","47","18.4","20.7","21.2","16.7"
"ACT","Highest","2024-25","644","DeKalb County","0610","Arabia Mountain High School - Academy of Engineering, Medicine and Environm","All Students","Mathematics","1380130.","12389","602","47","18.9","20.7","20.4","17.5"
"ACT","Highest","2024-25","644","DeKalb County","0610","Arabia Mountain High School - Academy of Engineering, Medicine and Environm","All Students","Reading","1380130.","12389","602","47","20","22.7","22.9","19"
"ACT","Highest","2024-25","644","DeKalb County","0610","Arabia Mountain High School - Academy of Engineering, Medicine and Environm","All Students","Science","1380130.","12190","590","46","19.6","21.6","21.5","18.1"
"ACT","Highest","2024-25","644","DeKalb County","0610","Arabia Mountain High School - Academy of Engineering, Medicine and Environm","All Students","Writing Subscore","1380130.","1711","84","17","6.1","6.7","6.6","6.8"
"ACT","Highest","2024-25","644","DeKalb County","1070","Tucker High School","All Students","Composite","1380130.","12390","602","19","19.4","21.5","21.6","22.8"
"ACT","Highest","2024-25","644","DeKalb County","1070","Tucker High School","All Students","English","1380130.","12389","602","19","18.4","20.7","21.2","22.6"
"ACT","Highest","2024-25","644","DeKalb County","1070","Tucker High School","All Students","Mathematics","1380130.","12389","602","19","18.9","20.7","20.4","21.6"
"ACT","Highest","2024-25","644","DeKalb County","1070","Tucker High School","All Students","Reading","1380130.","12389","602","19","20","22.7","22.9","23.3"
"ACT","Highest","2024-25","644","DeKalb County","1070","Tucker High School","All Students","Science","1380130.","12190","590","19","19.6","21.6","21.5","22.9"
"ACT","Highest","2024-25","644","DeKalb County","1070","Tucker High School","All Students","Writing Subscore","1380130.","1711","84","TFS","6.1","6.7","6.6","TFS"
"ACT","Highest","2024-25","644","DeKalb County","2054","Columbia High School","All Students","Composite","1380130.","12390","602","11","19.4","21.5","21.6","16.4"
"ACT","Highest","2024-25","644","DeKalb County","2054","Columbia High School","All Students","English","1380130.","12389","602","11","18.4","20.7","21.2","15.3"
"ACT","Highest","2024-25","644","DeKalb County","2054","Columbia High School","All Students","Mathematics","1380130.","12389","602","11","18.9","20.7","20.4","14.7"
"ACT","Highest","2024-25","644","DeKalb County","2054","Columbia High School","All Students","Reading","1380130.","12389","602","11","20","22.7","22.9","18.9"
"ACT","Highest","2024-25","644","DeKalb County","2054","Columbia High School","All Students","Science","1380130.","12190","590","10","19.6","21.6","21.5","17.3"
"ACT","Highest","2024-25","644","DeKalb County","2054","Columbia High School","All Students","Writing Subscore","1380130.","1711","84","TFS","6.1","6.7","6.6","TFS"
"ACT","Highest","2024-25","644","DeKalb County","2055","Druid Hills High School","All Students","Composite","1380130.","12390","602","45","19.4","21.5","21.6","22.1"
"ACT","Highest","2024-25","644","DeKalb County","2055","Druid Hills High School","All Students","English","1380130.","12389","602","45","18.4","20.7","21.2","22.3"
"ACT","Highest","2024-25","644","DeKalb County","2055","Druid Hills High School","All Students","Mathematics","1380130.","12389","602","45","18.9","20.7","20.4","20"
"ACT","Highest","2024-25","644","DeKalb County","2055","Druid Hills High School","All Students","Reading","1380130.","12389","602","45","20","22.7","22.9","23.9"
"ACT","Highest","2024-25","644","DeKalb County","2055","Druid Hills High School","All Students","Science","1380130.","12190","590","44","19.6","21.6","21.5","21.7"
"ACT","Highest","2024-25","644","DeKalb County","2055","Druid Hills High School","All Students","Writing Subscore","1380130.","1711","84","TFS","6.1","6.7","6.6","TFS"
"ACT","Highest","2024-25","644","DeKalb County","3060","Lakeside High School","All Students","Composite","1380130.","12390","602","57","19.4","21.5","21.6","24.4"
"ACT","Highest","2024-25","644","DeKalb County","3060","Lakeside High School","All Students","English","1380130.","12389","602","57","18.4","20.7","21.2","24.6"
"ACT","Highest","2024-25","644","DeKalb County","3060","Lakeside High School","All Students","Mathematics","1380130.","12389","602","57","18.9","20.7","20.4","23.4"
"ACT","Highest","2024-25","644","DeKalb County","3060","Lakeside High School","All Students","Reading","1380130.","12389","602","57","20","22.7","22.9","25.5"
"ACT","Highest","2024-25","644","DeKalb County","3060","Lakeside High School","All Students","Science","1380130.","12190","590","57","19.6","21.6","21.5","23.6"
"ACT","Highest","2024-25","644","DeKalb County","3060","Lakeside High School","All Students","Writing Subscore","1380130.","1711","84","TFS","6.1","6.7","6.6","TFS"
"ACT","Highest","2024-25","644","DeKalb County","3070","McNair High School","All Students","Composite","1380130.","12390","602","TFS","19.4","21.5","21.6","TFS"
"ACT","Highest","2024-25","644","DeKalb County","3070","McNair High School","All Students","English","1380130.","12389","602","TFS","18.4","20.7","21.2","TFS"
"ACT","Highest","2024-25","644","DeKalb County","3070","McNair High School","All Students","Mathematics","1380130.","12389","602","TFS","18.9","20.7","20.4","TFS"
"ACT","Highest","2024-25","644","DeKalb County","3070","McNair High School","All Students","Reading","1380130.","12389","602","TFS","20","22.7","22.9","TFS"
"ACT","Highest","2024-25","644","DeKalb County","3070","McNair High School","All Students","Science","1380130.","12190","590","TFS","19.6","21.6","21.5","TFS"
"ACT","Highest","2024-25","644","DeKalb County","3070","McNair High School","All Students","Writing Subscore","1380130.","1711","84","TFS","6.1","6.7","6.6","TFS"
"ACT","Highest","2024-25","644","DeKalb County","4053","Clarkston High School","All Students","Composite","1380130.","12390","602","11","19.4","21.5","21.6","16.1"
"ACT","Highest","2024-25","644","DeKalb County","4053","Clarkston High School","All Students","English","1380130.","12389","602","11","18.4","20.7","21.2","14.3"
"ACT","Highest","2024-25","644","DeKalb County","4053","Clarkston High School","All Students","Mathematics","1380130.","12389","602","11","18.9","20.7","20.4","15.5"
"ACT","Highest","2024-25","644","DeKalb County","4053","Clarkston High School","All Students","Reading","1380130.","12389","602","11","20","22.7","22.9","17.9"
"ACT","Highest","2024-25","644","DeKalb County","4053","Clarkston High School","All Students","Science","1380130.","12190","590","11","19.6","21.6","21.5","16.3"
"ACT","Highest","2024-25","644","DeKalb County","4054","Cross Keys High School","All Students","Composite","1380130.","12390","602","TFS","19.4","21.5","21.6","TFS"
"ACT","Highest","2024-25","644","DeKalb County","4054","Cross Keys High School","All Students","English","1380130.","12389","602","TFS","18.4","20.7","21.2","TFS"
"ACT","Highest","2024-25","644","DeKalb County","4054","Cross Keys High School","All Students","Mathematics","1380130.","12389","602","TFS","18.9","20.7","20.4","TFS"
"ACT","Highest","2024-25","644","DeKalb County","4054","Cross Keys High School","All Students","Reading","1380130.","12389","602","TFS","20","22.7","22.9","TFS"
"ACT","Highest","2024-25","644","DeKalb County","4054","Cross Keys High School","All Students","Science","1380130.","12190","590","TFS","19.6","21.6","21.5","TFS"
"ACT","Highest","2024-25","644","DeKalb County","4069","Towers High School","All Students","Composite","1380130.","12390","602","35","19.4","21.5","21.6","16.7"
"ACT","Highest","2024-25","644","DeKalb County","4069","Towers High School","All Students","English","1380130.","12389","602","35","18.4","20.7","21.2","15.3"
"ACT","Highest","2024-25","644","DeKalb County","4069","Towers High School","All Students","Mathematics","1380130.","12389","602","35","18.9","20.7","20.4","16.1"
"ACT","Highest","2024-25","644","DeKalb County","4069","Towers High School","All Students","Reading","1380130.","12389","602","35","20","22.7","22.9","18.5"
"ACT","Highest","2024-25","644","DeKalb County","4069","Towers High School","All Students","Science","1380130.","12190","590","35","19.6","21.6","21.5","16.7"
"ACT","Highest","2024-25","644","DeKalb County","5052","Chamblee High School","All Students","Composite","1380130.","12390","602","80","19.4","21.5","21.6","26.2"
"ACT","Highest","2024-25","644","DeKalb County","5052","Chamblee High School","All Students","English","1380130.","12389","602","80","18.4","20.7","21.2","26.2"
"ACT","Highest","2024-25","644","DeKalb County","5052","Chamblee High School","All Students","Mathematics","1380130.","12389","602","80","18.9","20.7","20.4","25"
"ACT","Highest","2024-25","644","DeKalb County","5052","Chamblee High School","All Students","Reading","1380130.","12389","602","80","20","22.7","22.9","27.3"
"ACT","Highest","2024-25","644","DeKalb County","5052","Chamblee High School","All Students","Science","1380130.","12190","590","80","19.6","21.6","21.5","25.9"
"ACT","Highest","2024-25","644","DeKalb County","5052","Chamblee High School","All Students","Writing Subscore","1380130.","1711","84","TFS","6.1","6.7","6.6","TFS"
"ACT","Highest","2024-25","644","DeKalb County","5055","Dunwoody High School","All Students","Composite","1380130.","12390","602","138","19.4","21.5","21.6","24.6"
"ACT","Highest","2024-25","644","DeKalb County","5055","Dunwoody High School","All Students","English","1380130.","12389","602","138","18.4","20.7","21.2","24.7"
"ACT","Highest","2024-25","644","DeKalb County","5055","Dunwoody High School","All Students","Mathematics","1380130.","12389","602","138","18.9","20.7","20.4","23.1"
"ACT","Highest","2024-25","644","DeKalb County","5055","Dunwoody High School","All Students","Reading","1380130.","12389","602","138","20","22.7","22.9","25.7"
"ACT","Highest","2024-25","644","DeKalb County","5055","Dunwoody High School","All Students","Science","1380130.","12190","590","136","19.6","21.6","21.5","24.4"
"ACT","Highest","2024-25","644","DeKalb County","5055","Dunwoody High School","All Students","Writing Subscore","1380130.","1711","84","TFS","6.1","6.7","6.6","TFS"
"ACT","Highest","2024-25","644","DeKalb County","5067","Southwest DeKalb High School","All Students","Composite","1380130.","12390","602","22","19.4","21.5","21.6","18.5"
"ACT","Highest","2024-25","644","DeKalb County","5067","Southwest DeKalb High School","All Students","English","1380130.","12389","602","22","18.4","20.7","21.2","18.7"
"ACT","Highest","2024-25","644","DeKalb County","5067","Southwest DeKalb High School","All Students","Mathematics","1380130.","12389","602","22","18.9","20.7","20.4","17.7"
"ACT","Highest","2024-25","644","DeKalb County","5067","Southwest DeKalb High School","All Students","Reading","1380130.","12389","602","22","20","22.7","22.9","19.7"
"ACT","Highest","2024-25","644","DeKalb County","5067","Southwest DeKalb High School","All Students","Science","1380130.","12190","590","21","19.6","21.6","21.5","17.9"
"ACT","Highest","2024-25","644","DeKalb County","5067","Southwest DeKalb High School","All Students","Writing Subscore","1380130.","1711","84","TFS","6.1","6.7","6.6","TFS"
"ACT","Highest","2024-25","645","Dodge County","0103","Dodge County High School","All Students","Composite","1380130.","12390","TFS","TFS","19.4","21.5","TFS","TFS"
"ACT","Highest","2024-25","645","Dodge County","0103","Dodge County High School","All Students","English","1380130.","12389","TFS","TFS","18.4","20.7","TFS","TFS"
"ACT","Highest","2024-25","645","Dodge County","0103","Dodge County High School","All Students","Mathematics","1380130.","12389","TFS","TFS","18.9","20.7","TFS","TFS"
"ACT","Highest","2024-25","645","Dodge County","0103","Dodge County High School","All Students","Reading","1380130.","12389","TFS","TFS","20","22.7","TFS","TFS"
"ACT","Highest","2024-25","645","Dodge County","0103","Dodge County High School","All Students","Science","1380130.","12190","TFS","TFS","19.6","21.6","TFS","TFS"
"ACT","Highest","2024-25","645","Dodge County","0103","Dodge County High School","All Students","Writing Subscore","1380130.","1711","TFS","TFS","6.1","6.7","TFS","TFS"
"ACT","Highest","2024-25","646","Dooly County","0182","Dooly County High School","All Students","Composite","1380130.","12390","TFS","TFS","19.4","21.5","TFS","TFS"
"ACT","Highest","2024-25","646","Dooly County","0182","Dooly County High School","All Students","English","1380130.","12389","TFS","TFS","18.4","20.7","TFS","TFS"
"ACT","Highest","2024-25","646","Dooly County","0182","Dooly County High School","All Students","Mathematics","1380130.","12389","TFS","TFS","18.9","20.7","TFS","TFS"
"ACT","Highest","2024-25","646","Dooly County","0182","Dooly County High School","All Students","Reading","1380130.","12389","TFS","TFS","20","22.7","TFS","TFS"
"ACT","Highest","2024-25","646","Dooly County","0182","Dooly County High School","All Students","Science","1380130.","12190","TFS","TFS","19.6","21.6","TFS","TFS"
"ACT","Highest","2024-25","647","Dougherty County","1058","Monroe High School","All Students","Composite","1380130.","12390","21","TFS","19.4","21.5","16","TFS"
"ACT","Highest","2024-25","647","Dougherty County","1058","Monroe High School","All Students","English","1380130.","12389","21","TFS","18.4","20.7","15","TFS"
"ACT","Highest","2024-25","647","Dougherty County","1058","Monroe High School","All Students","Mathematics","1380130.","12389","21","TFS","18.9","20.7","15.6","TFS"
"ACT","Highest","2024-25","647","Dougherty County","1058","Monroe High School","All Students","Reading","1380130.","12389","21","TFS","20","22.7","15.9","TFS"
"ACT","Highest","2024-25","647","Dougherty County","1058","Monroe High School","All Students","Science","1380130.","12190","21","TFS","19.6","21.6","17.1","TFS"
"ACT","Highest","2024-25","647","Dougherty County","1058","Monroe High School","All Students","Writing Subscore","1380130.","1711","TFS","TFS","6.1","6.7","TFS","TFS"
"ACT","Highest","2024-25","647","Dougherty County","2052","Dougherty Comprehensive High School","All Students","Composite","1380130.","12390","21","TFS","19.4","21.5","16","TFS"
"ACT","Highest","2024-25","647","Dougherty County","2052","Dougherty Comprehensive High School","All Students","English","1380130.","12389","21","TFS","18.4","20.7","15","TFS"
"ACT","Highest","2024-25","647","Dougherty County","2052","Dougherty Comprehensive High School","All Students","Mathematics","1380130.","12389","21","TFS","18.9","20.7","15.6","TFS"
"ACT","Highest","2024-25","647","Dougherty County","2052","Dougherty Comprehensive High School","All Students","Reading","1380130.","12389","21","TFS","20","22.7","15.9","TFS"
"ACT","Highest","2024-25","647","Dougherty County","2052","Dougherty Comprehensive High School","All Students","Science","1380130.","12190","21","TFS","19.6","21.6","17.1","TFS"
"ACT","Highest","2024-25","647","Dougherty County","2052","Dougherty Comprehensive High School","All Students","Writing Subscore","1380130.","1711","TFS","TFS","6.1","6.7","TFS","TFS"
"ACT","Highest","2024-25","647","Dougherty County","4062","Westover High School","All Students","Composite","1380130.","12390","21","11","19.4","21.5","16","17"
"ACT","Highest","2024-25","647","Dougherty County","4062","Westover High School","All Students","English","1380130.","12389","21","11","18.4","20.7","15","16.2"
"ACT","Highest","2024-25","647","Dougherty County","4062","Westover High School","All Students","Mathematics","1380130.","12389","21","11","18.9","20.7","15.6","16"
"ACT","Highest","2024-25","647","Dougherty County","4062","Westover High School","All Students","Reading","1380130.","12389","21","11","20","22.7","15.9","17.7"
"ACT","Highest","2024-25","647","Dougherty County","4062","Westover High School","All Students","Science","1380130.","12190","21","11","19.6","21.6","17.1","17.9"
"ACT","Highest","2024-25","647","Dougherty County","4062","Westover High School","All Students","Writing Subscore","1380130.","1711","TFS","TFS","6.1","6.7","TFS","TFS"
"ACT","Highest","2024-25","648","Douglas County","0100","Chapel Hill High School","All Students","Composite","1380130.","12390","230","45","19.4","21.5","18.7","19.6"
"ACT","Highest","2024-25","648","Douglas County","0100","Chapel Hill High School","All Students","English","1380130.","12389","230","45","18.4","20.7","18.1","18.4"
"ACT","Highest","2024-25","648","Douglas County","0100","Chapel Hill High School","All Students","Mathematics","1380130.","12389","230","45","18.9","20.7","17.5","18.1"
"ACT","Highest","2024-25","648","Douglas County","0100","Chapel Hill High School","All Students","Reading","1380130.","12389","230","45","20","22.7","20.1","21.7"
"ACT","Highest","2024-25","648","Douglas County","0100","Chapel Hill High School","All Students","Science","1380130.","12190","223","45","19.6","21.6","18.5","19.6"
"ACT","Highest","2024-25","648","Douglas County","0100","Chapel Hill High School","All Students","Writing Subscore","1380130.","1711","26","TFS","6.1","6.7","6.8","TFS"
"ACT","Highest","2024-25","648","Douglas County","0175","Lithia Springs Comprehensive High School","All Students","Composite","1380130.","12390","230","16","19.4","21.5","18.7","17.9"
"ACT","Highest","2024-25","648","Douglas County","0175","Lithia Springs Comprehensive High School","All Students","English","1380130.","12389","230","16","18.4","20.7","18.1","17.4"
"ACT","Highest","2024-25","648","Douglas County","0175","Lithia Springs Comprehensive High School","All Students","Mathematics","1380130.","12389","230","16","18.9","20.7","17.5","17.1"
"ACT","Highest","2024-25","648","Douglas County","0175","Lithia Springs Comprehensive High School","All Students","Reading","1380130.","12389","230","16","20","22.7","20.1","18.3"
"ACT","Highest","2024-25","648","Douglas County","0175","Lithia Springs Comprehensive High School","All Students","Science","1380130.","12190","223","15","19.6","21.6","18.5","18.7"
"ACT","Highest","2024-25","648","Douglas County","0175","Lithia Springs Comprehensive High School","All Students","Writing Subscore","1380130.","1711","26","TFS","6.1","6.7","6.8","TFS"
"ACT","Highest","2024-25","648","Douglas County","0187","Alexander High School","All Students","Composite","1380130.","12390","230","67","19.4","21.5","18.7","19.3"
"ACT","Highest","2024-25","648","Douglas County","0187","Alexander High School","All Students","English","1380130.","12389","230","67","18.4","20.7","18.1","18.8"
"ACT","Highest","2024-25","648","Douglas County","0187","Alexander High School","All Students","Mathematics","1380130.","12389","230","67","18.9","20.7","17.5","18"
"ACT","Highest","2024-25","648","Douglas County","0187","Alexander High School","All Students","Reading","1380130.","12389","230","67","20","22.7","20.1","21.2"
"ACT","Highest","2024-25","648","Douglas County","0187","Alexander High School","All Students","Science","1380130.","12190","223","62","19.6","21.6","18.5","18.8"
"ACT","Highest","2024-25","648","Douglas County","0187","Alexander High School","All Students","Writing Subscore","1380130.","1711","26","TFS","6.1","6.7","6.8","TFS"
"ACT","Highest","2024-25","648","Douglas County","0212","New Manchester High School","All Students","Composite","1380130.","12390","230","58","19.4","21.5","18.7","18.3"
"ACT","Highest","2024-25","648","Douglas County","0212","New Manchester High School","All Students","English","1380130.","12389","230","58","18.4","20.7","18.1","18.4"
"ACT","Highest","2024-25","648","Douglas County","0212","New Manchester High School","All Students","Mathematics","1380130.","12389","230","58","18.9","20.7","17.5","17.1"
"ACT","Highest","2024-25","648","Douglas County","0212","New Manchester High School","All Students","Reading","1380130.","12389","230","58","20","22.7","20.1","19.5"
"ACT","Highest","2024-25","648","Douglas County","0212","New Manchester High School","All Students","Science","1380130.","12190","223","57","19.6","21.6","18.5","18"
"ACT","Highest","2024-25","648","Douglas County","0212","New Manchester High School","All Students","Writing Subscore","1380130.","1711","26","TFS","6.1","6.7","6.8","TFS"
"ACT","Highest","2024-25","648","Douglas County","4050","Douglas County High School","All Students","Composite","1380130.","12390","230","44","19.4","21.5","18.7","17.6"
"ACT","Highest","2024-25","648","Douglas County","4050","Douglas County High School","All Students","English","1380130.","12389","230","44","18.4","20.7","18.1","16.6"
"ACT","Highest","2024-25","648","Douglas County","4050","Douglas County High School","All Students","Mathematics","1380130.","12389","230","44","18.9","20.7","17.5","17"
"ACT","Highest","2024-25","648","Douglas County","4050","Douglas County High School","All Students","Reading","1380130.","12389","230","44","20","22.7","20.1","18.5"
"ACT","Highest","2024-25","648","Douglas County","4050","Douglas County High School","All Students","Science","1380130.","12190","223","44","19.6","21.6","18.5","17.7"
"ACT","Highest","2024-25","648","Douglas County","4050","Douglas County High School","All Students","Writing Subscore","1380130.","1711","26","TFS","6.1","6.7","6.8","TFS"
"ACT","Highest","2024-25","649","Early County","2050","Early County High School","All Students","Composite","1380130.","12390","TFS","TFS","19.4","21.5","TFS","TFS"
"ACT","Highest","2024-25","649","Early County","2050","Early County High School","All Students","English","1380130.","12389","TFS","TFS","18.4","20.7","TFS","TFS"
"ACT","Highest","2024-25","649","Early County","2050","Early County High School","All Students","Mathematics","1380130.","12389","TFS","TFS","18.9","20.7","TFS","TFS"
"ACT","Highest","2024-25","649","Early County","2050","Early County High School","All Students","Reading","1380130.","12389","TFS","TFS","20","22.7","TFS","TFS"
"ACT","Highest","2024-25","649","Early County","2050","Early County High School","All Students","Science","1380130.","12190","TFS","TFS","19.6","21.6","TFS","TFS"
"ACT","Highest","2024-25","651","Effingham County","0197","South Effingham High School","All Students","Composite","1380130.","12390","48","30","19.4","21.5","20.8","20.3"
"ACT","Highest","2024-25","651","Effingham County","0197","South Effingham High School","All Students","English","1380130.","12389","48","30","18.4","20.7","19.2","18.9"
"ACT","Highest","2024-25","651","Effingham County","0197","South Effingham High School","All Students","Mathematics","1380130.","12389","48","30","18.9","20.7","20.4","19.8"
"ACT","Highest","2024-25","651","Effingham County","0197","South Effingham High School","All Students","Reading","1380130.","12389","48","30","20","22.7","21.8","21.3"
"ACT","Highest","2024-25","651","Effingham County","0197","South Effingham High School","All Students","Science","1380130.","12190","48","30","19.6","21.6","21.1","20.6"
"ACT","Highest","2024-25","651","Effingham County","0197","South Effingham High School","All Students","Writing Subscore","1380130.","1711","TFS","TFS","6.1","6.7","TFS","TFS"
"ACT","Highest","2024-25","651","Effingham County","0390","Effingham County High School","All Students","Composite","1380130.","12390","48","18","19.4","21.5","20.8","21.6"
"ACT","Highest","2024-25","651","Effingham County","0390","Effingham County High School","All Students","English","1380130.","12389","48","18","18.4","20.7","19.2","19.6"
"ACT","Highest","2024-25","651","Effingham County","0390","Effingham County High School","All Students","Mathematics","1380130.","12389","48","18","18.9","20.7","20.4","21.3"
"ACT","Highest","2024-25","651","Effingham County","0390","Effingham County High School","All Students","Reading","1380130.","12389","48","18","20","22.7","21.8","22.8"
"ACT","Highest","2024-25","651","Effingham County","0390","Effingham County High School","All Students","Science","1380130.","12190","48","18","19.6","21.6","21.1","21.9"
"ACT","Highest","2024-25","651","Effingham County","0390","Effingham County High School","All Students","Writing Subscore","1380130.","1711","TFS","TFS","6.1","6.7","TFS","TFS"
"ACT","Highest","2024-25","652","Elbert County","0176","Elbert County High School","All Students","Composite","1380130.","12390","TFS","TFS","19.4","21.5","TFS","TFS"
"ACT","Highest","2024-25","652","Elbert County","0176","Elbert County High School","All Students","English","1380130.","12389","TFS","TFS","18.4","20.7","TFS","TFS"
"ACT","Highest","2024-25","652","Elbert County","0176","Elbert County High School","All Students","Mathematics","1380130.","12389","TFS","TFS","18.9","20.7","TFS","TFS"
"ACT","Highest","2024-25","652","Elbert County","0176","Elbert County High School","All Students","Reading","1380130.","12389","TFS","TFS","20","22.7","TFS","TFS"
"ACT","Highest","2024-25","652","Elbert County","0176","Elbert County High School","All Students","Science","1380130.","12190","TFS","TFS","19.6","21.6","TFS","TFS"
"ACT","Highest","2024-25","653","Emanuel County","0189","Swainsboro High School","All Students","Composite","1380130.","12390","TFS","TFS","19.4","21.5","TFS","TFS"
"ACT","Highest","2024-25","653","Emanuel County","0189","Swainsboro High School","All Students","English","1380130.","12389","TFS","TFS","18.4","20.7","TFS","TFS"
"ACT","Highest","2024-25","653","Emanuel County","0189","Swainsboro High School","All Students","Mathematics","1380130.","12389","TFS","TFS","18.9","20.7","TFS","TFS"
"ACT","Highest","2024-25","653","Emanuel County","0189","Swainsboro High School","All Students","Reading","1380130.","12389","TFS","TFS","20","22.7","TFS","TFS"
"ACT","Highest","2024-25","653","Emanuel County","0189","Swainsboro High School","All Students","Science","1380130.","12190","TFS","TFS","19.6","21.6","TFS","TFS"
"ACT","Highest","2024-25","653","Emanuel County","0189","Swainsboro High School","All Students","Writing Subscore","1380130.","1711","TFS","TFS","6.1","6.7","TFS","TFS"
"ACT","Highest","2024-25","653","Emanuel County","2050","Emanuel County Institute","All Students","Composite","1380130.","12390","TFS","TFS","19.4","21.5","TFS","TFS"
"ACT","Highest","2024-25","653","Emanuel County","2050","Emanuel County Institute","All Students","English","1380130.","12389","TFS","TFS","18.4","20.7","TFS","TFS"
"ACT","Highest","2024-25","653","Emanuel County","2050","Emanuel County Institute","All Students","Mathematics","1380130.","12389","TFS","TFS","18.9","20.7","TFS","TFS"
"ACT","Highest","2024-25","653","Emanuel County","2050","Emanuel County Institute","All Students","Reading","1380130.","12389","TFS","TFS","20","22.7","TFS","TFS"
"ACT","Highest","2024-25","653","Emanuel County","2050","Emanuel County Institute","All Students","Science","1380130.","12190","TFS","TFS","19.6","21.6","TFS","TFS"
"ACT","Highest","2024-25","654","Evans County","2050","Claxton High School","All Students","Composite","1380130.","12390","TFS","TFS","19.4","21.5","TFS","TFS"
"ACT","Highest","2024-25","654","Evans County","2050","Claxton High School","All Students","English","1380130.","12389","TFS","TFS","18.4","20.7","TFS","TFS"
"ACT","Highest","2024-25","654","Evans County","2050","Claxton High School","All Students","Mathematics","1380130.","12389","TFS","TFS","18.9","20.7","TFS","TFS"
"ACT","Highest","2024-25","654","Evans County","2050","Claxton High School","All Students","Reading","1380130.","12389","TFS","TFS","20","22.7","TFS","TFS"
"ACT","Highest","2024-25","654","Evans County","2050","Claxton High School","All Students","Science","1380130.","12190","TFS","TFS","19.6","21.6","TFS","TFS"
"ACT","Highest","2024-25","654","Evans County","2050","Claxton High School","All Students","Writing Subscore","1380130.","1711","TFS","TFS","6.1","6.7","TFS","TFS"
"ACT","Highest","2024-25","655","Fannin County","0176","Fannin County High School","All Students","Composite","1380130.","12390","10","10","19.4","21.5","19.8","19.8"
"ACT","Highest","2024-25","655","Fannin County","0176","Fannin County High School","All Students","English","1380130.","12389","10","10","18.4","20.7","18.5","18.5"
"ACT","Highest","2024-25","655","Fannin County","0176","Fannin County High School","All Students","Mathematics","1380130.","12389","10","10","18.9","20.7","18.6","18.6"
"ACT","Highest","2024-25","655","Fannin County","0176","Fannin County High School","All Students","Reading","1380130.","12389","10","10","20","22.7","22.6","22.6"
"ACT","Highest","2024-25","655","Fannin County","0176","Fannin County High School","All Students","Science","1380130.","12190","TFS","TFS","19.6","21.6","TFS","TFS"
"ACT","Highest","2024-25","655","Fannin County","0176","Fannin County High School","All Students","Writing Subscore","1380130.","1711","TFS","TFS","6.1","6.7","TFS","TFS"
"ACT","Highest","2024-25","656","Fayette County","0105","Whitewater High School","All Students","Composite","1380130.","12390","344","71","19.4","21.5","23","21.5"
"ACT","Highest","2024-25","656","Fayette County","0105","Whitewater High School","All Students","English","1380130.","12389","344","71","18.4","20.7","22.1","20.4"
"ACT","Highest","2024-25","656","Fayette County","0105","Whitewater High School","All Students","Mathematics","1380130.","12389","344","71","18.9","20.7","22.9","21.4"
"ACT","Highest","2024-25","656","Fayette County","0105","Whitewater High School","All Students","Reading","1380130.","12389","344","71","20","22.7","23.7","22.5"
"ACT","Highest","2024-25","656","Fayette County","0105","Whitewater High School","All Students","Science","1380130.","12190","342","70","19.6","21.6","22.9","21.7"
"ACT","Highest","2024-25","656","Fayette County","0105","Whitewater High School","All Students","Writing Subscore","1380130.","1711","36","12","6.1","6.7","6.8","6.6"
"ACT","Highest","2024-25","656","Fayette County","0182","McIntosh High School","All Students","Composite","1380130.","12390","344","102","19.4","21.5","23","24.3"
"ACT","Highest","2024-25","656","Fayette County","0182","McIntosh High School","All Students","English","1380130.","12389","344","102","18.4","20.7","22.1","23.6"
"ACT","Highest","2024-25","656","Fayette County","0182","McIntosh High School","All Students","Mathematics","1380130.","12389","344","102","18.9","20.7","22.9","24.4"
"ACT","Highest","2024-25","656","Fayette County","0182","McIntosh High School","All Students","Reading","1380130.","12389","344","102","20","22.7","23.7","24.9"
"ACT","Highest","2024-25","656","Fayette County","0182","McIntosh High School","All Students","Science","1380130.","12190","342","102","19.6","21.6","22.9","24"
"ACT","Highest","2024-25","656","Fayette County","0182","McIntosh High School","All Students","Writing Subscore","1380130.","1711","36","TFS","6.1","6.7","6.8","TFS"
"ACT","Highest","2024-25","656","Fayette County","0192","Sandy Creek High School","All Students","Composite","1380130.","12390","344","40","19.4","21.5","23","19.9"
"ACT","Highest","2024-25","656","Fayette County","0192","Sandy Creek High School","All Students","English","1380130.","12389","344","40","18.4","20.7","22.1","18.5"
"ACT","Highest","2024-25","656","Fayette County","0192","Sandy Creek High School","All Students","Mathematics","1380130.","12389","344","40","18.9","20.7","22.9","19.1"
"ACT","Highest","2024-25","656","Fayette County","0192","Sandy Creek High School","All Students","Reading","1380130.","12389","344","40","20","22.7","23.7","20.9"
"ACT","Highest","2024-25","656","Fayette County","0192","Sandy Creek High School","All Students","Science","1380130.","12190","342","40","19.6","21.6","22.9","20.5"
"ACT","Highest","2024-25","656","Fayette County","0192","Sandy Creek High School","All Students","Writing Subscore","1380130.","1711","36","TFS","6.1","6.7","6.8","TFS"
"ACT","Highest","2024-25","656","Fayette County","0198","Starrs Mill High School","All Students","Composite","1380130.","12390","344","98","19.4","21.5","23","24.9"
"ACT","Highest","2024-25","656","Fayette County","0198","Starrs Mill High School","All Students","English","1380130.","12389","344","98","18.4","20.7","22.1","24.5"
"ACT","Highest","2024-25","656","Fayette County","0198","Starrs Mill High School","All Students","Mathematics","1380130.","12389","344","98","18.9","20.7","22.9","24.9"
"ACT","Highest","2024-25","656","Fayette County","0198","Starrs Mill High School","All Students","Reading","1380130.","12389","344","98","20","22.7","23.7","25.1"
"ACT","Highest","2024-25","656","Fayette County","0198","Starrs Mill High School","All Students","Science","1380130.","12190","342","98","19.6","21.6","22.9","24.5"
"ACT","Highest","2024-25","656","Fayette County","0198","Starrs Mill High School","All Students","Writing Subscore","1380130.","1711","36","TFS","6.1","6.7","6.8","TFS"
"ACT","Highest","2024-25","656","Fayette County","0398","Fayette County High School","All Students","Composite","1380130.","12390","344","33","19.4","21.5","23","20.2"
"ACT","Highest","2024-25","656","Fayette County","0398","Fayette County High School","All Students","English","1380130.","12389","344","33","18.4","20.7","22.1","18.3"
"ACT","Highest","2024-25","656","Fayette County","0398","Fayette County High School","All Students","Mathematics","1380130.","12389","344","33","18.9","20.7","22.9","19.8"
"ACT","Highest","2024-25","656","Fayette County","0398","Fayette County High School","All Students","Reading","1380130.","12389","344","33","20","22.7","23.7","21.8"
"ACT","Highest","2024-25","656","Fayette County","0398","Fayette County High School","All Students","Science","1380130.","12190","342","32","19.6","21.6","22.9","20.2"
"ACT","Highest","2024-25","656","Fayette County","0398","Fayette County High School","All Students","Writing Subscore","1380130.","1711","36","TFS","6.1","6.7","6.8","TFS"
"ACT","Highest","2024-25","657","Floyd County","0107","Pepperell High School","All Students","Composite","1380130.","12390","85","28","19.4","21.5","20.6","19.8"
"ACT","Highest","2024-25","657","Floyd County","0107","Pepperell High School","All Students","English","1380130.","12389","85","28","18.4","20.7","19.8","18.3"
"ACT","Highest","2024-25","657","Floyd County","0107","Pepperell High School","All Students","Mathematics","1380130.","12389","85","28","18.9","20.7","19.7","19.4"
"ACT","Highest","2024-25","657","Floyd County","0107","Pepperell High School","All Students","Reading","1380130.","12389","85","28","20","22.7","22.1","21.3"
"ACT","Highest","2024-25","657","Floyd County","0107","Pepperell High School","All Students","Science","1380130.","12190","82","26","19.6","21.6","20.4","19.8"
"ACT","Highest","2024-25","657","Floyd County","0107","Pepperell High School","All Students","Writing Subscore","1380130.","1711","13","TFS","6.1","6.7","7.6","TFS"
"ACT","Highest","2024-25","657","Floyd County","0111","Model High","All Students","Composite","1380130.","12390","85","26","19.4","21.5","20.6","20.7"
"ACT","Highest","2024-25","657","Floyd County","0111","Model High","All Students","English","1380130.","12389","85","26","18.4","20.7","19.8","19.8"
"ACT","Highest","2024-25","657","Floyd County","0111","Model High","All Students","Mathematics","1380130.","12389","85","26","18.9","20.7","19.7","20.2"
"ACT","Highest","2024-25","657","Floyd County","0111","Model High","All Students","Reading","1380130.","12389","85","26","20","22.7","22.1","21.2"
"ACT","Highest","2024-25","657","Floyd County","0111","Model High","All Students","Science","1380130.","12190","82","26","19.6","21.6","20.4","20.8"
"ACT","Highest","2024-25","657","Floyd County","0111","Model High","All Students","Writing Subscore","1380130.","1711","13","TFS","6.1","6.7","7.6","TFS"
"ACT","Highest","2024-25","657","Floyd County","0401","Armuchee High School","All Students","Composite","1380130.","12390","85","26","19.4","21.5","20.6","21.5"
"ACT","Highest","2024-25","657","Floyd County","0401","Armuchee High School","All Students","English","1380130.","12389","85","26","18.4","20.7","19.8","21.3"
"ACT","Highest","2024-25","657","Floyd County","0401","Armuchee High School","All Students","Mathematics","1380130.","12389","85","26","18.9","20.7","19.7","20.2"
"ACT","Highest","2024-25","657","Floyd County","0401","Armuchee High School","All Students","Reading","1380130.","12389","85","26","20","22.7","22.1","23.3"
"ACT","Highest","2024-25","657","Floyd County","0401","Armuchee High School","All Students","Science","1380130.","12190","82","26","19.6","21.6","20.4","20.7"
"ACT","Highest","2024-25","657","Floyd County","0401","Armuchee High School","All Students","Writing Subscore","1380130.","1711","13","TFS","6.1","6.7","7.6","TFS"
"ACT","Highest","2024-25","657","Floyd County","5050","Coosa High School","All Students","Composite","1380130.","12390","85","TFS","19.4","21.5","20.6","TFS"
"ACT","Highest","2024-25","657","Floyd County","5050","Coosa High School","All Students","English","1380130.","12389","85","TFS","18.4","20.7","19.8","TFS"
"ACT","Highest","2024-25","657","Floyd County","5050","Coosa High School","All Students","Mathematics","1380130.","12389","85","TFS","18.9","20.7","19.7","TFS"
"ACT","Highest","2024-25","657","Floyd County","5050","Coosa High School","All Students","Reading","1380130.","12389","85","TFS","20","22.7","22.1","TFS"
"ACT","Highest","2024-25","657","Floyd County","5050","Coosa High School","All Students","Science","1380130.","12190","82","TFS","19.6","21.6","20.4","TFS"
"ACT","Highest","2024-25","657","Floyd County","5050","Coosa High School","All Students","Writing Subscore","1380130.","1711","13","TFS","6.1","6.7","7.6","TFS"
"ACT","Highest","2024-25","658","Forsyth County","0107","West Forsyth High School","All Students","Composite","1380130.","12390","990","165","19.4","21.5","24.5","23.1"
"ACT","Highest","2024-25","658","Forsyth County","0107","West Forsyth High School","All Students","English","1380130.","12389","990","165","18.4","20.7","24","22.4"
"ACT","Highest","2024-25","658","Forsyth County","0107","West Forsyth High School","All Students","Mathematics","1380130.","12389","990","165","18.9","20.7","24","22.5"
"ACT","Highest","2024-25","658","Forsyth County","0107","West Forsyth High School","All Students","Reading","1380130.","12389","990","165","20","22.7","25.2","24.2"
"ACT","Highest","2024-25","658","Forsyth County","0107","West Forsyth High School","All Students","Science","1380130.","12190","988","164","19.6","21.6","24.3","22.9"
"ACT","Highest","2024-25","658","Forsyth County","0107","West Forsyth High School","All Students","Writing Subscore","1380130.","1711","89","15","6.1","6.7","7.1","6.8"
"ACT","Highest","2024-25","658","Forsyth County","0190","South Forsyth High School","All Students","Composite","1380130.","12390","990","173","19.4","21.5","24.5","25.2"
"ACT","Highest","2024-25","658","Forsyth County","0190","South Forsyth High School","All Students","English","1380130.","12389","990","173","18.4","20.7","24","24.8"
"ACT","Highest","2024-25","658","Forsyth County","0190","South Forsyth High School","All Students","Mathematics","1380130.","12389","990","173","18.9","20.7","24","24.3"
"ACT","Highest","2024-25","658","Forsyth County","0190","South Forsyth High School","All Students","Reading","1380130.","12389","990","173","20","22.7","25.2","26.3"
"ACT","Highest","2024-25","658","Forsyth County","0190","South Forsyth High School","All Students","Science","1380130.","12190","988","172","19.6","21.6","24.3","24.9"
"ACT","Highest","2024-25","658","Forsyth County","0190","South Forsyth High School","All Students","Writing Subscore","1380130.","1711","89","12","6.1","6.7","7.1","7.8"
"ACT","Highest","2024-25","658","Forsyth County","0195","North Forsyth High School","All Students","Composite","1380130.","12390","990","96","19.4","21.5","24.5","21.6"
"ACT","Highest","2024-25","658","Forsyth County","0195","North Forsyth High School","All Students","English","1380130.","12389","990","96","18.4","20.7","24","20.6"
"ACT","Highest","2024-25","658","Forsyth County","0195","North Forsyth High School","All Students","Mathematics","1380130.","12389","990","96","18.9","20.7","24","21"
"ACT","Highest","2024-25","658","Forsyth County","0195","North Forsyth High School","All Students","Reading","1380130.","12389","990","96","20","22.7","25.2","22.3"
"ACT","Highest","2024-25","658","Forsyth County","0195","North Forsyth High School","All Students","Science","1380130.","12190","988","96","19.6","21.6","24.3","22"
"ACT","Highest","2024-25","658","Forsyth County","0195","North Forsyth High School","All Students","Writing Subscore","1380130.","1711","89","15","6.1","6.7","7.1","7.4"
"ACT","Highest","2024-25","658","Forsyth County","0214","Lambert High School","All Students","Composite","1380130.","12390","990","232","19.4","21.5","24.5","25.5"
"ACT","Highest","2024-25","658","Forsyth County","0214","Lambert High School","All Students","English","1380130.","12389","990","232","18.4","20.7","24","25.6"
"ACT","Highest","2024-25","658","Forsyth County","0214","Lambert High School","All Students","Mathematics","1380130.","12389","990","232","18.9","20.7","24","25.6"
"ACT","Highest","2024-25","658","Forsyth County","0214","Lambert High School","All Students","Reading","1380130.","12389","990","232","20","22.7","25.2","25.5"
"ACT","Highest","2024-25","658","Forsyth County","0214","Lambert High School","All Students","Science","1380130.","12190","988","232","19.6","21.6","24.3","24.8"
"ACT","Highest","2024-25","658","Forsyth County","0214","Lambert High School","All Students","Writing Subscore","1380130.","1711","89","16","6.1","6.7","7.1","6.8"
"ACT","Highest","2024-25","658","Forsyth County","0219","Forsyth Virtual Academy","All Students","Composite","1380130.","12390","990","TFS","19.4","21.5","24.5","TFS"
"ACT","Highest","2024-25","658","Forsyth County","0219","Forsyth Virtual Academy","All Students","English","1380130.","12389","990","TFS","18.4","20.7","24","TFS"
"ACT","Highest","2024-25","658","Forsyth County","0219","Forsyth Virtual Academy","All Students","Mathematics","1380130.","12389","990","TFS","18.9","20.7","24","TFS"
"ACT","Highest","2024-25","658","Forsyth County","0219","Forsyth Virtual Academy","All Students","Reading","1380130.","12389","990","TFS","20","22.7","25.2","TFS"
"ACT","Highest","2024-25","658","Forsyth County","0219","Forsyth Virtual Academy","All Students","Science","1380130.","12190","988","TFS","19.6","21.6","24.3","TFS"
"ACT","Highest","2024-25","658","Forsyth County","0701","Alliance Academy for Innovation","All Students","Composite","1380130.","12390","990","56","19.4","21.5","24.5","26.7"
"ACT","Highest","2024-25","658","Forsyth County","0701","Alliance Academy for Innovation","All Students","English","1380130.","12389","990","56","18.4","20.7","24","26.8"
"ACT","Highest","2024-25","658","Forsyth County","0701","Alliance Academy for Innovation","All Students","Mathematics","1380130.","12389","990","56","18.9","20.7","24","26.2"
"ACT","Highest","2024-25","658","Forsyth County","0701","Alliance Academy for Innovation","All Students","Reading","1380130.","12389","990","56","20","22.7","25.2","27.2"
"ACT","Highest","2024-25","658","Forsyth County","0701","Alliance Academy for Innovation","All Students","Science","1380130.","12190","988","56","19.6","21.6","24.3","26.3"
"ACT","Highest","2024-25","658","Forsyth County","0701","Alliance Academy for Innovation","All Students","Writing Subscore","1380130.","1711","89","TFS","6.1","6.7","7.1","TFS"
"ACT","Highest","2024-25","658","Forsyth County","0702","Denmark High School","All Students","Composite","1380130.","12390","990","114","19.4","21.5","24.5","25.2"
"ACT","Highest","2024-25","658","Forsyth County","0702","Denmark High School","All Students","English","1380130.","12389","990","114","18.4","20.7","24","24.7"
"ACT","Highest","2024-25","658","Forsyth County","0702","Denmark High School","All Students","Mathematics","1380130.","12389","990","114","18.9","20.7","24","24.6"
"ACT","Highest","2024-25","658","Forsyth County","0702","Denmark High School","All Students","Reading","1380130.","12389","990","114","20","22.7","25.2","25.9"
"ACT","Highest","2024-25","658","Forsyth County","0702","Denmark High School","All Students","Science","1380130.","12190","988","114","19.6","21.6","24.3","25.1"
"ACT","Highest","2024-25","658","Forsyth County","0702","Denmark High School","All Students","Writing Subscore","1380130.","1711","89","TFS","6.1","6.7","7.1","TFS"
"ACT","Highest","2024-25","658","Forsyth County","0704","East Forsyth High School","All Students","Composite","1380130.","12390","990","49","19.4","21.5","24.5","22.7"
"ACT","Highest","2024-25","658","Forsyth County","0704","East Forsyth High School","All Students","English","1380130.","12389","990","49","18.4","20.7","24","21.6"
"ACT","Highest","2024-25","658","Forsyth County","0704","East Forsyth High School","All Students","Mathematics","1380130.","12389","990","49","18.9","20.7","24","21.4"
"ACT","Highest","2024-25","658","Forsyth County","0704","East Forsyth High School","All Students","Reading","1380130.","12389","990","49","20","22.7","25.2","24"
"ACT","Highest","2024-25","658","Forsyth County","0704","East Forsyth High School","All Students","Science","1380130.","12190","988","49","19.6","21.6","24.3","22.5"
"ACT","Highest","2024-25","658","Forsyth County","0704","East Forsyth High School","All Students","Writing Subscore","1380130.","1711","89","TFS","6.1","6.7","7.1","TFS"
"ACT","Highest","2024-25","658","Forsyth County","5050","Forsyth Central High School","All Students","Composite","1380130.","12390","990","104","19.4","21.5","24.5","25.1"
"ACT","Highest","2024-25","658","Forsyth County","5050","Forsyth Central High School","All Students","English","1380130.","12389","990","104","18.4","20.7","24","24.3"
"ACT","Highest","2024-25","658","Forsyth County","5050","Forsyth Central High School","All Students","Mathematics","1380130.","12389","990","104","18.9","20.7","24","24"
"ACT","Highest","2024-25","658","Forsyth County","5050","Forsyth Central High School","All Students","Reading","1380130.","12389","990","104","20","22.7","25.2","26.1"
"ACT","Highest","2024-25","658","Forsyth County","5050","Forsyth Central High School","All Students","Science","1380130.","12190","988","104","19.6","21.6","24.3","25.2"
"ACT","Highest","2024-25","658","Forsyth County","5050","Forsyth Central High School","All Students","Writing Subscore","1380130.","1711","89","11","6.1","6.7","7.1","7.2"
"ACT","Highest","2024-25","659","Franklin County","3050","Franklin County High School","All Students","Composite","1380130.","12390","13","13","19.4","21.5","20.7","20.7"
"ACT","Highest","2024-25","659","Franklin County","3050","Franklin County High School","All Students","English","1380130.","12389","13","13","18.4","20.7","18.8","18.8"
"ACT","Highest","2024-25","659","Franklin County","3050","Franklin County High School","All Students","Mathematics","1380130.","12389","13","13","18.9","20.7","20.1","20.1"
"ACT","Highest","2024-25","659","Franklin County","3050","Franklin County High School","All Students","Reading","1380130.","12389","13","13","20","22.7","22.1","22.1"
"ACT","Highest","2024-25","659","Franklin County","3050","Franklin County High School","All Students","Science","1380130.","12190","13","13","19.6","21.6","21.5","21.5"
"ACT","Highest","2024-25","659","Franklin County","3050","Franklin County High School","All Students","Writing Subscore","1380130.","1711","TFS","TFS","6.1","6.7","TFS","TFS"
"ACT","Highest","2024-25","660","Fulton County","0106","Milton High School","All Students","Composite","1380130.","12390","1303","140","19.4","21.5","24","24.8"
"ACT","Highest","2024-25","660","Fulton County","0106","Milton High School","All Students","English","1380130.","12389","1302","140","18.4","20.7","23.9","25"
"ACT","Highest","2024-25","660","Fulton County","0106","Milton High School","All Students","Mathematics","1380130.","12389","1302","140","18.9","20.7","22.9","23.5"
"ACT","Highest","2024-25","660","Fulton County","0106","Milton High School","All Students","Reading","1380130.","12389","1302","140","20","22.7","25.1","25.6"
"ACT","Highest","2024-25","660","Fulton County","0106","Milton High School","All Students","Science","1380130.","12190","1287","140","19.6","21.6","23.7","24.6"
"ACT","Highest","2024-25","660","Fulton County","0106","Milton High School","All Students","Writing Subscore","1380130.","1711","96","10","6.1","6.7","7.2","6.4"
"ACT","Highest","2024-25","660","Fulton County","0118","Hapeville Charter Career Academy","All Students","Composite","1380130.","12390","1303","TFS","19.4","21.5","24","TFS"
"ACT","Highest","2024-25","660","Fulton County","0118","Hapeville Charter Career Academy","All Students","English","1380130.","12389","1302","TFS","18.4","20.7","23.9","TFS"
"ACT","Highest","2024-25","660","Fulton County","0118","Hapeville Charter Career Academy","All Students","Mathematics","1380130.","12389","1302","TFS","18.9","20.7","22.9","TFS"
"ACT","Highest","2024-25","660","Fulton County","0118","Hapeville Charter Career Academy","All Students","Reading","1380130.","12389","1302","TFS","20","22.7","25.1","TFS"
"ACT","Highest","2024-25","660","Fulton County","0118","Hapeville Charter Career Academy","All Students","Science","1380130.","12190","1287","TFS","19.6","21.6","23.7","TFS"
"ACT","Highest","2024-25","660","Fulton County","0118","Hapeville Charter Career Academy","All Students","Writing Subscore","1380130.","1711","96","TFS","6.1","6.7","7.2","TFS"
"ACT","Highest","2024-25","660","Fulton County","0119","Cambridge High School","All Students","Composite","1380130.","12390","1303","107","19.4","21.5","24","24.9"
"ACT","Highest","2024-25","660","Fulton County","0119","Cambridge High School","All Students","English","1380130.","12389","1302","107","18.4","20.7","23.9","25"
"ACT","Highest","2024-25","660","Fulton County","0119","Cambridge High School","All Students","Mathematics","1380130.","12389","1302","107","18.9","20.7","22.9","23.4"
"ACT","Highest","2024-25","660","Fulton County","0119","Cambridge High School","All Students","Reading","1380130.","12389","1302","107","20","22.7","25.1","26.3"
"ACT","Highest","2024-25","660","Fulton County","0119","Cambridge High School","All Students","Science","1380130.","12190","1287","106","19.6","21.6","23.7","24.8"
"ACT","Highest","2024-25","660","Fulton County","0119","Cambridge High School","All Students","Writing Subscore","1380130.","1711","96","TFS","6.1","6.7","7.2","TFS"
"ACT","Highest","2024-25","660","Fulton County","0176","Banneker High School","All Students","Composite","1380130.","12390","1303","16","19.4","21.5","24","17.3"
"ACT","Highest","2024-25","660","Fulton County","0176","Banneker High School","All Students","English","1380130.","12389","1302","16","18.4","20.7","23.9","16.6"
"ACT","Highest","2024-25","660","Fulton County","0176","Banneker High School","All Students","Mathematics","1380130.","12389","1302","16","18.9","20.7","22.9","16.4"
"ACT","Highest","2024-25","660","Fulton County","0176","Banneker High School","All Students","Reading","1380130.","12389","1302","16","20","22.7","25.1","18.8"
"ACT","Highest","2024-25","660","Fulton County","0176","Banneker High School","All Students","Science","1380130.","12190","1287","16","19.6","21.6","23.7","16.4"
"ACT","Highest","2024-25","660","Fulton County","0176","Banneker High School","All Students","Writing Subscore","1380130.","1711","96","TFS","6.1","6.7","7.2","TFS"
"ACT","Highest","2024-25","660","Fulton County","0191","Roswell High School","All Students","Composite","1380130.","12390","1303","109","19.4","21.5","24","23.6"
"ACT","Highest","2024-25","660","Fulton County","0191","Roswell High School","All Students","English","1380130.","12389","1302","109","18.4","20.7","23.9","23.7"
"ACT","Highest","2024-25","660","Fulton County","0191","Roswell High School","All Students","Mathematics","1380130.","12389","1302","109","18.9","20.7","22.9","22.4"
"ACT","Highest","2024-25","660","Fulton County","0191","Roswell High School","All Students","Reading","1380130.","12389","1302","109","20","22.7","25.1","24.6"
"ACT","Highest","2024-25","660","Fulton County","0191","Roswell High School","All Students","Science","1380130.","12190","1287","107","19.6","21.6","23.7","23.3"
"ACT","Highest","2024-25","660","Fulton County","0191","Roswell High School","All Students","Writing Subscore","1380130.","1711","96","TFS","6.1","6.7","7.2","TFS"
"ACT","Highest","2024-25","660","Fulton County","0198","Centennial High School","All Students","Composite","1380130.","12390","1303","74","19.4","21.5","24","23.5"
"ACT","Highest","2024-25","660","Fulton County","0198","Centennial High School","All Students","English","1380130.","12389","1302","73","18.4","20.7","23.9","23.1"
"ACT","Highest","2024-25","660","Fulton County","0198","Centennial High School","All Students","Mathematics","1380130.","12389","1302","73","18.9","20.7","22.9","22.1"
"ACT","Highest","2024-25","660","Fulton County","0198","Centennial High School","All Students","Reading","1380130.","12389","1302","73","20","22.7","25.1","25.4"
"ACT","Highest","2024-25","660","Fulton County","0198","Centennial High School","All Students","Science","1380130.","12190","1287","73","19.6","21.6","23.7","22.9"
"ACT","Highest","2024-25","660","Fulton County","0198","Centennial High School","All Students","Writing Subscore","1380130.","1711","96","TFS","6.1","6.7","7.2","TFS"
"ACT","Highest","2024-25","660","Fulton County","0203","Northview High School","All Students","Composite","1380130.","12390","1303","75","19.4","21.5","24","27.5"
"ACT","Highest","2024-25","660","Fulton County","0203","Northview High School","All Students","English","1380130.","12389","1302","75","18.4","20.7","23.9","27.8"
"ACT","Highest","2024-25","660","Fulton County","0203","Northview High School","All Students","Mathematics","1380130.","12389","1302","75","18.9","20.7","22.9","27.1"
"ACT","Highest","2024-25","660","Fulton County","0203","Northview High School","All Students","Reading","1380130.","12389","1302","75","20","22.7","25.1","28.5"
"ACT","Highest","2024-25","660","Fulton County","0203","Northview High School","All Students","Science","1380130.","12190","1287","75","19.6","21.6","23.7","26.1"
"ACT","Highest","2024-25","660","Fulton County","0203","Northview High School","All Students","Writing Subscore","1380130.","1711","96","TFS","6.1","6.7","7.2","TFS"
"ACT","Highest","2024-25","660","Fulton County","0205","Alpharetta High School","All Students","Composite","1380130.","12390","1303","132","19.4","21.5","24","25.3"
"ACT","Highest","2024-25","660","Fulton County","0205","Alpharetta High School","All Students","English","1380130.","12389","1302","132","18.4","20.7","23.9","25.2"
"ACT","Highest","2024-25","660","Fulton County","0205","Alpharetta High School","All Students","Mathematics","1380130.","12389","1302","132","18.9","20.7","22.9","23.8"
"ACT","Highest","2024-25","660","Fulton County","0205","Alpharetta High School","All Students","Reading","1380130.","12389","1302","132","20","22.7","25.1","27"
"ACT","Highest","2024-25","660","Fulton County","0205","Alpharetta High School","All Students","Science","1380130.","12190","1287","131","19.6","21.6","23.7","24.8"
"ACT","Highest","2024-25","660","Fulton County","0205","Alpharetta High School","All Students","Writing Subscore","1380130.","1711","96","11","6.1","6.7","7.2","7.3"
"ACT","Highest","2024-25","660","Fulton County","0291","Creekside High School","All Students","Composite","1380130.","12390","1303","18","19.4","21.5","24","17.1"
"ACT","Highest","2024-25","660","Fulton County","0291","Creekside High School","All Students","English","1380130.","12389","1302","18","18.4","20.7","23.9","15.7"
"ACT","Highest","2024-25","660","Fulton County","0291","Creekside High School","All Students","Mathematics","1380130.","12389","1302","18","18.9","20.7","22.9","16.2"
"ACT","Highest","2024-25","660","Fulton County","0291","Creekside High School","All Students","Reading","1380130.","12389","1302","18","20","22.7","25.1","18.6"
"ACT","Highest","2024-25","660","Fulton County","0291","Creekside High School","All Students","Science","1380130.","12190","1287","18","19.6","21.6","23.7","17.8"
"ACT","Highest","2024-25","660","Fulton County","0291","Creekside High School","All Students","Writing Subscore","1380130.","1711","96","TFS","6.1","6.7","7.2","TFS"
"ACT","Highest","2024-25","660","Fulton County","0386","Independence High School","All Students","Composite","1380130.","12390","1303","TFS","19.4","21.5","24","TFS"
"ACT","Highest","2024-25","660","Fulton County","0386","Independence High School","All Students","English","1380130.","12389","1302","TFS","18.4","20.7","23.9","TFS"
"ACT","Highest","2024-25","660","Fulton County","0386","Independence High School","All Students","Mathematics","1380130.","12389","1302","TFS","18.9","20.7","22.9","TFS"
"ACT","Highest","2024-25","660","Fulton County","0386","Independence High School","All Students","Reading","1380130.","12389","1302","TFS","20","22.7","25.1","TFS"
"ACT","Highest","2024-25","660","Fulton County","0386","Independence High School","All Students","Science","1380130.","12190","1287","TFS","19.6","21.6","23.7","TFS"
"ACT","Highest","2024-25","660","Fulton County","0392","Chattahoochee High School","All Students","Composite","1380130.","12390","1303","74","19.4","21.5","24","25.7"
"ACT","Highest","2024-25","660","Fulton County","0392","Chattahoochee High School","All Students","English","1380130.","12389","1302","74","18.4","20.7","23.9","25.8"
"ACT","Highest","2024-25","660","Fulton County","0392","Chattahoochee High School","All Students","Mathematics","1380130.","12389","1302","74","18.9","20.7","22.9","25.3"
"ACT","Highest","2024-25","660","Fulton County","0392","Chattahoochee High School","All Students","Reading","1380130.","12389","1302","74","20","22.7","25.1","26.4"
"ACT","Highest","2024-25","660","Fulton County","0392","Chattahoochee High School","All Students","Science","1380130.","12190","1287","74","19.6","21.6","23.7","25"
"ACT","Highest","2024-25","660","Fulton County","0392","Chattahoochee High School","All Students","Writing Subscore","1380130.","1711","96","TFS","6.1","6.7","7.2","TFS"
"ACT","Highest","2024-25","660","Fulton County","0691","Tri-Cities High School","All Students","Composite","1380130.","12390","1303","TFS","19.4","21.5","24","TFS"
"ACT","Highest","2024-25","660","Fulton County","0691","Tri-Cities High School","All Students","English","1380130.","12389","1302","TFS","18.4","20.7","23.9","TFS"
"ACT","Highest","2024-25","660","Fulton County","0691","Tri-Cities High School","All Students","Mathematics","1380130.","12389","1302","TFS","18.9","20.7","22.9","TFS"
"ACT","Highest","2024-25","660","Fulton County","0691","Tri-Cities High School","All Students","Reading","1380130.","12389","1302","TFS","20","22.7","25.1","TFS"
"ACT","Highest","2024-25","660","Fulton County","0691","Tri-Cities High School","All Students","Science","1380130.","12190","1287","TFS","19.6","21.6","23.7","TFS"
"ACT","Highest","2024-25","660","Fulton County","0691","Tri-Cities High School","All Students","Writing Subscore","1380130.","1711","96","TFS","6.1","6.7","7.2","TFS"
"ACT","Highest","2024-25","660","Fulton County","0910","Johns Creek High School","All Students","Composite","1380130.","12390","1303","127","19.4","21.5","24","26.3"
"ACT","Highest","2024-25","660","Fulton County","0910","Johns Creek High School","All Students","English","1380130.","12389","1302","127","18.4","20.7","23.9","26"
"ACT","Highest","2024-25","660","Fulton County","0910","Johns Creek High School","All Students","Mathematics","1380130.","12389","1302","127","18.9","20.7","22.9","25.4"
"ACT","Highest","2024-25","660","Fulton County","0910","Johns Creek High School","All Students","Reading","1380130.","12389","1302","127","20","22.7","25.1","26.8"
"ACT","Highest","2024-25","660","Fulton County","0910","Johns Creek High School","All Students","Science","1380130.","12190","1287","127","19.6","21.6","23.7","26.3"
"ACT","Highest","2024-25","660","Fulton County","0910","Johns Creek High School","All Students","Writing Subscore","1380130.","1711","96","TFS","6.1","6.7","7.2","TFS"
"ACT","Highest","2024-25","660","Fulton County","1110","Langston Hughes High School","All Students","Composite","1380130.","12390","1303","48","19.4","21.5","24","16.2"
"ACT","Highest","2024-25","660","Fulton County","1110","Langston Hughes High School","All Students","English","1380130.","12389","1302","48","18.4","20.7","23.9","15.4"
"ACT","Highest","2024-25","660","Fulton County","1110","Langston Hughes High School","All Students","Mathematics","1380130.","12389","1302","48","18.9","20.7","22.9","15.9"
"ACT","Highest","2024-25","660","Fulton County","1110","Langston Hughes High School","All Students","Reading","1380130.","12389","1302","48","20","22.7","25.1","17.3"
"ACT","Highest","2024-25","660","Fulton County","1110","Langston Hughes High School","All Students","Science","1380130.","12190","1287","43","19.6","21.6","23.7","16.2"
"ACT","Highest","2024-25","660","Fulton County","1110","Langston Hughes High School","All Students","Writing Subscore","1380130.","1711","96","TFS","6.1","6.7","7.2","TFS"
"ACT","Highest","2024-25","660","Fulton County","1322","Innovation Academy","All Students","Composite","1380130.","12390","1303","126","19.4","21.5","24","26.3"
"ACT","Highest","2024-25","660","Fulton County","1322","Innovation Academy","All Students","English","1380130.","12389","1302","126","18.4","20.7","23.9","26.8"
"ACT","Highest","2024-25","660","Fulton County","1322","Innovation Academy","All Students","Mathematics","1380130.","12389","1302","126","18.9","20.7","22.9","25"
"ACT","Highest","2024-25","660","Fulton County","1322","Innovation Academy","All Students","Reading","1380130.","12389","1302","126","20","22.7","25.1","26.8"
"ACT","Highest","2024-25","660","Fulton County","1322","Innovation Academy","All Students","Science","1380130.","12190","1287","125","19.6","21.6","23.7","26.3"
"ACT","Highest","2024-25","660","Fulton County","1322","Innovation Academy","All Students","Writing Subscore","1380130.","1711","96","TFS","6.1","6.7","7.2","TFS"
"ACT","Highest","2024-25","660","Fulton County","1323","Global Impact Academy","All Students","Composite","1380130.","12390","1303","22","19.4","21.5","24","18.8"
"ACT","Highest","2024-25","660","Fulton County","1323","Global Impact Academy","All Students","English","1380130.","12389","1302","22","18.4","20.7","23.9","18.3"
"ACT","Highest","2024-25","660","Fulton County","1323","Global Impact Academy","All Students","Mathematics","1380130.","12389","1302","22","18.9","20.7","22.9","17.3"
"ACT","Highest","2024-25","660","Fulton County","1323","Global Impact Academy","All Students","Reading","1380130.","12389","1302","22","20","22.7","25.1","20.6"
"ACT","Highest","2024-25","660","Fulton County","1323","Global Impact Academy","All Students","Science","1380130.","12190","1287","21","19.6","21.6","23.7","18.5"
"ACT","Highest","2024-25","660","Fulton County","1323","Global Impact Academy","All Students","Writing Subscore","1380130.","1711","96","TFS","6.1","6.7","7.2","TFS"
"ACT","Highest","2024-25","660","Fulton County","3066","Riverwood International Charter School","All Students","Composite","1380130.","12390","1303","101","19.4","21.5","24","24.8"
"ACT","Highest","2024-25","660","Fulton County","3066","Riverwood International Charter School","All Students","English","1380130.","12389","1302","101","18.4","20.7","23.9","25.2"
"ACT","Highest","2024-25","660","Fulton County","3066","Riverwood International Charter School","All Students","Mathematics","1380130.","12389","1302","101","18.9","20.7","22.9","23.5"
"ACT","Highest","2024-25","660","Fulton County","3066","Riverwood International Charter School","All Students","Reading","1380130.","12389","1302","101","20","22.7","25.1","25.9"
"ACT","Highest","2024-25","660","Fulton County","3066","Riverwood International Charter School","All Students","Science","1380130.","12190","1287","101","19.6","21.6","23.7","24.1"
"ACT","Highest","2024-25","660","Fulton County","3066","Riverwood International Charter School","All Students","Writing Subscore","1380130.","1711","96","TFS","6.1","6.7","7.2","TFS"
"ACT","Highest","2024-25","660","Fulton County","4062","North Springs High School","All Students","Composite","1380130.","12390","1303","45","19.4","21.5","24","21.4"
"ACT","Highest","2024-25","660","Fulton County","4062","North Springs High School","All Students","English","1380130.","12389","1302","45","18.4","20.7","23.9","21.1"
"ACT","Highest","2024-25","660","Fulton County","4062","North Springs High School","All Students","Mathematics","1380130.","12389","1302","45","18.9","20.7","22.9","20.2"
"ACT","Highest","2024-25","660","Fulton County","4062","North Springs High School","All Students","Reading","1380130.","12389","1302","45","20","22.7","25.1","22.2"
"ACT","Highest","2024-25","660","Fulton County","4062","North Springs High School","All Students","Science","1380130.","12190","1287","45","19.6","21.6","23.7","21.2"
"ACT","Highest","2024-25","660","Fulton County","4062","North Springs High School","All Students","Writing Subscore","1380130.","1711","96","TFS","6.1","6.7","7.2","TFS"
"ACT","Highest","2024-25","660","Fulton County","5069","Westlake High School","All Students","Composite","1380130.","12390","1303","76","19.4","21.5","24","18.6"
"ACT","Highest","2024-25","660","Fulton County","5069","Westlake High School","All Students","English","1380130.","12389","1302","76","18.4","20.7","23.9","17.6"
"ACT","Highest","2024-25","660","Fulton County","5069","Westlake High School","All Students","Mathematics","1380130.","12389","1302","76","18.9","20.7","22.9","17.5"
"ACT","Highest","2024-25","660","Fulton County","5069","Westlake High School","All Students","Reading","1380130.","12389","1302","76","20","22.7","25.1","20.2"
"ACT","Highest","2024-25","660","Fulton County","5069","Westlake High School","All Students","Science","1380130.","12190","1287","72","19.6","21.6","23.7","18.7"
"ACT","Highest","2024-25","660","Fulton County","5069","Westlake High School","All Students","Writing Subscore","1380130.","1711","96","12","6.1","6.7","7.2","7"
"ACT","Highest","2024-25","661","Gilmer County","0196","Gilmer High School","All Students","Composite","1380130.","12390","73","73","19.4","21.5","19.9","19.9"
"ACT","Highest","2024-25","661","Gilmer County","0196","Gilmer High School","All Students","English","1380130.","12389","73","73","18.4","20.7","18.8","18.8"
"ACT","Highest","2024-25","661","Gilmer County","0196","Gilmer High School","All Students","Mathematics","1380130.","12389","73","73","18.9","20.7","18.9","18.9"
"ACT","Highest","2024-25","661","Gilmer County","0196","Gilmer High School","All Students","Reading","1380130.","12389","73","73","20","22.7","21.5","21.5"
"ACT","Highest","2024-25","661","Gilmer County","0196","Gilmer High School","All Students","Science","1380130.","12190","73","73","19.6","21.6","20.1","20.1"
"ACT","Highest","2024-25","663","Glynn County","3552","Brunswick High School","All Students","Composite","1380130.","12390","112","34","19.4","21.5","22.1","20.1"
"ACT","Highest","2024-25","663","Glynn County","3552","Brunswick High School","All Students","English","1380130.","12389","112","34","18.4","20.7","21.7","18.8"
"ACT","Highest","2024-25","663","Glynn County","3552","Brunswick High School","All Students","Mathematics","1380130.","12389","112","34","18.9","20.7","21.4","20.2"
"ACT","Highest","2024-25","663","Glynn County","3552","Brunswick High School","All Students","Reading","1380130.","12389","112","34","20","22.7","22.9","20.7"
"ACT","Highest","2024-25","663","Glynn County","3552","Brunswick High School","All Students","Science","1380130.","12190","108","30","19.6","21.6","22.1","21"
"ACT","Highest","2024-25","663","Glynn County","3552","Brunswick High School","All Students","Writing Subscore","1380130.","1711","11","TFS","6.1","6.7","7.2","TFS"
"ACT","Highest","2024-25","663","Glynn County","4752","Glynn Academy","All Students","Composite","1380130.","12390","112","78","19.4","21.5","22.1","22.9"
"ACT","Highest","2024-25","663","Glynn County","4752","Glynn Academy","All Students","English","1380130.","12389","112","78","18.4","20.7","21.7","23"
"ACT","Highest","2024-25","663","Glynn County","4752","Glynn Academy","All Students","Mathematics","1380130.","12389","112","78","18.9","20.7","21.4","21.9"
"ACT","Highest","2024-25","663","Glynn County","4752","Glynn Academy","All Students","Reading","1380130.","12389","112","78","20","22.7","22.9","23.8"
"ACT","Highest","2024-25","663","Glynn County","4752","Glynn Academy","All Students","Science","1380130.","12190","108","78","19.6","21.6","22.1","22.5"
"ACT","Highest","2024-25","663","Glynn County","4752","Glynn Academy","All Students","Writing Subscore","1380130.","1711","11","TFS","6.1","6.7","7.2","TFS"
"ACT","Highest","2024-25","664","Gordon County","0106","Sonoraville High School","All Students","Composite","1380130.","12390","13","TFS","19.4","21.5","19.8","TFS"
"ACT","Highest","2024-25","664","Gordon County","0106","Sonoraville High School","All Students","English","1380130.","12389","13","TFS","18.4","20.7","18.3","TFS"
"ACT","Highest","2024-25","664","Gordon County","0106","Sonoraville High School","All Students","Mathematics","1380130.","12389","13","TFS","18.9","20.7","19.2","TFS"
"ACT","Highest","2024-25","664","Gordon County","0106","Sonoraville High School","All Students","Reading","1380130.","12389","13","TFS","20","22.7","21.1","TFS"
"ACT","Highest","2024-25","664","Gordon County","0106","Sonoraville High School","All Students","Science","1380130.","12190","12","TFS","19.6","21.6","21.1","TFS"
"ACT","Highest","2024-25","664","Gordon County","0106","Sonoraville High School","All Students","Writing Subscore","1380130.","1711","TFS","TFS","6.1","6.7","TFS","TFS"
"ACT","Highest","2024-25","664","Gordon County","0286","Gordon Central High School","All Students","Composite","1380130.","12390","13","TFS","19.4","21.5","19.8","TFS"
"ACT","Highest","2024-25","664","Gordon County","0286","Gordon Central High School","All Students","English","1380130.","12389","13","TFS","18.4","20.7","18.3","TFS"
"ACT","Highest","2024-25","664","Gordon County","0286","Gordon Central High School","All Students","Mathematics","1380130.","12389","13","TFS","18.9","20.7","19.2","TFS"
"ACT","Highest","2024-25","664","Gordon County","0286","Gordon Central High School","All Students","Reading","1380130.","12389","13","TFS","20","22.7","21.1","TFS"
"ACT","Highest","2024-25","664","Gordon County","0286","Gordon Central High School","All Students","Science","1380130.","12190","12","TFS","19.6","21.6","21.1","TFS"
"ACT","Highest","2024-25","664","Gordon County","0286","Gordon Central High School","All Students","Writing Subscore","1380130.","1711","TFS","TFS","6.1","6.7","TFS","TFS"
"ACT","Highest","2024-25","665","Grady County","1050","Cairo High School","All Students","Composite","1380130.","12390","13","13","19.4","21.5","17.7","17.7"
"ACT","Highest","2024-25","665","Grady County","1050","Cairo High School","All Students","English","1380130.","12389","13","13","18.4","20.7","16.2","16.2"
"ACT","Highest","2024-25","665","Grady County","1050","Cairo High School","All Students","Mathematics","1380130.","12389","13","13","18.9","20.7","16.5","16.5"
"ACT","Highest","2024-25","665","Grady County","1050","Cairo High School","All Students","Reading","1380130.","12389","13","13","20","22.7","19","19"
"ACT","Highest","2024-25","665","Grady County","1050","Cairo High School","All Students","Science","1380130.","12190","13","13","19.6","21.6","18.5","18.5"
"ACT","Highest","2024-25","665","Grady County","1050","Cairo High School","All Students","Writing Subscore","1380130.","1711","TFS","TFS","6.1","6.7","TFS","TFS"
"ACT","Highest","2024-25","666","Greene County","0401","Greene County High School","All Students","Composite","1380130.","12390","11","11","19.4","21.5","14.9","14.9"
"ACT","Highest","2024-25","666","Greene County","0401","Greene County High School","All Students","English","1380130.","12389","11","11","18.4","20.7","13.4","13.4"
"ACT","Highest","2024-25","666","Greene County","0401","Greene County High School","All Students","Mathematics","1380130.","12389","11","11","18.9","20.7","14.9","14.9"
"ACT","Highest","2024-25","666","Greene County","0401","Greene County High School","All Students","Reading","1380130.","12389","11","11","20","22.7","14.7","14.7"
"ACT","Highest","2024-25","666","Greene County","0401","Greene County High School","All Students","Science","1380130.","12190","10","10","19.6","21.6","16.5","16.5"
"ACT","Highest","2024-25","666","Greene County","0401","Greene County High School","All Students","Writing Subscore","1380130.","1711","TFS","TFS","6.1","6.7","TFS","TFS"
"ACT","Highest","2024-25","667","Gwinnett County","0101","Grayson High School","All Students","Composite","1380130.","12390","920","57","19.4","21.5","22.8","20.6"
"ACT","Highest","2024-25","667","Gwinnett County","0101","Grayson High School","All Students","English","1380130.","12389","920","57","18.4","20.7","21.6","19.4"
"ACT","Highest","2024-25","667","Gwinnett County","0101","Grayson High School","All Students","Mathematics","1380130.","12389","920","57","18.9","20.7","22.2","19.7"
"ACT","Highest","2024-25","667","Gwinnett County","0101","Grayson High School","All Students","Reading","1380130.","12389","920","57","20","22.7","24","22.2"
"ACT","Highest","2024-25","667","Gwinnett County","0101","Grayson High School","All Students","Science","1380130.","12190","907","57","19.6","21.6","22.9","20.3"
"ACT","Highest","2024-25","667","Gwinnett County","0101","Grayson High School","All Students","Writing Subscore","1380130.","1711","155","13","6.1","6.7","7","7"
"ACT","Highest","2024-25","667","Gwinnett County","0103","Norcross High School","All Students","Composite","1380130.","12390","920","36","19.4","21.5","22.8","23.7"
"ACT","Highest","2024-25","667","Gwinnett County","0103","Norcross High School","All Students","English","1380130.","12389","920","36","18.4","20.7","21.6","22.2"
"ACT","Highest","2024-25","667","Gwinnett County","0103","Norcross High School","All Students","Mathematics","1380130.","12389","920","36","18.9","20.7","22.2","22.1"
"ACT","Highest","2024-25","667","Gwinnett County","0103","Norcross High School","All Students","Reading","1380130.","12389","920","36","20","22.7","24","25.5"
"ACT","Highest","2024-25","667","Gwinnett County","0103","Norcross High School","All Students","Science","1380130.","12190","907","36","19.6","21.6","22.9","24.6"
"ACT","Highest","2024-25","667","Gwinnett County","0103","Norcross High School","All Students","Writing Subscore","1380130.","1711","155","TFS","6.1","6.7","7","TFS"
"ACT","Highest","2024-25","667","Gwinnett County","0105","Mill Creek High School","All Students","Composite","1380130.","12390","920","85","19.4","21.5","22.8","22.9"
"ACT","Highest","2024-25","667","Gwinnett County","0105","Mill Creek High School","All Students","English","1380130.","12389","920","85","18.4","20.7","21.6","21"
"ACT","Highest","2024-25","667","Gwinnett County","0105","Mill Creek High School","All Students","Mathematics","1380130.","12389","920","85","18.9","20.7","22.2","22.6"
"ACT","Highest","2024-25","667","Gwinnett County","0105","Mill Creek High School","All Students","Reading","1380130.","12389","920","85","20","22.7","24","24.2"
"ACT","Highest","2024-25","667","Gwinnett County","0105","Mill Creek High School","All Students","Science","1380130.","12190","907","84","19.6","21.6","22.9","23.4"
"ACT","Highest","2024-25","667","Gwinnett County","0105","Mill Creek High School","All Students","Writing Subscore","1380130.","1711","155","15","6.1","6.7","7","6.9"
"ACT","Highest","2024-25","667","Gwinnett County","0176","Parkview High School","All Students","Composite","1380130.","12390","920","75","19.4","21.5","22.8","23.5"
"ACT","Highest","2024-25","667","Gwinnett County","0176","Parkview High School","All Students","English","1380130.","12389","920","75","18.4","20.7","21.6","22.7"
"ACT","Highest","2024-25","667","Gwinnett County","0176","Parkview High School","All Students","Mathematics","1380130.","12389","920","75","18.9","20.7","22.2","21.9"
"ACT","Highest","2024-25","667","Gwinnett County","0176","Parkview High School","All Students","Reading","1380130.","12389","920","75","20","22.7","24","25.8"
"ACT","Highest","2024-25","667","Gwinnett County","0176","Parkview High School","All Students","Science","1380130.","12190","907","73","19.6","21.6","22.9","23.3"
"ACT","Highest","2024-25","667","Gwinnett County","0176","Parkview High School","All Students","Writing Subscore","1380130.","1711","155","10","6.1","6.7","7","7.4"
"ACT","Highest","2024-25","667","Gwinnett County","0182","Brookwood High School","All Students","Composite","1380130.","12390","920","90","19.4","21.5","22.8","24.4"
"ACT","Highest","2024-25","667","Gwinnett County","0182","Brookwood High School","All Students","English","1380130.","12389","920","90","18.4","20.7","21.6","23.6"
"ACT","Highest","2024-25","667","Gwinnett County","0182","Brookwood High School","All Students","Mathematics","1380130.","12389","920","90","18.9","20.7","22.2","23.8"
"ACT","Highest","2024-25","667","Gwinnett County","0182","Brookwood High School","All Students","Reading","1380130.","12389","920","90","20","22.7","24","25.3"
"ACT","Highest","2024-25","667","Gwinnett County","0182","Brookwood High School","All Students","Science","1380130.","12190","907","89","19.6","21.6","22.9","24.7"
"ACT","Highest","2024-25","667","Gwinnett County","0182","Brookwood High School","All Students","Writing Subscore","1380130.","1711","155","15","6.1","6.7","7","7.5"
"ACT","Highest","2024-25","667","Gwinnett County","0185","Shiloh High School","All Students","Composite","1380130.","12390","920","12","19.4","21.5","22.8","15.8"
"ACT","Highest","2024-25","667","Gwinnett County","0185","Shiloh High School","All Students","English","1380130.","12389","920","12","18.4","20.7","21.6","14.3"
"ACT","Highest","2024-25","667","Gwinnett County","0185","Shiloh High School","All Students","Mathematics","1380130.","12389","920","12","18.9","20.7","22.2","15.3"
"ACT","Highest","2024-25","667","Gwinnett County","0185","Shiloh High School","All Students","Reading","1380130.","12389","920","12","20","22.7","24","17.5"
"ACT","Highest","2024-25","667","Gwinnett County","0185","Shiloh High School","All Students","Science","1380130.","12190","907","12","19.6","21.6","22.9","15.8"
"ACT","Highest","2024-25","667","Gwinnett County","0185","Shiloh High School","All Students","Writing Subscore","1380130.","1711","155","TFS","6.1","6.7","7","TFS"
"ACT","Highest","2024-25","667","Gwinnett County","0187","Meadowcreek High School","All Students","Composite","1380130.","12390","920","10","19.4","21.5","22.8","18.6"
"ACT","Highest","2024-25","667","Gwinnett County","0187","Meadowcreek High School","All Students","English","1380130.","12389","920","10","18.4","20.7","21.6","16.2"
"ACT","Highest","2024-25","667","Gwinnett County","0187","Meadowcreek High School","All Students","Mathematics","1380130.","12389","920","10","18.9","20.7","22.2","19.2"
"ACT","Highest","2024-25","667","Gwinnett County","0187","Meadowcreek High School","All Students","Reading","1380130.","12389","920","10","20","22.7","24","18.9"
"ACT","Highest","2024-25","667","Gwinnett County","0187","Meadowcreek High School","All Students","Science","1380130.","12190","907","10","19.6","21.6","22.9","19.6"
"ACT","Highest","2024-25","667","Gwinnett County","0187","Meadowcreek High School","All Students","Writing Subscore","1380130.","1711","155","TFS","6.1","6.7","7","TFS"
"ACT","Highest","2024-25","667","Gwinnett County","0195","Collins Hill High School","All Students","Composite","1380130.","12390","920","22","19.4","21.5","22.8","24.5"
"ACT","Highest","2024-25","667","Gwinnett County","0195","Collins Hill High School","All Students","English","1380130.","12389","920","22","18.4","20.7","21.6","23.3"
"ACT","Highest","2024-25","667","Gwinnett County","0195","Collins Hill High School","All Students","Mathematics","1380130.","12389","920","22","18.9","20.7","22.2","23.7"
"ACT","Highest","2024-25","667","Gwinnett County","0195","Collins Hill High School","All Students","Reading","1380130.","12389","920","22","20","22.7","24","25.8"
"ACT","Highest","2024-25","667","Gwinnett County","0195","Collins Hill High School","All Students","Science","1380130.","12190","907","22","19.6","21.6","22.9","24.9"
"ACT","Highest","2024-25","667","Gwinnett County","0195","Collins Hill High School","All Students","Writing Subscore","1380130.","1711","155","TFS","6.1","6.7","7","TFS"
"ACT","Highest","2024-25","667","Gwinnett County","0805","Peachtree Ridge High School","All Students","Composite","1380130.","12390","920","62","19.4","21.5","22.8","22.2"
"ACT","Highest","2024-25","667","Gwinnett County","0805","Peachtree Ridge High School","All Students","English","1380130.","12389","920","62","18.4","20.7","21.6","21.3"
"ACT","Highest","2024-25","667","Gwinnett County","0805","Peachtree Ridge High School","All Students","Mathematics","1380130.","12389","920","62","18.9","20.7","22.2","21.6"
"ACT","Highest","2024-25","667","Gwinnett County","0805","Peachtree Ridge High School","All Students","Reading","1380130.","12389","920","62","20","22.7","24","23.4"
"ACT","Highest","2024-25","667","Gwinnett County","0805","Peachtree Ridge High School","All Students","Science","1380130.","12190","907","60","19.6","21.6","22.9","21.8"
"ACT","Highest","2024-25","667","Gwinnett County","0805","Peachtree Ridge High School","All Students","Writing Subscore","1380130.","1711","155","12","6.1","6.7","7","6.6"
"ACT","Highest","2024-25","667","Gwinnett County","1018","Lanier High School","All Students","Composite","1380130.","12390","920","38","19.4","21.5","22.8","23.3"
"ACT","Highest","2024-25","667","Gwinnett County","1018","Lanier High School","All Students","English","1380130.","12389","920","38","18.4","20.7","21.6","21.7"
"ACT","Highest","2024-25","667","Gwinnett County","1018","Lanier High School","All Students","Mathematics","1380130.","12389","920","38","18.9","20.7","22.2","21.9"
"ACT","Highest","2024-25","667","Gwinnett County","1018","Lanier High School","All Students","Reading","1380130.","12389","920","38","20","22.7","24","25.4"
"ACT","Highest","2024-25","667","Gwinnett County","1018","Lanier High School","All Students","Science","1380130.","12190","907","38","19.6","21.6","22.9","23.6"
"ACT","Highest","2024-25","667","Gwinnett County","1018","Lanier High School","All Students","Writing Subscore","1380130.","1711","155","10","6.1","6.7","7","7.5"
"ACT","Highest","2024-25","667","Gwinnett County","1019","Gwinnett School of Mathematics, Science and Technology","All Students","Composite","1380130.","12390","920","45","19.4","21.5","22.8","28.8"
"ACT","Highest","2024-25","667","Gwinnett County","1019","Gwinnett School of Mathematics, Science and Technology","All Students","English","1380130.","12389","920","45","18.4","20.7","21.6","28"
"ACT","Highest","2024-25","667","Gwinnett County","1019","Gwinnett School of Mathematics, Science and Technology","All Students","Mathematics","1380130.","12389","920","45","18.9","20.7","22.2","28.2"
"ACT","Highest","2024-25","667","Gwinnett County","1019","Gwinnett School of Mathematics, Science and Technology","All Students","Reading","1380130.","12389","920","45","20","22.7","24","30.1"
"ACT","Highest","2024-25","667","Gwinnett County","1019","Gwinnett School of Mathematics, Science and Technology","All Students","Science","1380130.","12190","907","45","19.6","21.6","22.9","28.6"
"ACT","Highest","2024-25","667","Gwinnett County","1019","Gwinnett School of Mathematics, Science and Technology","All Students","Writing Subscore","1380130.","1711","155","TFS","6.1","6.7","7","TFS"
"ACT","Highest","2024-25","667","Gwinnett County","1050","Berkmar High School","All Students","Composite","1380130.","12390","920","20","19.4","21.5","22.8","20.6"
"ACT","Highest","2024-25","667","Gwinnett County","1050","Berkmar High School","All Students","English","1380130.","12389","920","20","18.4","20.7","21.6","18.4"
"ACT","Highest","2024-25","667","Gwinnett County","1050","Berkmar High School","All Students","Mathematics","1380130.","12389","920","20","18.9","20.7","22.2","20.3"
"ACT","Highest","2024-25","667","Gwinnett County","1050","Berkmar High School","All Students","Reading","1380130.","12389","920","20","20","22.7","24","21.7"
"ACT","Highest","2024-25","667","Gwinnett County","1050","Berkmar High School","All Students","Science","1380130.","12190","907","20","19.6","21.6","22.9","21.1"
"ACT","Highest","2024-25","667","Gwinnett County","1050","Berkmar High School","All Students","Writing Subscore","1380130.","1711","155","TFS","6.1","6.7","7","TFS"
"ACT","Highest","2024-25","667","Gwinnett County","1212","Gwinnett Online Campus","All Students","Composite","1380130.","12390","920","10","19.4","21.5","22.8","22.6"
"ACT","Highest","2024-25","667","Gwinnett County","1212","Gwinnett Online Campus","All Students","English","1380130.","12389","920","10","18.4","20.7","21.6","20.8"
"ACT","Highest","2024-25","667","Gwinnett County","1212","Gwinnett Online Campus","All Students","Mathematics","1380130.","12389","920","10","18.9","20.7","22.2","19.6"
"ACT","Highest","2024-25","667","Gwinnett County","1212","Gwinnett Online Campus","All Students","Reading","1380130.","12389","920","10","20","22.7","24","26.7"
"ACT","Highest","2024-25","667","Gwinnett County","1212","Gwinnett Online Campus","All Students","Science","1380130.","12190","907","10","19.6","21.6","22.9","22.9"
"ACT","Highest","2024-25","667","Gwinnett County","1212","Gwinnett Online Campus","All Students","Writing Subscore","1380130.","1711","155","TFS","6.1","6.7","7","TFS"
"ACT","Highest","2024-25","667","Gwinnett County","1410","Mountain View High School","All Students","Composite","1380130.","12390","920","27","19.4","21.5","22.8","21.5"
"ACT","Highest","2024-25","667","Gwinnett County","1410","Mountain View High School","All Students","English","1380130.","12389","920","27","18.4","20.7","21.6","19.9"
"ACT","Highest","2024-25","667","Gwinnett County","1410","Mountain View High School","All Students","Mathematics","1380130.","12389","920","27","18.9","20.7","22.2","22.1"
"ACT","Highest","2024-25","667","Gwinnett County","1410","Mountain View High School","All Students","Reading","1380130.","12389","920","27","20","22.7","24","21.7"
"ACT","Highest","2024-25","667","Gwinnett County","1410","Mountain View High School","All Students","Science","1380130.","12190","907","27","19.6","21.6","22.9","21.7"
"ACT","Highest","2024-25","667","Gwinnett County","1410","Mountain View High School","All Students","Writing Subscore","1380130.","1711","155","TFS","6.1","6.7","7","TFS"
"ACT","Highest","2024-25","667","Gwinnett County","1710","Archer High School","All Students","Composite","1380130.","12390","920","56","19.4","21.5","22.8","20.4"
"ACT","Highest","2024-25","667","Gwinnett County","1710","Archer High School","All Students","English","1380130.","12389","920","56","18.4","20.7","21.6","19.3"
"ACT","Highest","2024-25","667","Gwinnett County","1710","Archer High School","All Students","Mathematics","1380130.","12389","920","56","18.9","20.7","22.2","20.1"
"ACT","Highest","2024-25","667","Gwinnett County","1710","Archer High School","All Students","Reading","1380130.","12389","920","56","20","22.7","24","21"
"ACT","Highest","2024-25","667","Gwinnett County","1710","Archer High School","All Students","Science","1380130.","12190","907","55","19.6","21.6","22.9","20.5"
"ACT","Highest","2024-25","667","Gwinnett County","1710","Archer High School","All Students","Writing Subscore","1380130.","1711","155","12","6.1","6.7","7","7"
"ACT","Highest","2024-25","667","Gwinnett County","1814","Discovery High School","All Students","Composite","1380130.","12390","920","12","19.4","21.5","22.8","19.3"
"ACT","Highest","2024-25","667","Gwinnett County","1814","Discovery High School","All Students","English","1380130.","12389","920","12","18.4","20.7","21.6","17.8"
"ACT","Highest","2024-25","667","Gwinnett County","1814","Discovery High School","All Students","Mathematics","1380130.","12389","920","12","18.9","20.7","22.2","18.8"
"ACT","Highest","2024-25","667","Gwinnett County","1814","Discovery High School","All Students","Reading","1380130.","12389","920","12","20","22.7","24","19.8"
"ACT","Highest","2024-25","667","Gwinnett County","1814","Discovery High School","All Students","Science","1380130.","12190","907","11","19.6","21.6","22.9","20.3"
"ACT","Highest","2024-25","667","Gwinnett County","1814","Discovery High School","All Students","Writing Subscore","1380130.","1711","155","TFS","6.1","6.7","7","TFS"
"ACT","Highest","2024-25","667","Gwinnett County","1818","Paul Duke STEM High School","All Students","Composite","1380130.","12390","920","12","19.4","21.5","22.8","24.8"
"ACT","Highest","2024-25","667","Gwinnett County","1818","Paul Duke STEM High School","All Students","English","1380130.","12389","920","12","18.4","20.7","21.6","23.9"
"ACT","Highest","2024-25","667","Gwinnett County","1818","Paul Duke STEM High School","All Students","Mathematics","1380130.","12389","920","12","18.9","20.7","22.2","25.3"
"ACT","Highest","2024-25","667","Gwinnett County","1818","Paul Duke STEM High School","All Students","Reading","1380130.","12389","920","12","20","22.7","24","24.2"
"ACT","Highest","2024-25","667","Gwinnett County","1818","Paul Duke STEM High School","All Students","Science","1380130.","12190","907","12","19.6","21.6","22.9","25.3"
"ACT","Highest","2024-25","667","Gwinnett County","1818","Paul Duke STEM High School","All Students","Writing Subscore","1380130.","1711","155","TFS","6.1","6.7","7","TFS"
"ACT","Highest","2024-25","667","Gwinnett County","1819","McClure Health Science High School","All Students","Composite","1380130.","12390","920","10","19.4","21.5","22.8","19.2"
"ACT","Highest","2024-25","667","Gwinnett County","1819","McClure Health Science High School","All Students","English","1380130.","12389","920","10","18.4","20.7","21.6","17.5"
"ACT","Highest","2024-25","667","Gwinnett County","1819","McClure Health Science High School","All Students","Mathematics","1380130.","12389","920","10","18.9","20.7","22.2","18.6"
"ACT","Highest","2024-25","667","Gwinnett County","1819","McClure Health Science High School","All Students","Reading","1380130.","12389","920","10","20","22.7","24","21.1"
"ACT","Highest","2024-25","667","Gwinnett County","1819","McClure Health Science High School","All Students","Science","1380130.","12190","907","10","19.6","21.6","22.9","19.8"
"ACT","Highest","2024-25","667","Gwinnett County","1819","McClure Health Science High School","All Students","Writing Subscore","1380130.","1711","155","TFS","6.1","6.7","7","TFS"
"ACT","Highest","2024-25","667","Gwinnett County","1820","Seckinger High School","All Students","Composite","1380130.","12390","920","24","19.4","21.5","22.8","21.5"
"ACT","Highest","2024-25","667","Gwinnett County","1820","Seckinger High School","All Students","English","1380130.","12389","920","24","18.4","20.7","21.6","21.5"
"ACT","Highest","2024-25","667","Gwinnett County","1820","Seckinger High School","All Students","Mathematics","1380130.","12389","920","24","18.9","20.7","22.2","21.6"
"ACT","Highest","2024-25","667","Gwinnett County","1820","Seckinger High School","All Students","Reading","1380130.","12389","920","24","20","22.7","24","21.3"
"ACT","Highest","2024-25","667","Gwinnett County","1820","Seckinger High School","All Students","Science","1380130.","12190","907","24","19.6","21.6","22.9","21.5"
"ACT","Highest","2024-25","667","Gwinnett County","1820","Seckinger High School","All Students","Writing Subscore","1380130.","1711","155","TFS","6.1","6.7","7","TFS"
"ACT","Highest","2024-25","667","Gwinnett County","2558","South Gwinnett High School","All Students","Composite","1380130.","12390","920","24","19.4","21.5","22.8","18.3"
"ACT","Highest","2024-25","667","Gwinnett County","2558","South Gwinnett High School","All Students","English","1380130.","12389","920","24","18.4","20.7","21.6","16.8"
"ACT","Highest","2024-25","667","Gwinnett County","2558","South Gwinnett High School","All Students","Mathematics","1380130.","12389","920","24","18.9","20.7","22.2","18.4"
"ACT","Highest","2024-25","667","Gwinnett County","2558","South Gwinnett High School","All Students","Reading","1380130.","12389","920","24","20","22.7","24","18.6"
"ACT","Highest","2024-25","667","Gwinnett County","2558","South Gwinnett High School","All Students","Science","1380130.","12190","907","24","19.6","21.6","22.9","18.5"
"ACT","Highest","2024-25","667","Gwinnett County","2558","South Gwinnett High School","All Students","Writing Subscore","1380130.","1711","155","TFS","6.1","6.7","7","TFS"
"ACT","Highest","2024-25","667","Gwinnett County","3750","Central Gwinnett High School","All Students","Composite","1380130.","12390","920","32","19.4","21.5","22.8","18.8"
"ACT","Highest","2024-25","667","Gwinnett County","3750","Central Gwinnett High School","All Students","English","1380130.","12389","920","32","18.4","20.7","21.6","16.5"
"ACT","Highest","2024-25","667","Gwinnett County","3750","Central Gwinnett High School","All Students","Mathematics","1380130.","12389","920","32","18.9","20.7","22.2","18"
"ACT","Highest","2024-25","667","Gwinnett County","3750","Central Gwinnett High School","All Students","Reading","1380130.","12389","920","32","20","22.7","24","21"
"ACT","Highest","2024-25","667","Gwinnett County","3750","Central Gwinnett High School","All Students","Science","1380130.","12190","907","30","19.6","21.6","22.9","19.5"
"ACT","Highest","2024-25","667","Gwinnett County","3750","Central Gwinnett High School","All Students","Writing Subscore","1380130.","1711","155","TFS","6.1","6.7","7","TFS"
"ACT","Highest","2024-25","667","Gwinnett County","4052","Dacula High School","All Students","Composite","1380130.","12390","920","32","19.4","21.5","22.8","20.8"
"ACT","Highest","2024-25","667","Gwinnett County","4052","Dacula High School","All Students","English","1380130.","12389","920","32","18.4","20.7","21.6","18.9"
"ACT","Highest","2024-25","667","Gwinnett County","4052","Dacula High School","All Students","Mathematics","1380130.","12389","920","32","18.9","20.7","22.2","20.9"
"ACT","Highest","2024-25","667","Gwinnett County","4052","Dacula High School","All Students","Reading","1380130.","12389","920","32","20","22.7","24","21.9"
"ACT","Highest","2024-25","667","Gwinnett County","4052","Dacula High School","All Students","Science","1380130.","12190","907","31","19.6","21.6","22.9","21.1"
"ACT","Highest","2024-25","667","Gwinnett County","4052","Dacula High School","All Students","Writing Subscore","1380130.","1711","155","TFS","6.1","6.7","7","TFS"
"ACT","Highest","2024-25","667","Gwinnett County","4556","North Gwinnett High School","All Students","Composite","1380130.","12390","920","108","19.4","21.5","22.8","25.9"
"ACT","Highest","2024-25","667","Gwinnett County","4556","North Gwinnett High School","All Students","English","1380130.","12389","920","108","18.4","20.7","21.6","25.8"
"ACT","Highest","2024-25","667","Gwinnett County","4556","North Gwinnett High School","All Students","Mathematics","1380130.","12389","920","108","18.9","20.7","22.2","25.4"
"ACT","Highest","2024-25","667","Gwinnett County","4556","North Gwinnett High School","All Students","Reading","1380130.","12389","920","108","20","22.7","24","26.3"
"ACT","Highest","2024-25","667","Gwinnett County","4556","North Gwinnett High School","All Students","Science","1380130.","12190","907","107","19.6","21.6","22.9","25.4"
"ACT","Highest","2024-25","667","Gwinnett County","4556","North Gwinnett High School","All Students","Writing Subscore","1380130.","1711","155","TFS","6.1","6.7","7","TFS"
"ACT","Highest","2024-25","667","Gwinnett County","5550","Duluth High School","All Students","Composite","1380130.","12390","920","21","19.4","21.5","22.8","21.8"
"ACT","Highest","2024-25","667","Gwinnett County","5550","Duluth High School","All Students","English","1380130.","12389","920","21","18.4","20.7","21.6","20.4"
"ACT","Highest","2024-25","667","Gwinnett County","5550","Duluth High School","All Students","Mathematics","1380130.","12389","920","21","18.9","20.7","22.2","20.7"
"ACT","Highest","2024-25","667","Gwinnett County","5550","Duluth High School","All Students","Reading","1380130.","12389","920","21","20","22.7","24","24.4"
"ACT","Highest","2024-25","667","Gwinnett County","5550","Duluth High School","All Students","Science","1380130.","12190","907","20","19.6","21.6","22.9","21.3"
"ACT","Highest","2024-25","667","Gwinnett County","5550","Duluth High School","All Students","Writing Subscore","1380130.","1711","155","TFS","6.1","6.7","7","TFS"
"ACT","Highest","2024-25","668","Habersham County","2052","Habersham Central High School","All Students","Composite","1380130.","12390","TFS","TFS","19.4","21.5","TFS","TFS"
"ACT","Highest","2024-25","668","Habersham County","2052","Habersham Central High School","All Students","English","1380130.","12389","TFS","TFS","18.4","20.7","TFS","TFS"
"ACT","Highest","2024-25","668","Habersham County","2052","Habersham Central High School","All Students","Mathematics","1380130.","12389","TFS","TFS","18.9","20.7","TFS","TFS"
"ACT","Highest","2024-25","668","Habersham County","2052","Habersham Central High School","All Students","Reading","1380130.","12389","TFS","TFS","20","22.7","TFS","TFS"
"ACT","Highest","2024-25","668","Habersham County","2052","Habersham Central High School","All Students","Science","1380130.","12190","TFS","TFS","19.6","21.6","TFS","TFS"
"ACT","Highest","2024-25","669","Hall County","0102","Chestatee High School","All Students","Composite","1380130.","12390","85","13","19.4","21.5","20.8","20.5"
"ACT","Highest","2024-25","669","Hall County","0102","Chestatee High School","All Students","English","1380130.","12389","85","13","18.4","20.7","19.6","19.8"
"ACT","Highest","2024-25","669","Hall County","0102","Chestatee High School","All Students","Mathematics","1380130.","12389","85","13","18.9","20.7","20.4","18.8"
"ACT","Highest","2024-25","669","Hall County","0102","Chestatee High School","All Students","Reading","1380130.","12389","85","13","20","22.7","21.5","21.6"
"ACT","Highest","2024-25","669","Hall County","0102","Chestatee High School","All Students","Science","1380130.","12190","82","11","19.6","21.6","21.4","21.2"
"ACT","Highest","2024-25","669","Hall County","0102","Chestatee High School","All Students","Writing Subscore","1380130.","1711","11","TFS","6.1","6.7","6.5","TFS"
"ACT","Highest","2024-25","669","Hall County","0189","West Hall High School","All Students","Composite","1380130.","12390","85","TFS","19.4","21.5","20.8","TFS"
"ACT","Highest","2024-25","669","Hall County","0189","West Hall High School","All Students","English","1380130.","12389","85","TFS","18.4","20.7","19.6","TFS"
"ACT","Highest","2024-25","669","Hall County","0189","West Hall High School","All Students","Mathematics","1380130.","12389","85","TFS","18.9","20.7","20.4","TFS"
"ACT","Highest","2024-25","669","Hall County","0189","West Hall High School","All Students","Reading","1380130.","12389","85","TFS","20","22.7","21.5","TFS"
"ACT","Highest","2024-25","669","Hall County","0189","West Hall High School","All Students","Writing Subscore","1380130.","1711","11","TFS","6.1","6.7","6.5","TFS"
"ACT","Highest","2024-25","669","Hall County","0202","Flowery Branch High","All Students","Composite","1380130.","12390","85","17","19.4","21.5","20.8","19.5"
"ACT","Highest","2024-25","669","Hall County","0202","Flowery Branch High","All Students","English","1380130.","12389","85","17","18.4","20.7","19.6","16.9"
"ACT","Highest","2024-25","669","Hall County","0202","Flowery Branch High","All Students","Mathematics","1380130.","12389","85","17","18.9","20.7","20.4","20"
"ACT","Highest","2024-25","669","Hall County","0202","Flowery Branch High","All Students","Reading","1380130.","12389","85","17","20","22.7","21.5","19.5"
"ACT","Highest","2024-25","669","Hall County","0202","Flowery Branch High","All Students","Science","1380130.","12190","82","17","19.6","21.6","21.4","20.9"
"ACT","Highest","2024-25","669","Hall County","0202","Flowery Branch High","All Students","Writing Subscore","1380130.","1711","11","TFS","6.1","6.7","6.5","TFS"
"ACT","Highest","2024-25","669","Hall County","0391","Cherokee Bluff High School","All Students","Composite","1380130.","12390","85","12","19.4","21.5","20.8","23.6"
"ACT","Highest","2024-25","669","Hall County","0391","Cherokee Bluff High School","All Students","English","1380130.","12389","85","12","18.4","20.7","19.6","23.2"
"ACT","Highest","2024-25","669","Hall County","0391","Cherokee Bluff High School","All Students","Mathematics","1380130.","12389","85","12","18.9","20.7","20.4","22.9"
"ACT","Highest","2024-25","669","Hall County","0391","Cherokee Bluff High School","All Students","Reading","1380130.","12389","85","12","20","22.7","21.5","23.6"
"ACT","Highest","2024-25","669","Hall County","0391","Cherokee Bluff High School","All Students","Science","1380130.","12190","82","12","19.6","21.6","21.4","24.1"
"ACT","Highest","2024-25","669","Hall County","0391","Cherokee Bluff High School","All Students","Writing Subscore","1380130.","1711","11","TFS","6.1","6.7","6.5","TFS"
"ACT","Highest","2024-25","669","Hall County","1552","East Hall High School","All Students","Composite","1380130.","12390","85","TFS","19.4","21.5","20.8","TFS"
"ACT","Highest","2024-25","669","Hall County","1552","East Hall High School","All Students","English","1380130.","12389","85","TFS","18.4","20.7","19.6","TFS"
"ACT","Highest","2024-25","669","Hall County","1552","East Hall High School","All Students","Mathematics","1380130.","12389","85","TFS","18.9","20.7","20.4","TFS"
"ACT","Highest","2024-25","669","Hall County","1552","East Hall High School","All Students","Reading","1380130.","12389","85","TFS","20","22.7","21.5","TFS"
"ACT","Highest","2024-25","669","Hall County","1552","East Hall High School","All Students","Science","1380130.","12190","82","TFS","19.6","21.6","21.4","TFS"
"ACT","Highest","2024-25","669","Hall County","1556","North Hall High School","All Students","Composite","1380130.","12390","85","24","19.4","21.5","20.8","21.7"
"ACT","Highest","2024-25","669","Hall County","1556","North Hall High School","All Students","English","1380130.","12389","85","24","18.4","20.7","19.6","20.4"
"ACT","Highest","2024-25","669","Hall County","1556","North Hall High School","All Students","Mathematics","1380130.","12389","85","24","18.9","20.7","20.4","21.6"
"ACT","Highest","2024-25","669","Hall County","1556","North Hall High School","All Students","Reading","1380130.","12389","85","24","20","22.7","21.5","22.7"
"ACT","Highest","2024-25","669","Hall County","1556","North Hall High School","All Students","Science","1380130.","12190","82","24","19.6","21.6","21.4","21.4"
"ACT","Highest","2024-25","669","Hall County","1556","North Hall High School","All Students","Writing Subscore","1380130.","1711","11","TFS","6.1","6.7","6.5","TFS"
"ACT","Highest","2024-25","669","Hall County","4752","Johnson High School","All Students","Composite","1380130.","12390","85","12","19.4","21.5","20.8","21.9"
"ACT","Highest","2024-25","669","Hall County","4752","Johnson High School","All Students","English","1380130.","12389","85","12","18.4","20.7","19.6","20.6"
"ACT","Highest","2024-25","669","Hall County","4752","Johnson High School","All Students","Mathematics","1380130.","12389","85","12","18.9","20.7","20.4","20.4"
"ACT","Highest","2024-25","669","Hall County","4752","Johnson High School","All Students","Reading","1380130.","12389","85","12","20","22.7","21.5","23.3"
"ACT","Highest","2024-25","669","Hall County","4752","Johnson High School","All Students","Science","1380130.","12190","82","12","19.6","21.6","21.4","22.3"
"ACT","Highest","2024-25","669","Hall County","4752","Johnson High School","All Students","Writing Subscore","1380130.","1711","11","TFS","6.1","6.7","6.5","TFS"
"ACT","Highest","2024-25","671","Haralson County","3050","Haralson County High School","All Students","Composite","1380130.","12390","TFS","TFS","19.4","21.5","TFS","TFS"
"ACT","Highest","2024-25","671","Haralson County","3050","Haralson County High School","All Students","English","1380130.","12389","TFS","TFS","18.4","20.7","TFS","TFS"
"ACT","Highest","2024-25","671","Haralson County","3050","Haralson County High School","All Students","Mathematics","1380130.","12389","TFS","TFS","18.9","20.7","TFS","TFS"
"ACT","Highest","2024-25","671","Haralson County","3050","Haralson County High School","All Students","Reading","1380130.","12389","TFS","TFS","20","22.7","TFS","TFS"
"ACT","Highest","2024-25","671","Haralson County","3050","Haralson County High School","All Students","Science","1380130.","12190","TFS","TFS","19.6","21.6","TFS","TFS"
"ACT","Highest","2024-25","672","Harris County","0299","Harris County High School","All Students","Composite","1380130.","12390","44","44","19.4","21.5","21.5","21.5"
"ACT","Highest","2024-25","672","Harris County","0299","Harris County High School","All Students","English","1380130.","12389","44","44","18.4","20.7","19.6","19.6"
"ACT","Highest","2024-25","672","Harris County","0299","Harris County High School","All Students","Mathematics","1380130.","12389","44","44","18.9","20.7","20.9","20.9"
"ACT","Highest","2024-25","672","Harris County","0299","Harris County High School","All Students","Reading","1380130.","12389","44","44","20","22.7","23.6","23.6"
"ACT","Highest","2024-25","672","Harris County","0299","Harris County High School","All Students","Science","1380130.","12190","43","43","19.6","21.6","22.2","22.2"
"ACT","Highest","2024-25","672","Harris County","0299","Harris County High School","All Students","Writing Subscore","1380130.","1711","TFS","TFS","6.1","6.7","TFS","TFS"
"ACT","Highest","2024-25","673","Hart County","3050","Hart County High School","All Students","Composite","1380130.","12390","TFS","TFS","19.4","21.5","TFS","TFS"
"ACT","Highest","2024-25","673","Hart County","3050","Hart County High School","All Students","English","1380130.","12389","TFS","TFS","18.4","20.7","TFS","TFS"
"ACT","Highest","2024-25","673","Hart County","3050","Hart County High School","All Students","Mathematics","1380130.","12389","TFS","TFS","18.9","20.7","TFS","TFS"
"ACT","Highest","2024-25","673","Hart County","3050","Hart County High School","All Students","Reading","1380130.","12389","TFS","TFS","20","22.7","TFS","TFS"
"ACT","Highest","2024-25","673","Hart County","3050","Hart County High School","All Students","Science","1380130.","12190","TFS","TFS","19.6","21.6","TFS","TFS"
"ACT","Highest","2024-25","673","Hart County","3050","Hart County High School","All Students","Writing Subscore","1380130.","1711","TFS","TFS","6.1","6.7","TFS","TFS"
"ACT","Highest","2024-25","674","Heard County","0110","Heard County High School","All Students","Composite","1380130.","12390","26","26","19.4","21.5","21.4","21.4"
"ACT","Highest","2024-25","674","Heard County","0110","Heard County High School","All Students","English","1380130.","12389","26","26","18.4","20.7","20.4","20.4"
"ACT","Highest","2024-25","674","Heard County","0110","Heard County High School","All Students","Mathematics","1380130.","12389","26","26","18.9","20.7","20.5","20.5"
"ACT","Highest","2024-25","674","Heard County","0110","Heard County High School","All Students","Reading","1380130.","12389","26","26","20","22.7","23","23"
"ACT","Highest","2024-25","674","Heard County","0110","Heard County High School","All Students","Science","1380130.","12190","25","25","19.6","21.6","21.7","21.7"
"ACT","Highest","2024-25","674","Heard County","0110","Heard County High School","All Students","Writing Subscore","1380130.","1711","TFS","TFS","6.1","6.7","TFS","TFS"
"ACT","Highest","2024-25","675","Henry County","0101","Union Grove High","All Students","Composite","1380130.","12390","505","85","19.4","21.5","17.8","20.4"
"ACT","Highest","2024-25","675","Henry County","0101","Union Grove High","All Students","English","1380130.","12389","505","85","18.4","20.7","16.7","19.8"
"ACT","Highest","2024-25","675","Henry County","0101","Union Grove High","All Students","Mathematics","1380130.","12389","505","85","18.9","20.7","17","19.5"
"ACT","Highest","2024-25","675","Henry County","0101","Union Grove High","All Students","Reading","1380130.","12389","505","85","20","22.7","19","21.2"
"ACT","Highest","2024-25","675","Henry County","0101","Union Grove High","All Students","Science","1380130.","12190","493","82","19.6","21.6","18","20.7"
"ACT","Highest","2024-25","675","Henry County","0101","Union Grove High","All Students","Writing Subscore","1380130.","1711","89","16","6.1","6.7","6.2","6.3"
"ACT","Highest","2024-25","675","Henry County","0104","Luella High School","All Students","Composite","1380130.","12390","505","32","19.4","21.5","17.8","18.6"
"ACT","Highest","2024-25","675","Henry County","0104","Luella High School","All Students","English","1380130.","12389","505","32","18.4","20.7","16.7","17.3"
"ACT","Highest","2024-25","675","Henry County","0104","Luella High School","All Students","Mathematics","1380130.","12389","505","32","18.9","20.7","17","17.3"
"ACT","Highest","2024-25","675","Henry County","0104","Luella High School","All Students","Reading","1380130.","12389","505","32","20","22.7","19","20.6"
"ACT","Highest","2024-25","675","Henry County","0104","Luella High School","All Students","Science","1380130.","12190","493","31","19.6","21.6","18","18.7"
"ACT","Highest","2024-25","675","Henry County","0104","Luella High School","All Students","Writing Subscore","1380130.","1711","89","TFS","6.1","6.7","6.2","TFS"
"ACT","Highest","2024-25","675","Henry County","0105","Dutchtown High","All Students","Composite","1380130.","12390","505","125","19.4","21.5","17.8","16.5"
"ACT","Highest","2024-25","675","Henry County","0105","Dutchtown High","All Students","English","1380130.","12389","505","125","18.4","20.7","16.7","15.6"
"ACT","Highest","2024-25","675","Henry County","0105","Dutchtown High","All Students","Mathematics","1380130.","12389","505","125","18.9","20.7","17","15.7"
"ACT","Highest","2024-25","675","Henry County","0105","Dutchtown High","All Students","Reading","1380130.","12389","505","125","20","22.7","19","17.7"
"ACT","Highest","2024-25","675","Henry County","0105","Dutchtown High","All Students","Science","1380130.","12190","493","125","19.6","21.6","18","16.4"
"ACT","Highest","2024-25","675","Henry County","0105","Dutchtown High","All Students","Writing Subscore","1380130.","1711","89","TFS","6.1","6.7","6.2","TFS"
"ACT","Highest","2024-25","675","Henry County","0214","Locust Grove High","All Students","Composite","1380130.","12390","505","18","19.4","21.5","17.8","20.3"
"ACT","Highest","2024-25","675","Henry County","0214","Locust Grove High","All Students","English","1380130.","12389","505","18","18.4","20.7","16.7","18.8"
"ACT","Highest","2024-25","675","Henry County","0214","Locust Grove High","All Students","Mathematics","1380130.","12389","505","18","18.9","20.7","17","19.3"
"ACT","Highest","2024-25","675","Henry County","0214","Locust Grove High","All Students","Reading","1380130.","12389","505","18","20","22.7","19","22"
"ACT","Highest","2024-25","675","Henry County","0214","Locust Grove High","All Students","Science","1380130.","12190","493","18","19.6","21.6","18","20.6"
"ACT","Highest","2024-25","675","Henry County","0214","Locust Grove High","All Students","Writing Subscore","1380130.","1711","89","TFS","6.1","6.7","6.2","TFS"
"ACT","Highest","2024-25","675","Henry County","0295","Stockbridge High School","All Students","Composite","1380130.","12390","505","39","19.4","21.5","17.8","15.8"
"ACT","Highest","2024-25","675","Henry County","0295","Stockbridge High School","All Students","English","1380130.","12389","505","39","18.4","20.7","16.7","14.3"
"ACT","Highest","2024-25","675","Henry County","0295","Stockbridge High School","All Students","Mathematics","1380130.","12389","505","39","18.9","20.7","17","15.3"
"ACT","Highest","2024-25","675","Henry County","0295","Stockbridge High School","All Students","Reading","1380130.","12389","505","39","20","22.7","19","17.2"
"ACT","Highest","2024-25","675","Henry County","0295","Stockbridge High School","All Students","Science","1380130.","12190","493","35","19.6","21.6","18","16.6"
"ACT","Highest","2024-25","675","Henry County","0295","Stockbridge High School","All Students","Writing Subscore","1380130.","1711","89","TFS","6.1","6.7","6.2","TFS"
"ACT","Highest","2024-25","675","Henry County","0307","Ola High School","All Students","Composite","1380130.","12390","505","57","19.4","21.5","17.8","19.3"
"ACT","Highest","2024-25","675","Henry County","0307","Ola High School","All Students","English","1380130.","12389","505","57","18.4","20.7","16.7","18.1"
"ACT","Highest","2024-25","675","Henry County","0307","Ola High School","All Students","Mathematics","1380130.","12389","505","57","18.9","20.7","17","18.9"
"ACT","Highest","2024-25","675","Henry County","0307","Ola High School","All Students","Reading","1380130.","12389","505","57","20","22.7","19","20.3"
"ACT","Highest","2024-25","675","Henry County","0307","Ola High School","All Students","Science","1380130.","12190","493","56","19.6","21.6","18","19.5"
"ACT","Highest","2024-25","675","Henry County","0307","Ola High School","All Students","Writing Subscore","1380130.","1711","89","14","6.1","6.7","6.2","6.1"
"ACT","Highest","2024-25","675","Henry County","0315","Hampton High School","All Students","Composite","1380130.","12390","505","35","19.4","21.5","17.8","16.7"
"ACT","Highest","2024-25","675","Henry County","0315","Hampton High School","All Students","English","1380130.","12389","505","35","18.4","20.7","16.7","15.6"
"ACT","Highest","2024-25","675","Henry County","0315","Hampton High School","All Students","Mathematics","1380130.","12389","505","35","18.9","20.7","17","15.8"
"ACT","Highest","2024-25","675","Henry County","0315","Hampton High School","All Students","Reading","1380130.","12389","505","35","20","22.7","19","18"
"ACT","Highest","2024-25","675","Henry County","0315","Hampton High School","All Students","Science","1380130.","12190","493","35","19.6","21.6","18","17.3"
"ACT","Highest","2024-25","675","Henry County","0315","Hampton High School","All Students","Writing Subscore","1380130.","1711","89","11","6.1","6.7","6.2","6.1"
"ACT","Highest","2024-25","675","Henry County","0391","Eagle's Landing High School","All Students","Composite","1380130.","12390","505","32","19.4","21.5","17.8","16.5"
"ACT","Highest","2024-25","675","Henry County","0391","Eagle's Landing High School","All Students","English","1380130.","12389","505","32","18.4","20.7","16.7","15.8"
"ACT","Highest","2024-25","675","Henry County","0391","Eagle's Landing High School","All Students","Mathematics","1380130.","12389","505","32","18.9","20.7","17","15.6"
"ACT","Highest","2024-25","675","Henry County","0391","Eagle's Landing High School","All Students","Reading","1380130.","12389","505","32","20","22.7","19","17.7"
"ACT","Highest","2024-25","675","Henry County","0391","Eagle's Landing High School","All Students","Science","1380130.","12190","493","31","19.6","21.6","18","16.8"
"ACT","Highest","2024-25","675","Henry County","0391","Eagle's Landing High School","All Students","Writing Subscore","1380130.","1711","89","TFS","6.1","6.7","6.2","TFS"
"ACT","Highest","2024-25","675","Henry County","0408","Woodland High School","All Students","Composite","1380130.","12390","505","35","19.4","21.5","17.8","18.8"
"ACT","Highest","2024-25","675","Henry County","0408","Woodland High School","All Students","English","1380130.","12389","505","35","18.4","20.7","16.7","17.1"
"ACT","Highest","2024-25","675","Henry County","0408","Woodland High School","All Students","Mathematics","1380130.","12389","505","35","18.9","20.7","17","18.8"
"ACT","Highest","2024-25","675","Henry County","0408","Woodland High School","All Students","Reading","1380130.","12389","505","35","20","22.7","19","20.1"
"ACT","Highest","2024-25","675","Henry County","0408","Woodland High School","All Students","Science","1380130.","12190","493","34","19.6","21.6","18","18.4"
"ACT","Highest","2024-25","675","Henry County","0408","Woodland High School","All Students","Writing Subscore","1380130.","1711","89","TFS","6.1","6.7","6.2","TFS"
"ACT","Highest","2024-25","675","Henry County","3050","McDonough High School","All Students","Composite","1380130.","12390","505","43","19.4","21.5","17.8","15.6"
"ACT","Highest","2024-25","675","Henry County","3050","McDonough High School","All Students","English","1380130.","12389","505","43","18.4","20.7","16.7","14.5"
"ACT","Highest","2024-25","675","Henry County","3050","McDonough High School","All Students","Mathematics","1380130.","12389","505","43","18.9","20.7","17","14.7"
"ACT","Highest","2024-25","675","Henry County","3050","McDonough High School","All Students","Reading","1380130.","12389","505","43","20","22.7","19","16.5"
"ACT","Highest","2024-25","675","Henry County","3050","McDonough High School","All Students","Science","1380130.","12190","493","42","19.6","21.6","18","16.4"
"ACT","Highest","2024-25","675","Henry County","3050","McDonough High School","All Students","Writing Subscore","1380130.","1711","89","11","6.1","6.7","6.2","6.1"
"ACT","Highest","2024-25","675","Henry County","6001","Impact Academy","All Students","Composite","1380130.","12390","505","TFS","19.4","21.5","17.8","TFS"
"ACT","Highest","2024-25","675","Henry County","6001","Impact Academy","All Students","English","1380130.","12389","505","TFS","18.4","20.7","16.7","TFS"
"ACT","Highest","2024-25","675","Henry County","6001","Impact Academy","All Students","Mathematics","1380130.","12389","505","TFS","18.9","20.7","17","TFS"
"ACT","Highest","2024-25","675","Henry County","6001","Impact Academy","All Students","Reading","1380130.","12389","505","TFS","20","22.7","19","TFS"
"ACT","Highest","2024-25","675","Henry County","6001","Impact Academy","All Students","Science","1380130.","12190","493","TFS","19.6","21.6","18","TFS"
"ACT","Highest","2024-25","676","Houston County","0111","Veterans High School","All Students","Composite","1380130.","12390","169","47","19.4","21.5","21.3","22.2"
"ACT","Highest","2024-25","676","Houston County","0111","Veterans High School","All Students","English","1380130.","12389","169","47","18.4","20.7","19.8","21.2"
"ACT","Highest","2024-25","676","Houston County","0111","Veterans High School","All Students","Mathematics","1380130.","12389","169","47","18.9","20.7","20.7","21.8"
"ACT","Highest","2024-25","676","Houston County","0111","Veterans High School","All Students","Reading","1380130.","12389","169","47","20","22.7","22.9","23.8"
"ACT","Highest","2024-25","676","Houston County","0111","Veterans High School","All Students","Science","1380130.","12190","165","47","19.6","21.6","21.8","21.7"
"ACT","Highest","2024-25","676","Houston County","0111","Veterans High School","All Students","Writing Subscore","1380130.","1711","48","12","6.1","6.7","7.2","8"
"ACT","Highest","2024-25","676","Houston County","0192","Houston County High School","All Students","Composite","1380130.","12390","169","65","19.4","21.5","21.3","21.6"
"ACT","Highest","2024-25","676","Houston County","0192","Houston County High School","All Students","English","1380130.","12389","169","65","18.4","20.7","19.8","20.1"
"ACT","Highest","2024-25","676","Houston County","0192","Houston County High School","All Students","Mathematics","1380130.","12389","169","65","18.9","20.7","20.7","20.5"
"ACT","Highest","2024-25","676","Houston County","0192","Houston County High School","All Students","Reading","1380130.","12389","169","65","20","22.7","22.9","23.2"
"ACT","Highest","2024-25","676","Houston County","0192","Houston County High School","All Students","Science","1380130.","12190","165","63","19.6","21.6","21.8","22.3"
"ACT","Highest","2024-25","676","Houston County","0192","Houston County High School","All Students","Writing Subscore","1380130.","1711","48","20","6.1","6.7","7.2","7.1"
"ACT","Highest","2024-25","676","Houston County","1054","Perry High School","All Students","Composite","1380130.","12390","169","30","19.4","21.5","21.3","21.5"
"ACT","Highest","2024-25","676","Houston County","1054","Perry High School","All Students","English","1380130.","12389","169","30","18.4","20.7","19.8","18.8"
"ACT","Highest","2024-25","676","Houston County","1054","Perry High School","All Students","Mathematics","1380130.","12389","169","30","18.9","20.7","20.7","21.3"
"ACT","Highest","2024-25","676","Houston County","1054","Perry High School","All Students","Reading","1380130.","12389","169","30","20","22.7","22.9","22.7"
"ACT","Highest","2024-25","676","Houston County","1054","Perry High School","All Students","Science","1380130.","12190","165","29","19.6","21.6","21.8","22.9"
"ACT","Highest","2024-25","676","Houston County","1054","Perry High School","All Students","Writing Subscore","1380130.","1711","48","TFS","6.1","6.7","7.2","TFS"
"ACT","Highest","2024-25","676","Houston County","2052","Northside High School","All Students","Composite","1380130.","12390","169","15","19.4","21.5","21.3","19.5"
"ACT","Highest","2024-25","676","Houston County","2052","Northside High School","All Students","English","1380130.","12389","169","15","18.4","20.7","19.8","18.6"
"ACT","Highest","2024-25","676","Houston County","2052","Northside High School","All Students","Mathematics","1380130.","12389","169","15","18.9","20.7","20.7","18.5"
"ACT","Highest","2024-25","676","Houston County","2052","Northside High School","All Students","Reading","1380130.","12389","169","15","20","22.7","22.9","20.5"
"ACT","Highest","2024-25","676","Houston County","2052","Northside High School","All Students","Science","1380130.","12190","165","14","19.6","21.6","21.8","20.4"
"ACT","Highest","2024-25","676","Houston County","2052","Northside High School","All Students","Writing Subscore","1380130.","1711","48","TFS","6.1","6.7","7.2","TFS"
"ACT","Highest","2024-25","676","Houston County","4056","Warner Robins High School","All Students","Composite","1380130.","12390","169","12","19.4","21.5","21.3","18.4"
"ACT","Highest","2024-25","676","Houston County","4056","Warner Robins High School","All Students","English","1380130.","12389","169","12","18.4","20.7","19.8","16.8"
"ACT","Highest","2024-25","676","Houston County","4056","Warner Robins High School","All Students","Mathematics","1380130.","12389","169","12","18.9","20.7","20.7","17.9"
"ACT","Highest","2024-25","676","Houston County","4056","Warner Robins High School","All Students","Reading","1380130.","12389","169","12","20","22.7","22.9","20.8"
"ACT","Highest","2024-25","676","Houston County","4056","Warner Robins High School","All Students","Science","1380130.","12190","165","12","19.6","21.6","21.8","18.1"
"ACT","Highest","2024-25","676","Houston County","4056","Warner Robins High School","All Students","Writing Subscore","1380130.","1711","48","TFS","6.1","6.7","7.2","TFS"
"ACT","Highest","2024-25","677","Irwin County","2050","Irwin County High School","All Students","Composite","1380130.","12390","11","11","19.4","21.5","18","18"
"ACT","Highest","2024-25","677","Irwin County","2050","Irwin County High School","All Students","English","1380130.","12389","11","11","18.4","20.7","15.5","15.5"
"ACT","Highest","2024-25","677","Irwin County","2050","Irwin County High School","All Students","Mathematics","1380130.","12389","11","11","18.9","20.7","17.9","17.9"
"ACT","Highest","2024-25","677","Irwin County","2050","Irwin County High School","All Students","Reading","1380130.","12389","11","11","20","22.7","20","20"
"ACT","Highest","2024-25","677","Irwin County","2050","Irwin County High School","All Students","Science","1380130.","12190","11","11","19.6","21.6","18","18"
"ACT","Highest","2024-25","677","Irwin County","2050","Irwin County High School","All Students","Writing Subscore","1380130.","1711","TFS","TFS","6.1","6.7","TFS","TFS"
"ACT","Highest","2024-25","678","Jackson County","0107","East Jackson Comprehensive High School","All Students","Composite","1380130.","12390","145","32","19.4","21.5","20.7","21.7"
"ACT","Highest","2024-25","678","Jackson County","0107","East Jackson Comprehensive High School","All Students","English","1380130.","12389","145","32","18.4","20.7","19.5","20.3"
"ACT","Highest","2024-25","678","Jackson County","0107","East Jackson Comprehensive High School","All Students","Mathematics","1380130.","12389","145","32","18.9","20.7","19.6","20.8"
"ACT","Highest","2024-25","678","Jackson County","0107","East Jackson Comprehensive High School","All Students","Reading","1380130.","12389","145","32","20","22.7","22.2","23.3"
"ACT","Highest","2024-25","678","Jackson County","0107","East Jackson Comprehensive High School","All Students","Science","1380130.","12190","144","32","19.6","21.6","20.9","21.7"
"ACT","Highest","2024-25","678","Jackson County","0191","Jackson County High School","All Students","Composite","1380130.","12390","145","113","19.4","21.5","20.7","20.4"
"ACT","Highest","2024-25","678","Jackson County","0191","Jackson County High School","All Students","English","1380130.","12389","145","113","18.4","20.7","19.5","19.2"
"ACT","Highest","2024-25","678","Jackson County","0191","Jackson County High School","All Students","Mathematics","1380130.","12389","145","113","18.9","20.7","19.6","19.2"
"ACT","Highest","2024-25","678","Jackson County","0191","Jackson County High School","All Students","Reading","1380130.","12389","145","113","20","22.7","22.2","21.9"
"ACT","Highest","2024-25","678","Jackson County","0191","Jackson County High School","All Students","Science","1380130.","12190","144","112","19.6","21.6","20.9","20.7"
"ACT","Highest","2024-25","678","Jackson County","0191","Jackson County High School","All Students","Writing Subscore","1380130.","1711","TFS","TFS","6.1","6.7","TFS","TFS"
"ACT","Highest","2024-25","679","Jasper County","0108","Jasper County High School","All Students","Composite","1380130.","12390","TFS","TFS","19.4","21.5","TFS","TFS"
"ACT","Highest","2024-25","679","Jasper County","0108","Jasper County High School","All Students","English","1380130.","12389","TFS","TFS","18.4","20.7","TFS","TFS"
"ACT","Highest","2024-25","679","Jasper County","0108","Jasper County High School","All Students","Mathematics","1380130.","12389","TFS","TFS","18.9","20.7","TFS","TFS"
"ACT","Highest","2024-25","679","Jasper County","0108","Jasper County High School","All Students","Reading","1380130.","12389","TFS","TFS","20","22.7","TFS","TFS"
"ACT","Highest","2024-25","679","Jasper County","0108","Jasper County High School","All Students","Science","1380130.","12190","TFS","TFS","19.6","21.6","TFS","TFS"
"ACT","Highest","2024-25","680","Jeff Davis County","0199","Jeff Davis High School","All Students","Composite","1380130.","12390","TFS","TFS","19.4","21.5","TFS","TFS"
"ACT","Highest","2024-25","680","Jeff Davis County","0199","Jeff Davis High School","All Students","English","1380130.","12389","TFS","TFS","18.4","20.7","TFS","TFS"
"ACT","Highest","2024-25","680","Jeff Davis County","0199","Jeff Davis High School","All Students","Mathematics","1380130.","12389","TFS","TFS","18.9","20.7","TFS","TFS"
"ACT","Highest","2024-25","680","Jeff Davis County","0199","Jeff Davis High School","All Students","Reading","1380130.","12389","TFS","TFS","20","22.7","TFS","TFS"
"ACT","Highest","2024-25","680","Jeff Davis County","0199","Jeff Davis High School","All Students","Science","1380130.","12190","TFS","TFS","19.6","21.6","TFS","TFS"
"ACT","Highest","2024-25","680","Jeff Davis County","0199","Jeff Davis High School","All Students","Writing Subscore","1380130.","1711","TFS","TFS","6.1","6.7","TFS","TFS"
"ACT","Highest","2024-25","681","Jefferson County","0196","Jefferson County High School","All Students","Composite","1380130.","12390","TFS","TFS","19.4","21.5","TFS","TFS"
"ACT","Highest","2024-25","681","Jefferson County","0196","Jefferson County High School","All Students","English","1380130.","12389","TFS","TFS","18.4","20.7","TFS","TFS"
"ACT","Highest","2024-25","681","Jefferson County","0196","Jefferson County High School","All Students","Mathematics","1380130.","12389","TFS","TFS","18.9","20.7","TFS","TFS"
"ACT","Highest","2024-25","681","Jefferson County","0196","Jefferson County High School","All Students","Reading","1380130.","12389","TFS","TFS","20","22.7","TFS","TFS"
"ACT","Highest","2024-25","681","Jefferson County","0196","Jefferson County High School","All Students","Science","1380130.","12190","TFS","TFS","19.6","21.6","TFS","TFS"
"ACT","Highest","2024-25","682","Jenkins County","0201","Jenkins County High School","All Students","Composite","1380130.","12390","TFS","TFS","19.4","21.5","TFS","TFS"
"ACT","Highest","2024-25","682","Jenkins County","0201","Jenkins County High School","All Students","English","1380130.","12389","TFS","TFS","18.4","20.7","TFS","TFS"
"ACT","Highest","2024-25","682","Jenkins County","0201","Jenkins County High School","All Students","Mathematics","1380130.","12389","TFS","TFS","18.9","20.7","TFS","TFS"
"ACT","Highest","2024-25","682","Jenkins County","0201","Jenkins County High School","All Students","Reading","1380130.","12389","TFS","TFS","20","22.7","TFS","TFS"
"ACT","Highest","2024-25","682","Jenkins County","0201","Jenkins County High School","All Students","Science","1380130.","12190","TFS","TFS","19.6","21.6","TFS","TFS"
"ACT","Highest","2024-25","682","Jenkins County","0201","Jenkins County High School","All Students","Writing Subscore","1380130.","1711","TFS","TFS","6.1","6.7","TFS","TFS"
"ACT","Highest","2024-25","683","Johnson County","0201","Johnson County High School","All Students","Composite","1380130.","12390","TFS","TFS","19.4","21.5","TFS","TFS"
"ACT","Highest","2024-25","683","Johnson County","0201","Johnson County High School","All Students","English","1380130.","12389","TFS","TFS","18.4","20.7","TFS","TFS"
"ACT","Highest","2024-25","683","Johnson County","0201","Johnson County High School","All Students","Mathematics","1380130.","12389","TFS","TFS","18.9","20.7","TFS","TFS"
"ACT","Highest","2024-25","683","Johnson County","0201","Johnson County High School","All Students","Reading","1380130.","12389","TFS","TFS","20","22.7","TFS","TFS"
"ACT","Highest","2024-25","683","Johnson County","0201","Johnson County High School","All Students","Science","1380130.","12190","TFS","TFS","19.6","21.6","TFS","TFS"
"ACT","Highest","2024-25","684","Jones County","0192","Jones County High School","All Students","Composite","1380130.","12390","15","15","19.4","21.5","21.4","21.4"
"ACT","Highest","2024-25","684","Jones County","0192","Jones County High School","All Students","English","1380130.","12389","15","15","18.4","20.7","19","19"
"ACT","Highest","2024-25","684","Jones County","0192","Jones County High School","All Students","Mathematics","1380130.","12389","15","15","18.9","20.7","20.7","20.7"
"ACT","Highest","2024-25","684","Jones County","0192","Jones County High School","All Students","Reading","1380130.","12389","15","15","20","22.7","23.4","23.4"
"ACT","Highest","2024-25","684","Jones County","0192","Jones County High School","All Students","Science","1380130.","12190","15","15","19.6","21.6","21.5","21.5"
"ACT","Highest","2024-25","684","Jones County","0192","Jones County High School","All Students","Writing Subscore","1380130.","1711","TFS","TFS","6.1","6.7","TFS","TFS"
"ACT","Highest","2024-25","685","Lamar County","0175","Lamar County High School","All Students","Composite","1380130.","12390","TFS","TFS","19.4","21.5","TFS","TFS"
"ACT","Highest","2024-25","685","Lamar County","0175","Lamar County High School","All Students","English","1380130.","12389","TFS","TFS","18.4","20.7","TFS","TFS"
"ACT","Highest","2024-25","685","Lamar County","0175","Lamar County High School","All Students","Mathematics","1380130.","12389","TFS","TFS","18.9","20.7","TFS","TFS"
"ACT","Highest","2024-25","685","Lamar County","0175","Lamar County High School","All Students","Reading","1380130.","12389","TFS","TFS","20","22.7","TFS","TFS"
"ACT","Highest","2024-25","685","Lamar County","0175","Lamar County High School","All Students","Science","1380130.","12190","TFS","TFS","19.6","21.6","TFS","TFS"
"ACT","Highest","2024-25","685","Lamar County","0175","Lamar County High School","All Students","Writing Subscore","1380130.","1711","TFS","TFS","6.1","6.7","TFS","TFS"
"ACT","Highest","2024-25","686","Lanier County","0201","Lanier County High School","All Students","Composite","1380130.","12390","TFS","TFS","19.4","21.5","TFS","TFS"
"ACT","Highest","2024-25","686","Lanier County","0201","Lanier County High School","All Students","English","1380130.","12389","TFS","TFS","18.4","20.7","TFS","TFS"
"ACT","Highest","2024-25","686","Lanier County","0201","Lanier County High School","All Students","Mathematics","1380130.","12389","TFS","TFS","18.9","20.7","TFS","TFS"
"ACT","Highest","2024-25","686","Lanier County","0201","Lanier County High School","All Students","Reading","1380130.","12389","TFS","TFS","20","22.7","TFS","TFS"
"ACT","Highest","2024-25","686","Lanier County","0201","Lanier County High School","All Students","Science","1380130.","12190","TFS","TFS","19.6","21.6","TFS","TFS"
"ACT","Highest","2024-25","686","Lanier County","0201","Lanier County High School","All Students","Writing Subscore","1380130.","1711","TFS","TFS","6.1","6.7","TFS","TFS"
"ACT","Highest","2024-25","687","Laurens County","0110","West Laurens High School","All Students","Composite","1380130.","12390","19","13","19.4","21.5","20.8","21.5"
"ACT","Highest","2024-25","687","Laurens County","0110","West Laurens High School","All Students","English","1380130.","12389","19","13","18.4","20.7","20.3","21.5"
"ACT","Highest","2024-25","687","Laurens County","0110","West Laurens High School","All Students","Mathematics","1380130.","12389","19","13","18.9","20.7","20.2","20.1"
"ACT","Highest","2024-25","687","Laurens County","0110","West Laurens High School","All Students","Reading","1380130.","12389","19","13","20","22.7","22.5","24"
"ACT","Highest","2024-25","687","Laurens County","0110","West Laurens High School","All Students","Science","1380130.","12190","19","13","19.6","21.6","19.7","19.7"
"ACT","Highest","2024-25","687","Laurens County","0197","East Laurens High School","All Students","Composite","1380130.","12390","19","TFS","19.4","21.5","20.8","TFS"
"ACT","Highest","2024-25","687","Laurens County","0197","East Laurens High School","All Students","English","1380130.","12389","19","TFS","18.4","20.7","20.3","TFS"
"ACT","Highest","2024-25","687","Laurens County","0197","East Laurens High School","All Students","Mathematics","1380130.","12389","19","TFS","18.9","20.7","20.2","TFS"
"ACT","Highest","2024-25","687","Laurens County","0197","East Laurens High School","All Students","Reading","1380130.","12389","19","TFS","20","22.7","22.5","TFS"
"ACT","Highest","2024-25","687","Laurens County","0197","East Laurens High School","All Students","Science","1380130.","12190","19","TFS","19.6","21.6","19.7","TFS"
"ACT","Highest","2024-25","688","Lee County","0193","Lee County High School","All Students","Composite","1380130.","12390","36","36","19.4","21.5","21.3","21.3"
"ACT","Highest","2024-25","688","Lee County","0193","Lee County High School","All Students","English","1380130.","12389","36","36","18.4","20.7","20.6","20.6"
"ACT","Highest","2024-25","688","Lee County","0193","Lee County High School","All Students","Mathematics","1380130.","12389","36","36","18.9","20.7","20.3","20.3"
"ACT","Highest","2024-25","688","Lee County","0193","Lee County High School","All Students","Reading","1380130.","12389","36","36","20","22.7","22.8","22.8"
"ACT","Highest","2024-25","688","Lee County","0193","Lee County High School","All Students","Science","1380130.","12190","34","34","19.6","21.6","20.8","20.8"
"ACT","Highest","2024-25","688","Lee County","0193","Lee County High School","All Students","Writing Subscore","1380130.","1711","TFS","TFS","6.1","6.7","TFS","TFS"
"ACT","Highest","2024-25","689","Liberty County","0105","Bradwell Institute","All Students","Composite","1380130.","12390","89","48","19.4","21.5","18.3","18.6"
"ACT","Highest","2024-25","689","Liberty County","0105","Bradwell Institute","All Students","English","1380130.","12389","89","48","18.4","20.7","17.2","17.9"
"ACT","Highest","2024-25","689","Liberty County","0105","Bradwell Institute","All Students","Mathematics","1380130.","12389","89","48","18.9","20.7","17","17.3"
"ACT","Highest","2024-25","689","Liberty County","0105","Bradwell Institute","All Students","Reading","1380130.","12389","89","48","20","22.7","19.8","19.9"
"ACT","Highest","2024-25","689","Liberty County","0105","Bradwell Institute","All Students","Science","1380130.","12190","88","47","19.6","21.6","18.9","18.8"
"ACT","Highest","2024-25","689","Liberty County","0105","Bradwell Institute","All Students","Writing Subscore","1380130.","1711","10","TFS","6.1","6.7","7.2","TFS"
"ACT","Highest","2024-25","689","Liberty County","0192","Liberty County High School","All Students","Composite","1380130.","12390","89","41","19.4","21.5","18.3","18"
"ACT","Highest","2024-25","689","Liberty County","0192","Liberty County High School","All Students","English","1380130.","12389","89","41","18.4","20.7","17.2","16.3"
"ACT","Highest","2024-25","689","Liberty County","0192","Liberty County High School","All Students","Mathematics","1380130.","12389","89","41","18.9","20.7","17","16.6"
"ACT","Highest","2024-25","689","Liberty County","0192","Liberty County High School","All Students","Reading","1380130.","12389","89","41","20","22.7","19.8","19.7"
"ACT","Highest","2024-25","689","Liberty County","0192","Liberty County High School","All Students","Science","1380130.","12190","88","41","19.6","21.6","18.9","18.9"
"ACT","Highest","2024-25","689","Liberty County","0192","Liberty County High School","All Students","Writing Subscore","1380130.","1711","10","TFS","6.1","6.7","7.2","TFS"
"ACT","Highest","2024-25","690","Lincoln County","0110","Lincoln County High School","All Students","Composite","1380130.","12390","TFS","TFS","19.4","21.5","TFS","TFS"
"ACT","Highest","2024-25","690","Lincoln County","0110","Lincoln County High School","All Students","English","1380130.","12389","TFS","TFS","18.4","20.7","TFS","TFS"
"ACT","Highest","2024-25","690","Lincoln County","0110","Lincoln County High School","All Students","Mathematics","1380130.","12389","TFS","TFS","18.9","20.7","TFS","TFS"
"ACT","Highest","2024-25","690","Lincoln County","0110","Lincoln County High School","All Students","Reading","1380130.","12389","TFS","TFS","20","22.7","TFS","TFS"
"ACT","Highest","2024-25","690","Lincoln County","0110","Lincoln County High School","All Students","Science","1380130.","12190","TFS","TFS","19.6","21.6","TFS","TFS"
"ACT","Highest","2024-25","691","Long County","0205","Long County High School","All Students","Composite","1380130.","12390","10","10","19.4","21.5","19.6","19.6"
"ACT","Highest","2024-25","691","Long County","0205","Long County High School","All Students","English","1380130.","12389","10","10","18.4","20.7","18.4","18.4"
"ACT","Highest","2024-25","691","Long County","0205","Long County High School","All Students","Mathematics","1380130.","12389","10","10","18.9","20.7","18.9","18.9"
"ACT","Highest","2024-25","691","Long County","0205","Long County High School","All Students","Reading","1380130.","12389","10","10","20","22.7","20","20"
"ACT","Highest","2024-25","691","Long County","0205","Long County High School","All Students","Science","1380130.","12190","10","10","19.6","21.6","20.5","20.5"
"ACT","Highest","2024-25","691","Long County","0205","Long County High School","All Students","Writing Subscore","1380130.","1711","TFS","TFS","6.1","6.7","TFS","TFS"
"ACT","Highest","2024-25","692","Lowndes County","5050","Lowndes High School","All Students","Composite","1380130.","12390","57","57","19.4","21.5","20.6","20.6"
"ACT","Highest","2024-25","692","Lowndes County","5050","Lowndes High School","All Students","English","1380130.","12389","57","57","18.4","20.7","19.2","19.2"
"ACT","Highest","2024-25","692","Lowndes County","5050","Lowndes High School","All Students","Mathematics","1380130.","12389","57","57","18.9","20.7","19.5","19.5"
"ACT","Highest","2024-25","692","Lowndes County","5050","Lowndes High School","All Students","Reading","1380130.","12389","57","57","20","22.7","22.3","22.3"
"ACT","Highest","2024-25","692","Lowndes County","5050","Lowndes High School","All Students","Science","1380130.","12190","55","55","19.6","21.6","21","21"
"ACT","Highest","2024-25","692","Lowndes County","5050","Lowndes High School","All Students","Writing Subscore","1380130.","1711","TFS","TFS","6.1","6.7","TFS","TFS"
"ACT","Highest","2024-25","693","Lumpkin County","0101","Lumpkin County High School","All Students","Composite","1380130.","12390","22","22","19.4","21.5","22.5","22.5"
"ACT","Highest","2024-25","693","Lumpkin County","0101","Lumpkin County High School","All Students","English","1380130.","12389","22","22","18.4","20.7","20.9","20.9"
"ACT","Highest","2024-25","693","Lumpkin County","0101","Lumpkin County High School","All Students","Mathematics","1380130.","12389","22","22","18.9","20.7","21.2","21.2"
"ACT","Highest","2024-25","693","Lumpkin County","0101","Lumpkin County High School","All Students","Reading","1380130.","12389","22","22","20","22.7","24.3","24.3"
"ACT","Highest","2024-25","693","Lumpkin County","0101","Lumpkin County High School","All Students","Science","1380130.","12190","22","22","19.6","21.6","23.6","23.6"
"ACT","Highest","2024-25","693","Lumpkin County","0101","Lumpkin County High School","All Students","Writing Subscore","1380130.","1711","TFS","TFS","6.1","6.7","TFS","TFS"
"ACT","Highest","2024-25","694","Macon County","2060","Macon County High School","All Students","Composite","1380130.","12390","12","12","19.4","21.5","16.1","16.1"
"ACT","Highest","2024-25","694","Macon County","2060","Macon County High School","All Students","English","1380130.","12389","12","12","18.4","20.7","14.4","14.4"
"ACT","Highest","2024-25","694","Macon County","2060","Macon County High School","All Students","Mathematics","1380130.","12389","12","12","18.9","20.7","16.7","16.7"
"ACT","Highest","2024-25","694","Macon County","2060","Macon County High School","All Students","Reading","1380130.","12389","12","12","20","22.7","16.6","16.6"
"ACT","Highest","2024-25","694","Macon County","2060","Macon County High School","All Students","Science","1380130.","12190","11","11","19.6","21.6","16.8","16.8"
"ACT","Highest","2024-25","694","Macon County","2060","Macon County High School","All Students","Writing Subscore","1380130.","1711","TFS","TFS","6.1","6.7","TFS","TFS"
"ACT","Highest","2024-25","695","Madison County","5050","Madison County High School","All Students","Composite","1380130.","12390","24","24","19.4","21.5","21.6","21.6"
"ACT","Highest","2024-25","695","Madison County","5050","Madison County High School","All Students","English","1380130.","12389","24","24","18.4","20.7","21","21"
"ACT","Highest","2024-25","695","Madison County","5050","Madison County High School","All Students","Mathematics","1380130.","12389","24","24","18.9","20.7","20","20"
"ACT","Highest","2024-25","695","Madison County","5050","Madison County High School","All Students","Reading","1380130.","12389","24","24","20","22.7","23.3","23.3"
"ACT","Highest","2024-25","695","Madison County","5050","Madison County High School","All Students","Science","1380130.","12190","23","23","19.6","21.6","21.3","21.3"
"ACT","Highest","2024-25","695","Madison County","5050","Madison County High School","All Students","Writing Subscore","1380130.","1711","TFS","TFS","6.1","6.7","TFS","TFS"
"ACT","Highest","2024-25","696","Marion County","0275","Marion County Middle/High School","All Students","Composite","1380130.","12390","TFS","TFS","19.4","21.5","TFS","TFS"
"ACT","Highest","2024-25","696","Marion County","0275","Marion County Middle/High School","All Students","English","1380130.","12389","TFS","TFS","18.4","20.7","TFS","TFS"
"ACT","Highest","2024-25","696","Marion County","0275","Marion County Middle/High School","All Students","Mathematics","1380130.","12389","TFS","TFS","18.9","20.7","TFS","TFS"
"ACT","Highest","2024-25","696","Marion County","0275","Marion County Middle/High School","All Students","Reading","1380130.","12389","TFS","TFS","20","22.7","TFS","TFS"
"ACT","Highest","2024-25","696","Marion County","0275","Marion County Middle/High School","All Students","Science","1380130.","12190","TFS","TFS","19.6","21.6","TFS","TFS"
"ACT","Highest","2024-25","697","McDuffie County","0192","Thomson High School","All Students","Composite","1380130.","12390","10","10","19.4","21.5","18.2","18.2"
"ACT","Highest","2024-25","697","McDuffie County","0192","Thomson High School","All Students","English","1380130.","12389","10","10","18.4","20.7","15.8","15.8"
"ACT","Highest","2024-25","697","McDuffie County","0192","Thomson High School","All Students","Mathematics","1380130.","12389","10","10","18.9","20.7","17.9","17.9"
"ACT","Highest","2024-25","697","McDuffie County","0192","Thomson High School","All Students","Reading","1380130.","12389","10","10","20","22.7","19.8","19.8"
"ACT","Highest","2024-25","697","McDuffie County","0192","Thomson High School","All Students","Science","1380130.","12190","TFS","TFS","19.6","21.6","TFS","TFS"
"ACT","Highest","2024-25","697","McDuffie County","0192","Thomson High School","All Students","Writing Subscore","1380130.","1711","TFS","TFS","6.1","6.7","TFS","TFS"
"ACT","Highest","2024-25","698","McIntosh County","0104","McIntosh Academy","All Students","Composite","1380130.","12390","TFS","TFS","19.4","21.5","TFS","TFS"
"ACT","Highest","2024-25","698","McIntosh County","0104","McIntosh Academy","All Students","English","1380130.","12389","TFS","TFS","18.4","20.7","TFS","TFS"
"ACT","Highest","2024-25","698","McIntosh County","0104","McIntosh Academy","All Students","Mathematics","1380130.","12389","TFS","TFS","18.9","20.7","TFS","TFS"
"ACT","Highest","2024-25","698","McIntosh County","0104","McIntosh Academy","All Students","Reading","1380130.","12389","TFS","TFS","20","22.7","TFS","TFS"
"ACT","Highest","2024-25","698","McIntosh County","0104","McIntosh Academy","All Students","Science","1380130.","12190","TFS","TFS","19.6","21.6","TFS","TFS"
"ACT","Highest","2024-25","698","McIntosh County","0104","McIntosh Academy","All Students","Writing Subscore","1380130.","1711","TFS","TFS","6.1","6.7","TFS","TFS"
"ACT","Highest","2024-25","699","Meriwether County","0300","Greenville High School","All Students","Composite","1380130.","12390","TFS","TFS","19.4","21.5","TFS","TFS"
"ACT","Highest","2024-25","699","Meriwether County","0300","Greenville High School","All Students","English","1380130.","12389","TFS","TFS","18.4","20.7","TFS","TFS"
"ACT","Highest","2024-25","699","Meriwether County","0300","Greenville High School","All Students","Mathematics","1380130.","12389","TFS","TFS","18.9","20.7","TFS","TFS"
"ACT","Highest","2024-25","699","Meriwether County","0300","Greenville High School","All Students","Reading","1380130.","12389","TFS","TFS","20","22.7","TFS","TFS"
"ACT","Highest","2024-25","699","Meriwether County","0300","Greenville High School","All Students","Science","1380130.","12190","TFS","TFS","19.6","21.6","TFS","TFS"
"ACT","Highest","2024-25","699","Meriwether County","4050","Manchester High School","All Students","Composite","1380130.","12390","TFS","TFS","19.4","21.5","TFS","TFS"
"ACT","Highest","2024-25","699","Meriwether County","4050","Manchester High School","All Students","English","1380130.","12389","TFS","TFS","18.4","20.7","TFS","TFS"
"ACT","Highest","2024-25","699","Meriwether County","4050","Manchester High School","All Students","Mathematics","1380130.","12389","TFS","TFS","18.9","20.7","TFS","TFS"
"ACT","Highest","2024-25","699","Meriwether County","4050","Manchester High School","All Students","Reading","1380130.","12389","TFS","TFS","20","22.7","TFS","TFS"
"ACT","Highest","2024-25","699","Meriwether County","4050","Manchester High School","All Students","Science","1380130.","12190","TFS","TFS","19.6","21.6","TFS","TFS"
"ACT","Highest","2024-25","699","Meriwether County","4050","Manchester High School","All Students","Writing Subscore","1380130.","1711","TFS","TFS","6.1","6.7","TFS","TFS"
"ACT","Highest","2024-25","701","Mitchell County","0105","Baconton Community Charter School","All Students","Composite","1380130.","12390","TFS","TFS","19.4","21.5","TFS","TFS"
"ACT","Highest","2024-25","701","Mitchell County","0105","Baconton Community Charter School","All Students","English","1380130.","12389","TFS","TFS","18.4","20.7","TFS","TFS"
"ACT","Highest","2024-25","701","Mitchell County","0105","Baconton Community Charter School","All Students","Mathematics","1380130.","12389","TFS","TFS","18.9","20.7","TFS","TFS"
"ACT","Highest","2024-25","701","Mitchell County","0105","Baconton Community Charter School","All Students","Reading","1380130.","12389","TFS","TFS","20","22.7","TFS","TFS"
"ACT","Highest","2024-25","701","Mitchell County","0105","Baconton Community Charter School","All Students","Science","1380130.","12190","TFS","TFS","19.6","21.6","TFS","TFS"
"ACT","Highest","2024-25","701","Mitchell County","0282","Mitchell County High School","All Students","Composite","1380130.","12390","TFS","TFS","19.4","21.5","TFS","TFS"
"ACT","Highest","2024-25","701","Mitchell County","0282","Mitchell County High School","All Students","English","1380130.","12389","TFS","TFS","18.4","20.7","TFS","TFS"
"ACT","Highest","2024-25","701","Mitchell County","0282","Mitchell County High School","All Students","Mathematics","1380130.","12389","TFS","TFS","18.9","20.7","TFS","TFS"
"ACT","Highest","2024-25","701","Mitchell County","0282","Mitchell County High School","All Students","Reading","1380130.","12389","TFS","TFS","20","22.7","TFS","TFS"
"ACT","Highest","2024-25","701","Mitchell County","0282","Mitchell County High School","All Students","Science","1380130.","12190","TFS","TFS","19.6","21.6","TFS","TFS"
"ACT","Highest","2024-25","702","Monroe County","0184","Mary Persons High School","All Students","Composite","1380130.","12390","25","25","19.4","21.5","20.7","20.7"
"ACT","Highest","2024-25","702","Monroe County","0184","Mary Persons High School","All Students","English","1380130.","12389","25","25","18.4","20.7","19.9","19.9"
"ACT","Highest","2024-25","702","Monroe County","0184","Mary Persons High School","All Students","Mathematics","1380130.","12389","25","25","18.9","20.7","19.4","19.4"
"ACT","Highest","2024-25","702","Monroe County","0184","Mary Persons High School","All Students","Reading","1380130.","12389","25","25","20","22.7","21.5","21.5"
"ACT","Highest","2024-25","702","Monroe County","0184","Mary Persons High School","All Students","Science","1380130.","12190","23","23","19.6","21.6","21.3","21.3"
"ACT","Highest","2024-25","702","Monroe County","0184","Mary Persons High School","All Students","Writing Subscore","1380130.","1711","TFS","TFS","6.1","6.7","TFS","TFS"
"ACT","Highest","2024-25","703","Montgomery County","0201","Montgomery County High School","All Students","Composite","1380130.","12390","TFS","TFS","19.4","21.5","TFS","TFS"
"ACT","Highest","2024-25","703","Montgomery County","0201","Montgomery County High School","All Students","English","1380130.","12389","TFS","TFS","18.4","20.7","TFS","TFS"
"ACT","Highest","2024-25","703","Montgomery County","0201","Montgomery County High School","All Students","Mathematics","1380130.","12389","TFS","TFS","18.9","20.7","TFS","TFS"
"ACT","Highest","2024-25","703","Montgomery County","0201","Montgomery County High School","All Students","Reading","1380130.","12389","TFS","TFS","20","22.7","TFS","TFS"
"ACT","Highest","2024-25","703","Montgomery County","0201","Montgomery County High School","All Students","Science","1380130.","12190","TFS","TFS","19.6","21.6","TFS","TFS"
"ACT","Highest","2024-25","703","Montgomery County","0201","Montgomery County High School","All Students","Writing Subscore","1380130.","1711","TFS","TFS","6.1","6.7","TFS","TFS"
"ACT","Highest","2024-25","704","Morgan County","1050","Morgan County High School","All Students","Composite","1380130.","12390","44","44","19.4","21.5","22.1","22.1"
"ACT","Highest","2024-25","704","Morgan County","1050","Morgan County High School","All Students","English","1380130.","12389","44","44","18.4","20.7","22.1","22.1"
"ACT","Highest","2024-25","704","Morgan County","1050","Morgan County High School","All Students","Mathematics","1380130.","12389","44","44","18.9","20.7","20.4","20.4"
"ACT","Highest","2024-25","704","Morgan County","1050","Morgan County High School","All Students","Reading","1380130.","12389","44","44","20","22.7","23","23"
"ACT","Highest","2024-25","704","Morgan County","1050","Morgan County High School","All Students","Science","1380130.","12190","44","44","19.6","21.6","22.1","22.1"
"ACT","Highest","2024-25","704","Morgan County","1050","Morgan County High School","All Students","Writing Subscore","1380130.","1711","TFS","TFS","6.1","6.7","TFS","TFS"
"ACT","Highest","2024-25","705","Murray County","0112","North Murray High School","All Students","Composite","1380130.","12390","TFS","TFS","19.4","21.5","TFS","TFS"
"ACT","Highest","2024-25","705","Murray County","0112","North Murray High School","All Students","English","1380130.","12389","TFS","TFS","18.4","20.7","TFS","TFS"
"ACT","Highest","2024-25","705","Murray County","0112","North Murray High School","All Students","Mathematics","1380130.","12389","TFS","TFS","18.9","20.7","TFS","TFS"
"ACT","Highest","2024-25","705","Murray County","0112","North Murray High School","All Students","Reading","1380130.","12389","TFS","TFS","20","22.7","TFS","TFS"
"ACT","Highest","2024-25","705","Murray County","0112","North Murray High School","All Students","Science","1380130.","12190","TFS","TFS","19.6","21.6","TFS","TFS"
"ACT","Highest","2024-25","705","Murray County","0190","Murray County High School","All Students","Composite","1380130.","12390","TFS","TFS","19.4","21.5","TFS","TFS"
"ACT","Highest","2024-25","705","Murray County","0190","Murray County High School","All Students","English","1380130.","12389","TFS","TFS","18.4","20.7","TFS","TFS"
"ACT","Highest","2024-25","705","Murray County","0190","Murray County High School","All Students","Mathematics","1380130.","12389","TFS","TFS","18.9","20.7","TFS","TFS"
"ACT","Highest","2024-25","705","Murray County","0190","Murray County High School","All Students","Reading","1380130.","12389","TFS","TFS","20","22.7","TFS","TFS"
"ACT","Highest","2024-25","705","Murray County","0190","Murray County High School","All Students","Science","1380130.","12190","TFS","TFS","19.6","21.6","TFS","TFS"
"ACT","Highest","2024-25","706","Muscogee County","0203","Northside High School","All Students","Composite","1380130.","12390","314","45","19.4","21.5","19.8","20.9"
"ACT","Highest","2024-25","706","Muscogee County","0203","Northside High School","All Students","English","1380130.","12389","314","45","18.4","20.7","18.6","20"
"ACT","Highest","2024-25","706","Muscogee County","0203","Northside High School","All Students","Mathematics","1380130.","12389","314","45","18.9","20.7","19.2","19.9"
"ACT","Highest","2024-25","706","Muscogee County","0203","Northside High School","All Students","Reading","1380130.","12389","314","45","20","22.7","21.2","22.3"
"ACT","Highest","2024-25","706","Muscogee County","0203","Northside High School","All Students","Science","1380130.","12190","310","44","19.6","21.6","19.9","20.9"
"ACT","Highest","2024-25","706","Muscogee County","0203","Northside High School","All Students","Writing Subscore","1380130.","1711","56","11","6.1","6.7","5.9","6.7"
"ACT","Highest","2024-25","706","Muscogee County","0278","Shaw High School","All Students","Composite","1380130.","12390","314","31","19.4","21.5","19.8","17.9"
"ACT","Highest","2024-25","706","Muscogee County","0278","Shaw High School","All Students","English","1380130.","12389","314","31","18.4","20.7","18.6","16.6"
"ACT","Highest","2024-25","706","Muscogee County","0278","Shaw High School","All Students","Mathematics","1380130.","12389","314","31","18.9","20.7","19.2","17.2"
"ACT","Highest","2024-25","706","Muscogee County","0278","Shaw High School","All Students","Reading","1380130.","12389","314","31","20","22.7","21.2","19.3"
"ACT","Highest","2024-25","706","Muscogee County","0278","Shaw High School","All Students","Science","1380130.","12190","310","29","19.6","21.6","19.9","18.3"
"ACT","Highest","2024-25","706","Muscogee County","0278","Shaw High School","All Students","Writing Subscore","1380130.","1711","56","TFS","6.1","6.7","5.9","TFS"
"ACT","Highest","2024-25","706","Muscogee County","0378","Spencer High School","All Students","Composite","1380130.","12390","314","10","19.4","21.5","19.8","16.4"
"ACT","Highest","2024-25","706","Muscogee County","0378","Spencer High School","All Students","English","1380130.","12389","314","10","18.4","20.7","18.6","15.1"
"ACT","Highest","2024-25","706","Muscogee County","0378","Spencer High School","All Students","Mathematics","1380130.","12389","314","10","18.9","20.7","19.2","16.2"
"ACT","Highest","2024-25","706","Muscogee County","0378","Spencer High School","All Students","Reading","1380130.","12389","314","10","20","22.7","21.2","18.1"
"ACT","Highest","2024-25","706","Muscogee County","0378","Spencer High School","All Students","Science","1380130.","12190","310","10","19.6","21.6","19.9","15.8"
"ACT","Highest","2024-25","706","Muscogee County","0378","Spencer High School","All Students","Writing Subscore","1380130.","1711","56","TFS","6.1","6.7","5.9","TFS"
"ACT","Highest","2024-25","706","Muscogee County","0502","Rainey McCullers School of the Arts","All Students","Composite","1380130.","12390","314","TFS","19.4","21.5","19.8","TFS"
"ACT","Highest","2024-25","706","Muscogee County","0502","Rainey McCullers School of the Arts","All Students","English","1380130.","12389","314","TFS","18.4","20.7","18.6","TFS"
"ACT","Highest","2024-25","706","Muscogee County","0502","Rainey McCullers School of the Arts","All Students","Mathematics","1380130.","12389","314","TFS","18.9","20.7","19.2","TFS"
"ACT","Highest","2024-25","706","Muscogee County","0502","Rainey McCullers School of the Arts","All Students","Reading","1380130.","12389","314","TFS","20","22.7","21.2","TFS"
"ACT","Highest","2024-25","706","Muscogee County","0502","Rainey McCullers School of the Arts","All Students","Science","1380130.","12190","310","TFS","19.6","21.6","19.9","TFS"
"ACT","Highest","2024-25","706","Muscogee County","0502","Rainey McCullers School of the Arts","All Students","Writing Subscore","1380130.","1711","56","TFS","6.1","6.7","5.9","TFS"
"ACT","Highest","2024-25","706","Muscogee County","1064","Kendrick High School","All Students","Composite","1380130.","12390","314","44","19.4","21.5","19.8","16"
"ACT","Highest","2024-25","706","Muscogee County","1064","Kendrick High School","All Students","English","1380130.","12389","314","44","18.4","20.7","18.6","13.8"
"ACT","Highest","2024-25","706","Muscogee County","1064","Kendrick High School","All Students","Mathematics","1380130.","12389","314","44","18.9","20.7","19.2","15.6"
"ACT","Highest","2024-25","706","Muscogee County","1064","Kendrick High School","All Students","Reading","1380130.","12389","314","44","20","22.7","21.2","17.6"
"ACT","Highest","2024-25","706","Muscogee County","1064","Kendrick High School","All Students","Science","1380130.","12190","310","44","19.6","21.6","19.9","16.7"
"ACT","Highest","2024-25","706","Muscogee County","1064","Kendrick High School","All Students","Writing Subscore","1380130.","1711","56","13","6.1","6.7","5.9","5.2"
"ACT","Highest","2024-25","706","Muscogee County","2062","Hardaway High School","All Students","Composite","1380130.","12390","314","29","19.4","21.5","19.8","17.5"
"ACT","Highest","2024-25","706","Muscogee County","2062","Hardaway High School","All Students","English","1380130.","12389","314","29","18.4","20.7","18.6","16.1"
"ACT","Highest","2024-25","706","Muscogee County","2062","Hardaway High School","All Students","Mathematics","1380130.","12389","314","29","18.9","20.7","19.2","16.3"
"ACT","Highest","2024-25","706","Muscogee County","2062","Hardaway High School","All Students","Reading","1380130.","12389","314","29","20","22.7","21.2","19.6"
"ACT","Highest","2024-25","706","Muscogee County","2062","Hardaway High School","All Students","Science","1380130.","12190","310","29","19.6","21.6","19.9","17.2"
"ACT","Highest","2024-25","706","Muscogee County","2062","Hardaway High School","All Students","Writing Subscore","1380130.","1711","56","TFS","6.1","6.7","5.9","TFS"
"ACT","Highest","2024-25","706","Muscogee County","3054","Columbus High School","All Students","Composite","1380130.","12390","314","98","19.4","21.5","19.8","25.3"
"ACT","Highest","2024-25","706","Muscogee County","3054","Columbus High School","All Students","English","1380130.","12389","314","98","18.4","20.7","18.6","24.6"
"ACT","Highest","2024-25","706","Muscogee County","3054","Columbus High School","All Students","Mathematics","1380130.","12389","314","98","18.9","20.7","19.2","24.6"
"ACT","Highest","2024-25","706","Muscogee County","3054","Columbus High School","All Students","Reading","1380130.","12389","314","98","20","22.7","21.2","26.5"
"ACT","Highest","2024-25","706","Muscogee County","3054","Columbus High School","All Students","Science","1380130.","12190","310","98","19.6","21.6","19.9","25.2"
"ACT","Highest","2024-25","706","Muscogee County","3054","Columbus High School","All Students","Writing Subscore","1380130.","1711","56","TFS","6.1","6.7","5.9","TFS"
"ACT","Highest","2024-25","706","Muscogee County","5052","Carver High School","All Students","Composite","1380130.","12390","314","42","19.4","21.5","19.8","14.6"
"ACT","Highest","2024-25","706","Muscogee County","5052","Carver High School","All Students","English","1380130.","12389","314","42","18.4","20.7","18.6","13"
"ACT","Highest","2024-25","706","Muscogee County","5052","Carver High School","All Students","Mathematics","1380130.","12389","314","42","18.9","20.7","19.2","14.9"
"ACT","Highest","2024-25","706","Muscogee County","5052","Carver High School","All Students","Reading","1380130.","12389","314","42","20","22.7","21.2","16"
"ACT","Highest","2024-25","706","Muscogee County","5052","Carver High School","All Students","Science","1380130.","12190","310","42","19.6","21.6","19.9","14.3"
"ACT","Highest","2024-25","706","Muscogee County","5052","Carver High School","All Students","Writing Subscore","1380130.","1711","56","TFS","6.1","6.7","5.9","TFS"
"ACT","Highest","2024-25","706","Muscogee County","5062","Jordan Vocational High School","All Students","Composite","1380130.","12390","314","TFS","19.4","21.5","19.8","TFS"
"ACT","Highest","2024-25","706","Muscogee County","5062","Jordan Vocational High School","All Students","English","1380130.","12389","314","TFS","18.4","20.7","18.6","TFS"
"ACT","Highest","2024-25","706","Muscogee County","5062","Jordan Vocational High School","All Students","Mathematics","1380130.","12389","314","TFS","18.9","20.7","19.2","TFS"
"ACT","Highest","2024-25","706","Muscogee County","5062","Jordan Vocational High School","All Students","Reading","1380130.","12389","314","TFS","20","22.7","21.2","TFS"
"ACT","Highest","2024-25","706","Muscogee County","5062","Jordan Vocational High School","All Students","Science","1380130.","12190","310","TFS","19.6","21.6","19.9","TFS"
"ACT","Highest","2024-25","706","Muscogee County","5062","Jordan Vocational High School","All Students","Writing Subscore","1380130.","1711","56","TFS","6.1","6.7","5.9","TFS"
"ACT","Highest","2024-25","707","Newton County","0173","Newton High School","All Students","Composite","1380130.","12390","151","58","19.4","21.5","17.3","16.6"
"ACT","Highest","2024-25","707","Newton County","0173","Newton High School","All Students","English","1380130.","12389","151","58","18.4","20.7","16.5","15.6"
"ACT","Highest","2024-25","707","Newton County","0173","Newton High School","All Students","Mathematics","1380130.","12389","151","58","18.9","20.7","16.4","15.9"
"ACT","Highest","2024-25","707","Newton County","0173","Newton High School","All Students","Reading","1380130.","12389","151","58","20","22.7","18.3","17.1"
"ACT","Highest","2024-25","707","Newton County","0173","Newton High School","All Students","Science","1380130.","12190","149","58","19.6","21.6","17.7","17.2"
"ACT","Highest","2024-25","707","Newton County","0173","Newton High School","All Students","Writing Subscore","1380130.","1711","39","19","6.1","6.7","6.4","6.1"
"ACT","Highest","2024-25","707","Newton County","0206","Alcovy High School","All Students","Composite","1380130.","12390","151","37","19.4","21.5","17.3","16.2"
"ACT","Highest","2024-25","707","Newton County","0206","Alcovy High School","All Students","English","1380130.","12389","151","37","18.4","20.7","16.5","15.5"
"ACT","Highest","2024-25","707","Newton County","0206","Alcovy High School","All Students","Mathematics","1380130.","12389","151","37","18.9","20.7","16.4","15.1"
"ACT","Highest","2024-25","707","Newton County","0206","Alcovy High School","All Students","Reading","1380130.","12389","151","37","20","22.7","18.3","16.9"
"ACT","Highest","2024-25","707","Newton County","0206","Alcovy High School","All Students","Science","1380130.","12190","149","36","19.6","21.6","17.7","16.8"
"ACT","Highest","2024-25","707","Newton County","0206","Alcovy High School","All Students","Writing Subscore","1380130.","1711","39","11","6.1","6.7","6.4","6.7"
"ACT","Highest","2024-25","707","Newton County","0295","Eastside High School","All Students","Composite","1380130.","12390","151","56","19.4","21.5","17.3","18.9"
"ACT","Highest","2024-25","707","Newton County","0295","Eastside High School","All Students","English","1380130.","12389","151","56","18.4","20.7","16.5","18.2"
"ACT","Highest","2024-25","707","Newton County","0295","Eastside High School","All Students","Mathematics","1380130.","12389","151","56","18.9","20.7","16.4","17.8"
"ACT","Highest","2024-25","707","Newton County","0295","Eastside High School","All Students","Reading","1380130.","12389","151","56","20","22.7","18.3","20.5"
"ACT","Highest","2024-25","707","Newton County","0295","Eastside High School","All Students","Science","1380130.","12190","149","55","19.6","21.6","17.7","18.8"
"ACT","Highest","2024-25","707","Newton County","0295","Eastside High School","All Students","Writing Subscore","1380130.","1711","39","TFS","6.1","6.7","6.4","TFS"
"ACT","Highest","2024-25","708","Oconee County","0105","North Oconee High School","All Students","Composite","1380130.","12390","83","42","19.4","21.5","24.4","25.5"
"ACT","Highest","2024-25","708","Oconee County","0105","North Oconee High School","All Students","English","1380130.","12389","83","42","18.4","20.7","23.8","25.1"
"ACT","Highest","2024-25","708","Oconee County","0105","North Oconee High School","All Students","Mathematics","1380130.","12389","83","42","18.9","20.7","23.4","25.4"
"ACT","Highest","2024-25","708","Oconee County","0105","North Oconee High School","All Students","Reading","1380130.","12389","83","42","20","22.7","25.4","25.7"
"ACT","Highest","2024-25","708","Oconee County","0105","North Oconee High School","All Students","Science","1380130.","12190","80","42","19.6","21.6","24.5","25.4"
"ACT","Highest","2024-25","708","Oconee County","0105","North Oconee High School","All Students","Writing Subscore","1380130.","1711","10","TFS","6.1","6.7","7.1","TFS"
"ACT","Highest","2024-25","708","Oconee County","0293","Oconee County High School","All Students","Composite","1380130.","12390","83","41","19.4","21.5","24.4","23.3"
"ACT","Highest","2024-25","708","Oconee County","0293","Oconee County High School","All Students","English","1380130.","12389","83","41","18.4","20.7","23.8","22.5"
"ACT","Highest","2024-25","708","Oconee County","0293","Oconee County High School","All Students","Mathematics","1380130.","12389","83","41","18.9","20.7","23.4","21.5"
"ACT","Highest","2024-25","708","Oconee County","0293","Oconee County High School","All Students","Reading","1380130.","12389","83","41","20","22.7","25.4","25.2"
"ACT","Highest","2024-25","708","Oconee County","0293","Oconee County High School","All Students","Science","1380130.","12190","80","38","19.6","21.6","24.5","23.5"
"ACT","Highest","2024-25","708","Oconee County","0293","Oconee County High School","All Students","Writing Subscore","1380130.","1711","10","TFS","6.1","6.7","7.1","TFS"
"ACT","Highest","2024-25","709","Oglethorpe County","2050","Oglethorpe County High School","All Students","Composite","1380130.","12390","15","15","19.4","21.5","22.4","22.4"
"ACT","Highest","2024-25","709","Oglethorpe County","2050","Oglethorpe County High School","All Students","English","1380130.","12389","15","15","18.4","20.7","21.9","21.9"
"ACT","Highest","2024-25","709","Oglethorpe County","2050","Oglethorpe County High School","All Students","Mathematics","1380130.","12389","15","15","18.9","20.7","20.6","20.6"
"ACT","Highest","2024-25","709","Oglethorpe County","2050","Oglethorpe County High School","All Students","Reading","1380130.","12389","15","15","20","22.7","24.7","24.7"
"ACT","Highest","2024-25","709","Oglethorpe County","2050","Oglethorpe County High School","All Students","Science","1380130.","12190","15","15","19.6","21.6","22.1","22.1"
"ACT","Highest","2024-25","709","Oglethorpe County","2050","Oglethorpe County High School","All Students","Writing Subscore","1380130.","1711","TFS","TFS","6.1","6.7","TFS","TFS"
"ACT","Highest","2024-25","710","Paulding County","0101","Hiram High School","All Students","Composite","1380130.","12390","162","21","19.4","21.5","19.5","17.9"
"ACT","Highest","2024-25","710","Paulding County","0101","Hiram High School","All Students","English","1380130.","12389","162","21","18.4","20.7","17.9","16"
"ACT","Highest","2024-25","710","Paulding County","0101","Hiram High School","All Students","Mathematics","1380130.","12389","162","21","18.9","20.7","19","17.4"
"ACT","Highest","2024-25","710","Paulding County","0101","Hiram High School","All Students","Reading","1380130.","12389","162","21","20","22.7","20.4","18.5"
"ACT","Highest","2024-25","710","Paulding County","0101","Hiram High School","All Students","Science","1380130.","12190","155","20","19.6","21.6","20.1","19"
"ACT","Highest","2024-25","710","Paulding County","0101","Hiram High School","All Students","Writing Subscore","1380130.","1711","27","TFS","6.1","6.7","6.8","TFS"
"ACT","Highest","2024-25","710","Paulding County","0106","South Paulding High School","All Students","Composite","1380130.","12390","162","24","19.4","21.5","19.5","17.8"
"ACT","Highest","2024-25","710","Paulding County","0106","South Paulding High School","All Students","English","1380130.","12389","162","24","18.4","20.7","17.9","16.3"
"ACT","Highest","2024-25","710","Paulding County","0106","South Paulding High School","All Students","Mathematics","1380130.","12389","162","24","18.9","20.7","19","17.7"
"ACT","Highest","2024-25","710","Paulding County","0106","South Paulding High School","All Students","Reading","1380130.","12389","162","24","20","22.7","20.4","19.1"
"ACT","Highest","2024-25","710","Paulding County","0106","South Paulding High School","All Students","Science","1380130.","12190","155","22","19.6","21.6","20.1","17.6"
"ACT","Highest","2024-25","710","Paulding County","0106","South Paulding High School","All Students","Writing Subscore","1380130.","1711","27","TFS","6.1","6.7","6.8","TFS"
"ACT","Highest","2024-25","710","Paulding County","0109","North Paulding High School","All Students","Composite","1380130.","12390","162","73","19.4","21.5","19.5","20.2"
"ACT","Highest","2024-25","710","Paulding County","0109","North Paulding High School","All Students","English","1380130.","12389","162","73","18.4","20.7","17.9","18.7"
"ACT","Highest","2024-25","710","Paulding County","0109","North Paulding High School","All Students","Mathematics","1380130.","12389","162","73","18.9","20.7","19","19.8"
"ACT","Highest","2024-25","710","Paulding County","0109","North Paulding High School","All Students","Reading","1380130.","12389","162","73","20","22.7","20.4","21.2"
"ACT","Highest","2024-25","710","Paulding County","0109","North Paulding High School","All Students","Science","1380130.","12190","155","71","19.6","21.6","20.1","20.6"
"ACT","Highest","2024-25","710","Paulding County","0109","North Paulding High School","All Students","Writing Subscore","1380130.","1711","27","10","6.1","6.7","6.8","6.4"
"ACT","Highest","2024-25","710","Paulding County","0292","East Paulding High School","All Students","Composite","1380130.","12390","162","16","19.4","21.5","19.5","17.9"
"ACT","Highest","2024-25","710","Paulding County","0292","East Paulding High School","All Students","English","1380130.","12389","162","16","18.4","20.7","17.9","16.3"
"ACT","Highest","2024-25","710","Paulding County","0292","East Paulding High School","All Students","Mathematics","1380130.","12389","162","16","18.9","20.7","19","18.3"
"ACT","Highest","2024-25","710","Paulding County","0292","East Paulding High School","All Students","Reading","1380130.","12389","162","16","20","22.7","20.4","17.8"
"ACT","Highest","2024-25","710","Paulding County","0292","East Paulding High School","All Students","Science","1380130.","12190","155","16","19.6","21.6","20.1","19.1"
"ACT","Highest","2024-25","710","Paulding County","0292","East Paulding High School","All Students","Writing Subscore","1380130.","1711","27","TFS","6.1","6.7","6.8","TFS"
"ACT","Highest","2024-25","710","Paulding County","2552","Paulding County High School","All Students","Composite","1380130.","12390","162","28","19.4","21.5","19.5","21.1"
"ACT","Highest","2024-25","710","Paulding County","2552","Paulding County High School","All Students","English","1380130.","12389","162","28","18.4","20.7","17.9","19.6"
"ACT","Highest","2024-25","710","Paulding County","2552","Paulding County High School","All Students","Mathematics","1380130.","12389","162","28","18.9","20.7","19","19.9"
"ACT","Highest","2024-25","710","Paulding County","2552","Paulding County High School","All Students","Reading","1380130.","12389","162","28","20","22.7","20.4","22.6"
"ACT","Highest","2024-25","710","Paulding County","2552","Paulding County High School","All Students","Science","1380130.","12190","155","26","19.6","21.6","20.1","22.2"
"ACT","Highest","2024-25","710","Paulding County","2552","Paulding County High School","All Students","Writing Subscore","1380130.","1711","27","TFS","6.1","6.7","6.8","TFS"
"ACT","Highest","2024-25","711","Peach County","2052","Peach County High School","All Students","Composite","1380130.","12390","20","20","19.4","21.5","17.9","17.9"
"ACT","Highest","2024-25","711","Peach County","2052","Peach County High School","All Students","English","1380130.","12389","20","20","18.4","20.7","16.2","16.2"
"ACT","Highest","2024-25","711","Peach County","2052","Peach County High School","All Students","Mathematics","1380130.","12389","20","20","18.9","20.7","17.6","17.6"
"ACT","Highest","2024-25","711","Peach County","2052","Peach County High School","All Students","Reading","1380130.","12389","20","20","20","22.7","18.7","18.7"
"ACT","Highest","2024-25","711","Peach County","2052","Peach County High School","All Students","Science","1380130.","12190","19","19","19.6","21.6","18.8","18.8"
"ACT","Highest","2024-25","711","Peach County","2052","Peach County High School","All Students","Writing Subscore","1380130.","1711","TFS","TFS","6.1","6.7","TFS","TFS"
"ACT","Highest","2024-25","712","Pickens County","0198","Pickens County High School","All Students","Composite","1380130.","12390","12","12","19.4","21.5","21.3","21.3"
"ACT","Highest","2024-25","712","Pickens County","0198","Pickens County High School","All Students","English","1380130.","12389","12","12","18.4","20.7","19.1","19.1"
"ACT","Highest","2024-25","712","Pickens County","0198","Pickens County High School","All Students","Mathematics","1380130.","12389","12","12","18.9","20.7","20.4","20.4"
"ACT","Highest","2024-25","712","Pickens County","0198","Pickens County High School","All Students","Reading","1380130.","12389","12","12","20","22.7","24.8","24.8"
"ACT","Highest","2024-25","712","Pickens County","0198","Pickens County High School","All Students","Science","1380130.","12190","12","12","19.6","21.6","20.6","20.6"
"ACT","Highest","2024-25","713","Pierce County","0182","Pierce County High School","All Students","Composite","1380130.","12390","15","15","19.4","21.5","19.9","19.9"
"ACT","Highest","2024-25","713","Pierce County","0182","Pierce County High School","All Students","English","1380130.","12389","15","15","18.4","20.7","17.7","17.7"
"ACT","Highest","2024-25","713","Pierce County","0182","Pierce County High School","All Students","Mathematics","1380130.","12389","15","15","18.9","20.7","19.8","19.8"
"ACT","Highest","2024-25","713","Pierce County","0182","Pierce County High School","All Students","Reading","1380130.","12389","15","15","20","22.7","21.3","21.3"
"ACT","Highest","2024-25","713","Pierce County","0182","Pierce County High School","All Students","Science","1380130.","12190","14","14","19.6","21.6","20.5","20.5"
"ACT","Highest","2024-25","713","Pierce County","0182","Pierce County High School","All Students","Writing Subscore","1380130.","1711","TFS","TFS","6.1","6.7","TFS","TFS"
"ACT","Highest","2024-25","714","Pike County","0194","Pike County High School","All Students","Composite","1380130.","12390","TFS","TFS","19.4","21.5","TFS","TFS"
"ACT","Highest","2024-25","714","Pike County","0194","Pike County High School","All Students","English","1380130.","12389","TFS","TFS","18.4","20.7","TFS","TFS"
"ACT","Highest","2024-25","714","Pike County","0194","Pike County High School","All Students","Mathematics","1380130.","12389","TFS","TFS","18.9","20.7","TFS","TFS"
"ACT","Highest","2024-25","714","Pike County","0194","Pike County High School","All Students","Reading","1380130.","12389","TFS","TFS","20","22.7","TFS","TFS"
"ACT","Highest","2024-25","714","Pike County","0194","Pike County High School","All Students","Science","1380130.","12190","TFS","TFS","19.6","21.6","TFS","TFS"
"ACT","Highest","2024-25","714","Pike County","0194","Pike County High School","All Students","Writing Subscore","1380130.","1711","TFS","TFS","6.1","6.7","TFS","TFS"
"ACT","Highest","2024-25","715","Polk County","0102","Rockmart High School","All Students","Composite","1380130.","12390","26","TFS","19.4","21.5","20","TFS"
"ACT","Highest","2024-25","715","Polk County","0102","Rockmart High School","All Students","English","1380130.","12389","26","TFS","18.4","20.7","18.2","TFS"
"ACT","Highest","2024-25","715","Polk County","0102","Rockmart High School","All Students","Mathematics","1380130.","12389","26","TFS","18.9","20.7","18.7","TFS"
"ACT","Highest","2024-25","715","Polk County","0102","Rockmart High School","All Students","Reading","1380130.","12389","26","TFS","20","22.7","21.6","TFS"
"ACT","Highest","2024-25","715","Polk County","0102","Rockmart High School","All Students","Science","1380130.","12190","26","TFS","19.6","21.6","20.8","TFS"
"ACT","Highest","2024-25","715","Polk County","0102","Rockmart High School","All Students","Writing Subscore","1380130.","1711","TFS","TFS","6.1","6.7","TFS","TFS"
"ACT","Highest","2024-25","715","Polk County","5050","Cedartown High School","All Students","Composite","1380130.","12390","26","17","19.4","21.5","20","18.6"
"ACT","Highest","2024-25","715","Polk County","5050","Cedartown High School","All Students","English","1380130.","12389","26","17","18.4","20.7","18.2","16.8"
"ACT","Highest","2024-25","715","Polk County","5050","Cedartown High School","All Students","Mathematics","1380130.","12389","26","17","18.9","20.7","18.7","17.6"
"ACT","Highest","2024-25","715","Polk County","5050","Cedartown High School","All Students","Reading","1380130.","12389","26","17","20","22.7","21.6","19.8"
"ACT","Highest","2024-25","715","Polk County","5050","Cedartown High School","All Students","Science","1380130.","12190","26","17","19.6","21.6","20.8","19.8"
"ACT","Highest","2024-25","715","Polk County","5050","Cedartown High School","All Students","Writing Subscore","1380130.","1711","TFS","TFS","6.1","6.7","TFS","TFS"
"ACT","Highest","2024-25","716","Pulaski County","2050","Hawkinsville High School","All Students","Composite","1380130.","12390","TFS","TFS","19.4","21.5","TFS","TFS"
"ACT","Highest","2024-25","716","Pulaski County","2050","Hawkinsville High School","All Students","English","1380130.","12389","TFS","TFS","18.4","20.7","TFS","TFS"
"ACT","Highest","2024-25","716","Pulaski County","2050","Hawkinsville High School","All Students","Mathematics","1380130.","12389","TFS","TFS","18.9","20.7","TFS","TFS"
"ACT","Highest","2024-25","716","Pulaski County","2050","Hawkinsville High School","All Students","Reading","1380130.","12389","TFS","TFS","20","22.7","TFS","TFS"
"ACT","Highest","2024-25","716","Pulaski County","2050","Hawkinsville High School","All Students","Science","1380130.","12190","TFS","TFS","19.6","21.6","TFS","TFS"
"ACT","Highest","2024-25","717","Putnam County","0114","Putnam County High School","All Students","Composite","1380130.","12390","18","18","19.4","21.5","17.2","17.2"
"ACT","Highest","2024-25","717","Putnam County","0114","Putnam County High School","All Students","English","1380130.","12389","18","18","18.4","20.7","15.5","15.5"
"ACT","Highest","2024-25","717","Putnam County","0114","Putnam County High School","All Students","Mathematics","1380130.","12389","18","18","18.9","20.7","16.1","16.1"
"ACT","Highest","2024-25","717","Putnam County","0114","Putnam County High School","All Students","Reading","1380130.","12389","18","18","20","22.7","18.6","18.6"
"ACT","Highest","2024-25","717","Putnam County","0114","Putnam County High School","All Students","Science","1380130.","12190","18","18","19.6","21.6","18.3","18.3"
"ACT","Highest","2024-25","717","Putnam County","0114","Putnam County High School","All Students","Writing Subscore","1380130.","1711","TFS","TFS","6.1","6.7","TFS","TFS"
"ACT","Highest","2024-25","718","Quitman County","0110","Quitman County High School","All Students","Composite","1380130.","12390","TFS","TFS","19.4","21.5","TFS","TFS"
"ACT","Highest","2024-25","718","Quitman County","0110","Quitman County High School","All Students","English","1380130.","12389","TFS","TFS","18.4","20.7","TFS","TFS"
"ACT","Highest","2024-25","718","Quitman County","0110","Quitman County High School","All Students","Mathematics","1380130.","12389","TFS","TFS","18.9","20.7","TFS","TFS"
"ACT","Highest","2024-25","718","Quitman County","0110","Quitman County High School","All Students","Reading","1380130.","12389","TFS","TFS","20","22.7","TFS","TFS"
"ACT","Highest","2024-25","718","Quitman County","0110","Quitman County High School","All Students","Science","1380130.","12190","TFS","TFS","19.6","21.6","TFS","TFS"
"ACT","Highest","2024-25","719","Rabun County","0177","Rabun County High School","All Students","Composite","1380130.","12390","TFS","TFS","19.4","21.5","TFS","TFS"
"ACT","Highest","2024-25","719","Rabun County","0177","Rabun County High School","All Students","English","1380130.","12389","TFS","TFS","18.4","20.7","TFS","TFS"
"ACT","Highest","2024-25","719","Rabun County","0177","Rabun County High School","All Students","Mathematics","1380130.","12389","TFS","TFS","18.9","20.7","TFS","TFS"
"ACT","Highest","2024-25","719","Rabun County","0177","Rabun County High School","All Students","Reading","1380130.","12389","TFS","TFS","20","22.7","TFS","TFS"
"ACT","Highest","2024-25","719","Rabun County","0177","Rabun County High School","All Students","Science","1380130.","12190","TFS","TFS","19.6","21.6","TFS","TFS"
"ACT","Highest","2024-25","719","Rabun County","0177","Rabun County High School","All Students","Writing Subscore","1380130.","1711","TFS","TFS","6.1","6.7","TFS","TFS"
"ACT","Highest","2024-25","720","Randolph County","0201","Randolph Clay High School","All Students","Composite","1380130.","12390","TFS","TFS","19.4","21.5","TFS","TFS"
"ACT","Highest","2024-25","720","Randolph County","0201","Randolph Clay High School","All Students","English","1380130.","12389","TFS","TFS","18.4","20.7","TFS","TFS"
"ACT","Highest","2024-25","720","Randolph County","0201","Randolph Clay High School","All Students","Mathematics","1380130.","12389","TFS","TFS","18.9","20.7","TFS","TFS"
"ACT","Highest","2024-25","720","Randolph County","0201","Randolph Clay High School","All Students","Reading","1380130.","12389","TFS","TFS","20","22.7","TFS","TFS"
"ACT","Highest","2024-25","720","Randolph County","0201","Randolph Clay High School","All Students","Science","1380130.","12190","TFS","TFS","19.6","21.6","TFS","TFS"
"ACT","Highest","2024-25","720","Randolph County","0201","Randolph Clay High School","All Students","Writing Subscore","1380130.","1711","TFS","TFS","6.1","6.7","TFS","TFS"
"ACT","Highest","2024-25","721","Richmond County","0100","Cross Creek High School","All Students","Composite","1380130.","12390","98","10","19.4","21.5","17.7","15.2"
"ACT","Highest","2024-25","721","Richmond County","0100","Cross Creek High School","All Students","English","1380130.","12389","98","10","18.4","20.7","16.6","13.6"
"ACT","Highest","2024-25","721","Richmond County","0100","Cross Creek High School","All Students","Mathematics","1380130.","12389","98","10","18.9","20.7","17.3","15.3"
"ACT","Highest","2024-25","721","Richmond County","0100","Cross Creek High School","All Students","Reading","1380130.","12389","98","10","20","22.7","18.8","16.5"
"ACT","Highest","2024-25","721","Richmond County","0100","Cross Creek High School","All Students","Science","1380130.","12190","96","10","19.6","21.6","18.1","15.6"
"ACT","Highest","2024-25","721","Richmond County","0100","Cross Creek High School","All Students","Writing Subscore","1380130.","1711","20","TFS","6.1","6.7","6","TFS"
"ACT","Highest","2024-25","721","Richmond County","1052","Butler High School","All Students","Composite","1380130.","12390","98","TFS","19.4","21.5","17.7","TFS"
"ACT","Highest","2024-25","721","Richmond County","1052","Butler High School","All Students","English","1380130.","12389","98","TFS","18.4","20.7","16.6","TFS"
"ACT","Highest","2024-25","721","Richmond County","1052","Butler High School","All Students","Mathematics","1380130.","12389","98","TFS","18.9","20.7","17.3","TFS"
"ACT","Highest","2024-25","721","Richmond County","1052","Butler High School","All Students","Reading","1380130.","12389","98","TFS","20","22.7","18.8","TFS"
"ACT","Highest","2024-25","721","Richmond County","1052","Butler High School","All Students","Science","1380130.","12190","96","TFS","19.6","21.6","18.1","TFS"
"ACT","Highest","2024-25","721","Richmond County","2056","Hephzibah High School","All Students","Composite","1380130.","12390","98","TFS","19.4","21.5","17.7","TFS"
"ACT","Highest","2024-25","721","Richmond County","2056","Hephzibah High School","All Students","English","1380130.","12389","98","TFS","18.4","20.7","16.6","TFS"
"ACT","Highest","2024-25","721","Richmond County","2056","Hephzibah High School","All Students","Mathematics","1380130.","12389","98","TFS","18.9","20.7","17.3","TFS"
"ACT","Highest","2024-25","721","Richmond County","2056","Hephzibah High School","All Students","Reading","1380130.","12389","98","TFS","20","22.7","18.8","TFS"
"ACT","Highest","2024-25","721","Richmond County","2056","Hephzibah High School","All Students","Science","1380130.","12190","96","TFS","19.6","21.6","18.1","TFS"
"ACT","Highest","2024-25","721","Richmond County","2574","Westside High School","All Students","Composite","1380130.","12390","98","16","19.4","21.5","17.7","16.4"
"ACT","Highest","2024-25","721","Richmond County","2574","Westside High School","All Students","English","1380130.","12389","98","16","18.4","20.7","16.6","15.2"
"ACT","Highest","2024-25","721","Richmond County","2574","Westside High School","All Students","Mathematics","1380130.","12389","98","16","18.9","20.7","17.3","16.1"
"ACT","Highest","2024-25","721","Richmond County","2574","Westside High School","All Students","Reading","1380130.","12389","98","16","20","22.7","18.8","16.7"
"ACT","Highest","2024-25","721","Richmond County","2574","Westside High School","All Students","Science","1380130.","12190","96","16","19.6","21.6","18.1","17.4"
"ACT","Highest","2024-25","721","Richmond County","2574","Westside High School","All Students","Writing Subscore","1380130.","1711","20","TFS","6.1","6.7","6","TFS"
"ACT","Highest","2024-25","721","Richmond County","3054","Glenn Hills High School","All Students","Composite","1380130.","12390","98","TFS","19.4","21.5","17.7","TFS"
"ACT","Highest","2024-25","721","Richmond County","3054","Glenn Hills High School","All Students","English","1380130.","12389","98","TFS","18.4","20.7","16.6","TFS"
"ACT","Highest","2024-25","721","Richmond County","3054","Glenn Hills High School","All Students","Mathematics","1380130.","12389","98","TFS","18.9","20.7","17.3","TFS"
"ACT","Highest","2024-25","721","Richmond County","3054","Glenn Hills High School","All Students","Reading","1380130.","12389","98","TFS","20","22.7","18.8","TFS"
"ACT","Highest","2024-25","721","Richmond County","3054","Glenn Hills High School","All Students","Science","1380130.","12190","96","TFS","19.6","21.6","18.1","TFS"
"ACT","Highest","2024-25","721","Richmond County","3054","Glenn Hills High School","All Students","Writing Subscore","1380130.","1711","20","TFS","6.1","6.7","6","TFS"
"ACT","Highest","2024-25","721","Richmond County","3556","Johnson Health Science and Engineering Magnet School","All Students","Composite","1380130.","12390","98","15","19.4","21.5","17.7","22.1"
"ACT","Highest","2024-25","721","Richmond County","3556","Johnson Health Science and Engineering Magnet School","All Students","English","1380130.","12389","98","15","18.4","20.7","16.6","22.2"
"ACT","Highest","2024-25","721","Richmond County","3556","Johnson Health Science and Engineering Magnet School","All Students","Mathematics","1380130.","12389","98","15","18.9","20.7","17.3","20.8"
"ACT","Highest","2024-25","721","Richmond County","3556","Johnson Health Science and Engineering Magnet School","All Students","Reading","1380130.","12389","98","15","20","22.7","18.8","23.9"
"ACT","Highest","2024-25","721","Richmond County","3556","Johnson Health Science and Engineering Magnet School","All Students","Science","1380130.","12190","96","15","19.6","21.6","18.1","21.2"
"ACT","Highest","2024-25","721","Richmond County","3556","Johnson Health Science and Engineering Magnet School","All Students","Writing Subscore","1380130.","1711","20","TFS","6.1","6.7","6","TFS"
"ACT","Highest","2024-25","721","Richmond County","3756","Josey High School","All Students","Composite","1380130.","12390","98","TFS","19.4","21.5","17.7","TFS"
"ACT","Highest","2024-25","721","Richmond County","3756","Josey High School","All Students","English","1380130.","12389","98","TFS","18.4","20.7","16.6","TFS"
"ACT","Highest","2024-25","721","Richmond County","3756","Josey High School","All Students","Mathematics","1380130.","12389","98","TFS","18.9","20.7","17.3","TFS"
"ACT","Highest","2024-25","721","Richmond County","3756","Josey High School","All Students","Reading","1380130.","12389","98","TFS","20","22.7","18.8","TFS"
"ACT","Highest","2024-25","721","Richmond County","3756","Josey High School","All Students","Science","1380130.","12190","96","TFS","19.6","21.6","18.1","TFS"
"ACT","Highest","2024-25","721","Richmond County","4060","Academy of Richmond County High School","All Students","Composite","1380130.","12390","98","12","19.4","21.5","17.7","16.6"
"ACT","Highest","2024-25","721","Richmond County","4060","Academy of Richmond County High School","All Students","English","1380130.","12389","98","12","18.4","20.7","16.6","13.4"
"ACT","Highest","2024-25","721","Richmond County","4060","Academy of Richmond County High School","All Students","Mathematics","1380130.","12389","98","12","18.9","20.7","17.3","16"
"ACT","Highest","2024-25","721","Richmond County","4060","Academy of Richmond County High School","All Students","Reading","1380130.","12389","98","12","20","22.7","18.8","18.9"
"ACT","Highest","2024-25","721","Richmond County","4060","Academy of Richmond County High School","All Students","Science","1380130.","12190","96","12","19.6","21.6","18.1","17.9"
"ACT","Highest","2024-25","721","Richmond County","4060","Academy of Richmond County High School","All Students","Writing Subscore","1380130.","1711","20","TFS","6.1","6.7","6","TFS"
"ACT","Highest","2024-25","721","Richmond County","4562","Davidson Fine Arts Magnet","All Students","Composite","1380130.","12390","98","16","19.4","21.5","17.7","24.2"
"ACT","Highest","2024-25","721","Richmond County","4562","Davidson Fine Arts Magnet","All Students","English","1380130.","12389","98","16","18.4","20.7","16.6","23.8"
"ACT","Highest","2024-25","721","Richmond County","4562","Davidson Fine Arts Magnet","All Students","Mathematics","1380130.","12389","98","16","18.9","20.7","17.3","22.9"
"ACT","Highest","2024-25","721","Richmond County","4562","Davidson Fine Arts Magnet","All Students","Reading","1380130.","12389","98","16","20","22.7","18.8","26.4"
"ACT","Highest","2024-25","721","Richmond County","4562","Davidson Fine Arts Magnet","All Students","Science","1380130.","12190","96","15","19.6","21.6","18.1","23.1"
"ACT","Highest","2024-25","721","Richmond County","5566","Laney High School","All Students","Composite","1380130.","12390","98","17","19.4","21.5","17.7","13.2"
"ACT","Highest","2024-25","721","Richmond County","5566","Laney High School","All Students","English","1380130.","12389","98","17","18.4","20.7","16.6","11.7"
"ACT","Highest","2024-25","721","Richmond County","5566","Laney High School","All Students","Mathematics","1380130.","12389","98","17","18.9","20.7","17.3","13.9"
"ACT","Highest","2024-25","721","Richmond County","5566","Laney High School","All Students","Reading","1380130.","12389","98","17","20","22.7","18.8","12.7"
"ACT","Highest","2024-25","721","Richmond County","5566","Laney High School","All Students","Science","1380130.","12190","96","17","19.6","21.6","18.1","14.3"
"ACT","Highest","2024-25","721","Richmond County","5566","Laney High School","All Students","Writing Subscore","1380130.","1711","20","TFS","6.1","6.7","6","TFS"
"ACT","Highest","2024-25","722","Rockdale County","0176","Heritage High School","All Students","Composite","1380130.","12390","145","48","19.4","21.5","18.2","17.8"
"ACT","Highest","2024-25","722","Rockdale County","0176","Heritage High School","All Students","English","1380130.","12389","145","48","18.4","20.7","17.1","16.8"
"ACT","Highest","2024-25","722","Rockdale County","0176","Heritage High School","All Students","Mathematics","1380130.","12389","145","48","18.9","20.7","16.8","16.6"
"ACT","Highest","2024-25","722","Rockdale County","0176","Heritage High School","All Students","Reading","1380130.","12389","145","48","20","22.7","20","19.1"
"ACT","Highest","2024-25","722","Rockdale County","0176","Heritage High School","All Students","Science","1380130.","12190","143","48","19.6","21.6","18.5","18"
"ACT","Highest","2024-25","722","Rockdale County","0176","Heritage High School","All Students","Writing Subscore","1380130.","1711","25","TFS","6.1","6.7","5.7","TFS"
"ACT","Highest","2024-25","722","Rockdale County","0192","Salem High School","All Students","Composite","1380130.","12390","145","11","19.4","21.5","18.2","17.5"
"ACT","Highest","2024-25","722","Rockdale County","0192","Salem High School","All Students","English","1380130.","12389","145","11","18.4","20.7","17.1","16.5"
"ACT","Highest","2024-25","722","Rockdale County","0192","Salem High School","All Students","Mathematics","1380130.","12389","145","11","18.9","20.7","16.8","15.8"
"ACT","Highest","2024-25","722","Rockdale County","0192","Salem High School","All Students","Reading","1380130.","12389","145","11","20","22.7","20","18.8"
"ACT","Highest","2024-25","722","Rockdale County","0192","Salem High School","All Students","Science","1380130.","12190","143","11","19.6","21.6","18.5","18.4"
"ACT","Highest","2024-25","722","Rockdale County","0192","Salem High School","All Students","Writing Subscore","1380130.","1711","25","TFS","6.1","6.7","5.7","TFS"
"ACT","Highest","2024-25","722","Rockdale County","3052","Rockdale County High School","All Students","Composite","1380130.","12390","145","86","19.4","21.5","18.2","18.5"
"ACT","Highest","2024-25","722","Rockdale County","3052","Rockdale County High School","All Students","English","1380130.","12389","145","86","18.4","20.7","17.1","17.3"
"ACT","Highest","2024-25","722","Rockdale County","3052","Rockdale County High School","All Students","Mathematics","1380130.","12389","145","86","18.9","20.7","16.8","17.1"
"ACT","Highest","2024-25","722","Rockdale County","3052","Rockdale County High School","All Students","Reading","1380130.","12389","145","86","20","22.7","20","20.5"
"ACT","Highest","2024-25","722","Rockdale County","3052","Rockdale County High School","All Students","Science","1380130.","12190","143","84","19.6","21.6","18.5","18.8"
"ACT","Highest","2024-25","722","Rockdale County","3052","Rockdale County High School","All Students","Writing Subscore","1380130.","1711","25","15","6.1","6.7","5.7","5.9"
"ACT","Highest","2024-25","723","Schley County","0101","Schley Middle High School","All Students","Composite","1380130.","12390","17","17","19.4","21.5","20.4","20.4"
"ACT","Highest","2024-25","723","Schley County","0101","Schley Middle High School","All Students","English","1380130.","12389","17","17","18.4","20.7","19.5","19.5"
"ACT","Highest","2024-25","723","Schley County","0101","Schley Middle High School","All Students","Mathematics","1380130.","12389","17","17","18.9","20.7","18.4","18.4"
"ACT","Highest","2024-25","723","Schley County","0101","Schley Middle High School","All Students","Reading","1380130.","12389","17","17","20","22.7","22.6","22.6"
"ACT","Highest","2024-25","723","Schley County","0101","Schley Middle High School","All Students","Science","1380130.","12190","17","17","19.6","21.6","20.2","20.2"
"ACT","Highest","2024-25","723","Schley County","0101","Schley Middle High School","All Students","Writing Subscore","1380130.","1711","TFS","TFS","6.1","6.7","TFS","TFS"
"ACT","Highest","2024-25","724","Screven County","4052","Screven County High School","All Students","Composite","1380130.","12390","TFS","TFS","19.4","21.5","TFS","TFS"
"ACT","Highest","2024-25","724","Screven County","4052","Screven County High School","All Students","English","1380130.","12389","TFS","TFS","18.4","20.7","TFS","TFS"
"ACT","Highest","2024-25","724","Screven County","4052","Screven County High School","All Students","Mathematics","1380130.","12389","TFS","TFS","18.9","20.7","TFS","TFS"
"ACT","Highest","2024-25","724","Screven County","4052","Screven County High School","All Students","Reading","1380130.","12389","TFS","TFS","20","22.7","TFS","TFS"
"ACT","Highest","2024-25","724","Screven County","4052","Screven County High School","All Students","Science","1380130.","12190","TFS","TFS","19.6","21.6","TFS","TFS"
"ACT","Highest","2024-25","725","Seminole County","0196","Seminole County Middle/High School","All Students","Composite","1380130.","12390","13","13","19.4","21.5","19.8","19.8"
"ACT","Highest","2024-25","725","Seminole County","0196","Seminole County Middle/High School","All Students","English","1380130.","12389","13","13","18.4","20.7","18.8","18.8"
"ACT","Highest","2024-25","725","Seminole County","0196","Seminole County Middle/High School","All Students","Mathematics","1380130.","12389","13","13","18.9","20.7","18.2","18.2"
"ACT","Highest","2024-25","725","Seminole County","0196","Seminole County Middle/High School","All Students","Reading","1380130.","12389","13","13","20","22.7","21.5","21.5"
"ACT","Highest","2024-25","725","Seminole County","0196","Seminole County Middle/High School","All Students","Science","1380130.","12190","12","12","19.6","21.6","19.8","19.8"
"ACT","Highest","2024-25","725","Seminole County","0196","Seminole County Middle/High School","All Students","Writing Subscore","1380130.","1711","TFS","TFS","6.1","6.7","TFS","TFS"
"ACT","Highest","2024-25","726","Griffin-Spalding County","0101","Spalding High School","All Students","Composite","1380130.","12390","32","15","19.4","21.5","18.3","17.9"
"ACT","Highest","2024-25","726","Griffin-Spalding County","0101","Spalding High School","All Students","English","1380130.","12389","32","15","18.4","20.7","16.6","16.1"
"ACT","Highest","2024-25","726","Griffin-Spalding County","0101","Spalding High School","All Students","Mathematics","1380130.","12389","32","15","18.9","20.7","16.8","16.6"
"ACT","Highest","2024-25","726","Griffin-Spalding County","0101","Spalding High School","All Students","Reading","1380130.","12389","32","15","20","22.7","20.5","19.6"
"ACT","Highest","2024-25","726","Griffin-Spalding County","0101","Spalding High School","All Students","Science","1380130.","12190","32","15","19.6","21.6","18.6","18.6"
"ACT","Highest","2024-25","726","Griffin-Spalding County","0101","Spalding High School","All Students","Writing Subscore","1380130.","1711","TFS","TFS","6.1","6.7","TFS","TFS"
"ACT","Highest","2024-25","726","Griffin-Spalding County","0187","Griffin High School","All Students","Composite","1380130.","12390","32","17","19.4","21.5","18.3","18.6"
"ACT","Highest","2024-25","726","Griffin-Spalding County","0187","Griffin High School","All Students","English","1380130.","12389","32","17","18.4","20.7","16.6","17.1"
"ACT","Highest","2024-25","726","Griffin-Spalding County","0187","Griffin High School","All Students","Mathematics","1380130.","12389","32","17","18.9","20.7","16.8","17.1"
"ACT","Highest","2024-25","726","Griffin-Spalding County","0187","Griffin High School","All Students","Reading","1380130.","12389","32","17","20","22.7","20.5","21.4"
"ACT","Highest","2024-25","726","Griffin-Spalding County","0187","Griffin High School","All Students","Science","1380130.","12190","32","17","19.6","21.6","18.6","18.6"
"ACT","Highest","2024-25","726","Griffin-Spalding County","0187","Griffin High School","All Students","Writing Subscore","1380130.","1711","TFS","TFS","6.1","6.7","TFS","TFS"
"ACT","Highest","2024-25","727","Stephens County","5050","Stephens County High School","All Students","Composite","1380130.","12390","TFS","TFS","19.4","21.5","TFS","TFS"
"ACT","Highest","2024-25","727","Stephens County","5050","Stephens County High School","All Students","English","1380130.","12389","TFS","TFS","18.4","20.7","TFS","TFS"
"ACT","Highest","2024-25","727","Stephens County","5050","Stephens County High School","All Students","Mathematics","1380130.","12389","TFS","TFS","18.9","20.7","TFS","TFS"
"ACT","Highest","2024-25","727","Stephens County","5050","Stephens County High School","All Students","Reading","1380130.","12389","TFS","TFS","20","22.7","TFS","TFS"
"ACT","Highest","2024-25","727","Stephens County","5050","Stephens County High School","All Students","Science","1380130.","12190","TFS","TFS","19.6","21.6","TFS","TFS"
"ACT","Highest","2024-25","727","Stephens County","5050","Stephens County High School","All Students","Writing Subscore","1380130.","1711","TFS","TFS","6.1","6.7","TFS","TFS"
"ACT","Highest","2024-25","728","Stewart County","0201","Stewart County High School","All Students","Composite","1380130.","12390","TFS","TFS","19.4","21.5","TFS","TFS"
"ACT","Highest","2024-25","728","Stewart County","0201","Stewart County High School","All Students","English","1380130.","12389","TFS","TFS","18.4","20.7","TFS","TFS"
"ACT","Highest","2024-25","728","Stewart County","0201","Stewart County High School","All Students","Mathematics","1380130.","12389","TFS","TFS","18.9","20.7","TFS","TFS"
"ACT","Highest","2024-25","728","Stewart County","0201","Stewart County High School","All Students","Reading","1380130.","12389","TFS","TFS","20","22.7","TFS","TFS"
"ACT","Highest","2024-25","728","Stewart County","0201","Stewart County High School","All Students","Science","1380130.","12190","TFS","TFS","19.6","21.6","TFS","TFS"
"ACT","Highest","2024-25","729","Sumter County","0396","Furlow Charter School","All Students","Composite","1380130.","12390","26","TFS","19.4","21.5","14.8","TFS"
"ACT","Highest","2024-25","729","Sumter County","0396","Furlow Charter School","All Students","English","1380130.","12389","26","TFS","18.4","20.7","13.1","TFS"
"ACT","Highest","2024-25","729","Sumter County","0396","Furlow Charter School","All Students","Mathematics","1380130.","12389","26","TFS","18.9","20.7","15.7","TFS"
"ACT","Highest","2024-25","729","Sumter County","0396","Furlow Charter School","All Students","Reading","1380130.","12389","26","TFS","20","22.7","15","TFS"
"ACT","Highest","2024-25","729","Sumter County","0396","Furlow Charter School","All Students","Science","1380130.","12190","25","TFS","19.6","21.6","15","TFS"
"ACT","Highest","2024-25","729","Sumter County","0397","Sumter County High School","All Students","Composite","1380130.","12390","26","25","19.4","21.5","14.8","14.9"
"ACT","Highest","2024-25","729","Sumter County","0397","Sumter County High School","All Students","English","1380130.","12389","26","25","18.4","20.7","13.1","13.2"
"ACT","Highest","2024-25","729","Sumter County","0397","Sumter County High School","All Students","Mathematics","1380130.","12389","26","25","18.9","20.7","15.7","15.7"
"ACT","Highest","2024-25","729","Sumter County","0397","Sumter County High School","All Students","Reading","1380130.","12389","26","25","20","22.7","15","15"
"ACT","Highest","2024-25","729","Sumter County","0397","Sumter County High School","All Students","Science","1380130.","12190","25","24","19.6","21.6","15","15"
"ACT","Highest","2024-25","729","Sumter County","0397","Sumter County High School","All Students","Writing Subscore","1380130.","1711","TFS","TFS","6.1","6.7","TFS","TFS"
"ACT","Highest","2024-25","732","Tattnall County","0194","Tattnall County High School","All Students","Composite","1380130.","12390","TFS","TFS","19.4","21.5","TFS","TFS"
"ACT","Highest","2024-25","732","Tattnall County","0194","Tattnall County High School","All Students","English","1380130.","12389","TFS","TFS","18.4","20.7","TFS","TFS"
"ACT","Highest","2024-25","732","Tattnall County","0194","Tattnall County High School","All Students","Mathematics","1380130.","12389","TFS","TFS","18.9","20.7","TFS","TFS"
"ACT","Highest","2024-25","732","Tattnall County","0194","Tattnall County High School","All Students","Reading","1380130.","12389","TFS","TFS","20","22.7","TFS","TFS"
"ACT","Highest","2024-25","732","Tattnall County","0194","Tattnall County High School","All Students","Science","1380130.","12190","TFS","TFS","19.6","21.6","TFS","TFS"
"ACT","Highest","2024-25","732","Tattnall County","0194","Tattnall County High School","All Students","Writing Subscore","1380130.","1711","TFS","TFS","6.1","6.7","TFS","TFS"
"ACT","Highest","2024-25","733","Taylor County","0201","Taylor County High School","All Students","Composite","1380130.","12390","15","15","19.4","21.5","17.4","17.4"
"ACT","Highest","2024-25","733","Taylor County","0201","Taylor County High School","All Students","English","1380130.","12389","15","15","18.4","20.7","16.7","16.7"
"ACT","Highest","2024-25","733","Taylor County","0201","Taylor County High School","All Students","Mathematics","1380130.","12389","15","15","18.9","20.7","17.3","17.3"
"ACT","Highest","2024-25","733","Taylor County","0201","Taylor County High School","All Students","Reading","1380130.","12389","15","15","20","22.7","17.7","17.7"
"ACT","Highest","2024-25","733","Taylor County","0201","Taylor County High School","All Students","Science","1380130.","12190","15","15","19.6","21.6","17.2","17.2"
"ACT","Highest","2024-25","735","Terrell County","0105","Terrell County High School","All Students","Composite","1380130.","12390","TFS","TFS","19.4","21.5","TFS","TFS"
"ACT","Highest","2024-25","735","Terrell County","0105","Terrell County High School","All Students","English","1380130.","12389","TFS","TFS","18.4","20.7","TFS","TFS"
"ACT","Highest","2024-25","735","Terrell County","0105","Terrell County High School","All Students","Mathematics","1380130.","12389","TFS","TFS","18.9","20.7","TFS","TFS"
"ACT","Highest","2024-25","735","Terrell County","0105","Terrell County High School","All Students","Reading","1380130.","12389","TFS","TFS","20","22.7","TFS","TFS"
"ACT","Highest","2024-25","735","Terrell County","0105","Terrell County High School","All Students","Science","1380130.","12190","TFS","TFS","19.6","21.6","TFS","TFS"
"ACT","Highest","2024-25","736","Thomas County","0191","Thomas County Central High School","All Students","Composite","1380130.","12390","38","38","19.4","21.5","19.9","19.9"
"ACT","Highest","2024-25","736","Thomas County","0191","Thomas County Central High School","All Students","English","1380130.","12389","38","38","18.4","20.7","18.9","18.9"
"ACT","Highest","2024-25","736","Thomas County","0191","Thomas County Central High School","All Students","Mathematics","1380130.","12389","38","38","18.9","20.7","18.2","18.2"
"ACT","Highest","2024-25","736","Thomas County","0191","Thomas County Central High School","All Students","Reading","1380130.","12389","38","38","20","22.7","22.2","22.2"
"ACT","Highest","2024-25","736","Thomas County","0191","Thomas County Central High School","All Students","Science","1380130.","12190","37","37","19.6","21.6","19.9","19.9"
"ACT","Highest","2024-25","736","Thomas County","0191","Thomas County Central High School","All Students","Writing Subscore","1380130.","1711","TFS","TFS","6.1","6.7","TFS","TFS"
"ACT","Highest","2024-25","737","Tift County","3052","Northeast Middle School","All Students","Composite","1380130.","12390","TFS","TFS","19.4","21.5","TFS","TFS"
"ACT","Highest","2024-25","737","Tift County","3052","Northeast Middle School","All Students","English","1380130.","12389","TFS","TFS","18.4","20.7","TFS","TFS"
"ACT","Highest","2024-25","737","Tift County","3052","Northeast Middle School","All Students","Mathematics","1380130.","12389","TFS","TFS","18.9","20.7","TFS","TFS"
"ACT","Highest","2024-25","737","Tift County","3052","Northeast Middle School","All Students","Reading","1380130.","12389","TFS","TFS","20","22.7","TFS","TFS"
"ACT","Highest","2024-25","737","Tift County","3052","Northeast Middle School","All Students","Science","1380130.","12190","TFS","TFS","19.6","21.6","TFS","TFS"
"ACT","Highest","2024-25","737","Tift County","3052","Northeast Middle School","All Students","Writing Subscore","1380130.","1711","TFS","TFS","6.1","6.7","TFS","TFS"
"ACT","Highest","2024-25","738","Toombs County","0192","Toombs County High School","All Students","Composite","1380130.","12390","TFS","TFS","19.4","21.5","TFS","TFS"
"ACT","Highest","2024-25","738","Toombs County","0192","Toombs County High School","All Students","English","1380130.","12389","TFS","TFS","18.4","20.7","TFS","TFS"
"ACT","Highest","2024-25","738","Toombs County","0192","Toombs County High School","All Students","Mathematics","1380130.","12389","TFS","TFS","18.9","20.7","TFS","TFS"
"ACT","Highest","2024-25","738","Toombs County","0192","Toombs County High School","All Students","Reading","1380130.","12389","TFS","TFS","20","22.7","TFS","TFS"
"ACT","Highest","2024-25","738","Toombs County","0192","Toombs County High School","All Students","Science","1380130.","12190","TFS","TFS","19.6","21.6","TFS","TFS"
"ACT","Highest","2024-25","738","Toombs County","0192","Toombs County High School","All Students","Writing Subscore","1380130.","1711","TFS","TFS","6.1","6.7","TFS","TFS"
"ACT","Highest","2024-25","739","Towns County","0204","Towns County High School","All Students","Composite","1380130.","12390","TFS","TFS","19.4","21.5","TFS","TFS"
"ACT","Highest","2024-25","739","Towns County","0204","Towns County High School","All Students","English","1380130.","12389","TFS","TFS","18.4","20.7","TFS","TFS"
"ACT","Highest","2024-25","739","Towns County","0204","Towns County High School","All Students","Mathematics","1380130.","12389","TFS","TFS","18.9","20.7","TFS","TFS"
"ACT","Highest","2024-25","739","Towns County","0204","Towns County High School","All Students","Reading","1380130.","12389","TFS","TFS","20","22.7","TFS","TFS"
"ACT","Highest","2024-25","739","Towns County","0204","Towns County High School","All Students","Science","1380130.","12190","TFS","TFS","19.6","21.6","TFS","TFS"
"ACT","Highest","2024-25","739","Towns County","0204","Towns County High School","All Students","Writing Subscore","1380130.","1711","TFS","TFS","6.1","6.7","TFS","TFS"
"ACT","Highest","2024-25","741","Troup County","0201","Callaway High School","All Students","Composite","1380130.","12390","120","22","19.4","21.5","19.7","16.6"
"ACT","Highest","2024-25","741","Troup County","0201","Callaway High School","All Students","English","1380130.","12389","120","22","18.4","20.7","19","15.4"
"ACT","Highest","2024-25","741","Troup County","0201","Callaway High School","All Students","Mathematics","1380130.","12389","120","22","18.9","20.7","19.3","16"
"ACT","Highest","2024-25","741","Troup County","0201","Callaway High School","All Students","Reading","1380130.","12389","120","22","20","22.7","20.5","17.6"
"ACT","Highest","2024-25","741","Troup County","0201","Callaway High School","All Students","Science","1380130.","12190","119","22","19.6","21.6","19.8","17.1"
"ACT","Highest","2024-25","741","Troup County","0201","Callaway High School","All Students","Writing Subscore","1380130.","1711","TFS","TFS","6.1","6.7","TFS","TFS"
"ACT","Highest","2024-25","741","Troup County","0387","Troup County High School","All Students","Composite","1380130.","12390","120","33","19.4","21.5","19.7","18.5"
"ACT","Highest","2024-25","741","Troup County","0387","Troup County High School","All Students","English","1380130.","12389","120","33","18.4","20.7","19","18.1"
"ACT","Highest","2024-25","741","Troup County","0387","Troup County High School","All Students","Mathematics","1380130.","12389","120","33","18.9","20.7","19.3","18.1"
"ACT","Highest","2024-25","741","Troup County","0387","Troup County High School","All Students","Reading","1380130.","12389","120","33","20","22.7","20.5","19.3"
"ACT","Highest","2024-25","741","Troup County","0387","Troup County High School","All Students","Science","1380130.","12190","119","32","19.6","21.6","19.8","18.4"
"ACT","Highest","2024-25","741","Troup County","0387","Troup County High School","All Students","Writing Subscore","1380130.","1711","TFS","TFS","6.1","6.7","TFS","TFS"
"ACT","Highest","2024-25","741","Troup County","1052","LaGrange High School","All Students","Composite","1380130.","12390","120","65","19.4","21.5","19.7","21.4"
"ACT","Highest","2024-25","741","Troup County","1052","LaGrange High School","All Students","English","1380130.","12389","120","65","18.4","20.7","19","20.7"
"ACT","Highest","2024-25","741","Troup County","1052","LaGrange High School","All Students","Mathematics","1380130.","12389","120","65","18.9","20.7","19.3","21"
"ACT","Highest","2024-25","741","Troup County","1052","LaGrange High School","All Students","Reading","1380130.","12389","120","65","20","22.7","20.5","22"
"ACT","Highest","2024-25","741","Troup County","1052","LaGrange High School","All Students","Science","1380130.","12190","119","65","19.6","21.6","19.8","21.4"
"ACT","Highest","2024-25","741","Troup County","1052","LaGrange High School","All Students","Writing Subscore","1380130.","1711","TFS","TFS","6.1","6.7","TFS","TFS"
"ACT","Highest","2024-25","742","Turner County","3050","Turner County High School","All Students","Composite","1380130.","12390","TFS","TFS","19.4","21.5","TFS","TFS"
"ACT","Highest","2024-25","742","Turner County","3050","Turner County High School","All Students","English","1380130.","12389","TFS","TFS","18.4","20.7","TFS","TFS"
"ACT","Highest","2024-25","742","Turner County","3050","Turner County High School","All Students","Mathematics","1380130.","12389","TFS","TFS","18.9","20.7","TFS","TFS"
"ACT","Highest","2024-25","742","Turner County","3050","Turner County High School","All Students","Reading","1380130.","12389","TFS","TFS","20","22.7","TFS","TFS"
"ACT","Highest","2024-25","742","Turner County","3050","Turner County High School","All Students","Science","1380130.","12190","TFS","TFS","19.6","21.6","TFS","TFS"
"ACT","Highest","2024-25","744","Union County","0101","Union County High School","All Students","Composite","1380130.","12390","TFS","TFS","19.4","21.5","TFS","TFS"
"ACT","Highest","2024-25","744","Union County","0101","Union County High School","All Students","English","1380130.","12389","TFS","TFS","18.4","20.7","TFS","TFS"
"ACT","Highest","2024-25","744","Union County","0101","Union County High School","All Students","Mathematics","1380130.","12389","TFS","TFS","18.9","20.7","TFS","TFS"
"ACT","Highest","2024-25","744","Union County","0101","Union County High School","All Students","Reading","1380130.","12389","TFS","TFS","20","22.7","TFS","TFS"
"ACT","Highest","2024-25","744","Union County","0101","Union County High School","All Students","Science","1380130.","12190","TFS","TFS","19.6","21.6","TFS","TFS"
"ACT","Highest","2024-25","744","Union County","0101","Union County High School","All Students","Writing Subscore","1380130.","1711","TFS","TFS","6.1","6.7","TFS","TFS"
"ACT","Highest","2024-25","745","Thomaston-Upson County","0195","Upson-Lee High School","All Students","Composite","1380130.","12390","11","11","19.4","21.5","21.3","21.3"
"ACT","Highest","2024-25","745","Thomaston-Upson County","0195","Upson-Lee High School","All Students","English","1380130.","12389","11","11","18.4","20.7","20.8","20.8"
"ACT","Highest","2024-25","745","Thomaston-Upson County","0195","Upson-Lee High School","All Students","Mathematics","1380130.","12389","11","11","18.9","20.7","19.2","19.2"
"ACT","Highest","2024-25","745","Thomaston-Upson County","0195","Upson-Lee High School","All Students","Reading","1380130.","12389","11","11","20","22.7","23.5","23.5"
"ACT","Highest","2024-25","745","Thomaston-Upson County","0195","Upson-Lee High School","All Students","Science","1380130.","12190","11","11","19.6","21.6","20.5","20.5"
"ACT","Highest","2024-25","745","Thomaston-Upson County","0195","Upson-Lee High School","All Students","Writing Subscore","1380130.","1711","TFS","TFS","6.1","6.7","TFS","TFS"
"ACT","Highest","2024-25","746","Walker County","0190","Ridgeland High School","All Students","Composite","1380130.","12390","105","47","19.4","21.5","21.1","19.3"
"ACT","Highest","2024-25","746","Walker County","0190","Ridgeland High School","All Students","English","1380130.","12389","105","47","18.4","20.7","20.6","18.4"
"ACT","Highest","2024-25","746","Walker County","0190","Ridgeland High School","All Students","Mathematics","1380130.","12389","105","47","18.9","20.7","19.2","18"
"ACT","Highest","2024-25","746","Walker County","0190","Ridgeland High School","All Students","Reading","1380130.","12389","105","47","20","22.7","22.8","20.4"
"ACT","Highest","2024-25","746","Walker County","0190","Ridgeland High School","All Students","Science","1380130.","12190","105","47","19.6","21.6","21.1","19.7"
"ACT","Highest","2024-25","746","Walker County","0190","Ridgeland High School","All Students","Writing Subscore","1380130.","1711","17","15","6.1","6.7","5.5","5.7"
"ACT","Highest","2024-25","746","Walker County","0198","LaFayette High School","All Students","Composite","1380130.","12390","105","58","19.4","21.5","21.1","22.5"
"ACT","Highest","2024-25","746","Walker County","0198","LaFayette High School","All Students","English","1380130.","12389","105","58","18.4","20.7","20.6","22.3"
"ACT","Highest","2024-25","746","Walker County","0198","LaFayette High School","All Students","Mathematics","1380130.","12389","105","58","18.9","20.7","19.2","20.2"
"ACT","Highest","2024-25","746","Walker County","0198","LaFayette High School","All Students","Reading","1380130.","12389","105","58","20","22.7","22.8","24.9"
"ACT","Highest","2024-25","746","Walker County","0198","LaFayette High School","All Students","Science","1380130.","12190","105","58","19.6","21.6","21.1","22.3"
"ACT","Highest","2024-25","746","Walker County","0198","LaFayette High School","All Students","Writing Subscore","1380130.","1711","17","TFS","6.1","6.7","5.5","TFS"
"ACT","Highest","2024-25","747","Walton County","0111","Walnut Grove High School","All Students","Composite","1380130.","12390","72","22","19.4","21.5","21.1","21.6"
"ACT","Highest","2024-25","747","Walton County","0111","Walnut Grove High School","All Students","English","1380130.","12389","72","22","18.4","20.7","20.1","20.7"
"ACT","Highest","2024-25","747","Walton County","0111","Walnut Grove High School","All Students","Mathematics","1380130.","12389","72","22","18.9","20.7","19.9","20.4"
"ACT","Highest","2024-25","747","Walton County","0111","Walnut Grove High School","All Students","Reading","1380130.","12389","72","22","20","22.7","22.9","23.5"
"ACT","Highest","2024-25","747","Walton County","0111","Walnut Grove High School","All Students","Science","1380130.","12190","71","22","19.6","21.6","20.8","21"
"ACT","Highest","2024-25","747","Walton County","0111","Walnut Grove High School","All Students","Writing Subscore","1380130.","1711","17","TFS","6.1","6.7","6.4","TFS"
"ACT","Highest","2024-25","747","Walton County","0199","Loganville High School","All Students","Composite","1380130.","12390","72","29","19.4","21.5","21.1","21.6"
"ACT","Highest","2024-25","747","Walton County","0199","Loganville High School","All Students","English","1380130.","12389","72","29","18.4","20.7","20.1","20.6"
"ACT","Highest","2024-25","747","Walton County","0199","Loganville High School","All Students","Mathematics","1380130.","12389","72","29","18.9","20.7","19.9","20.7"
"ACT","Highest","2024-25","747","Walton County","0199","Loganville High School","All Students","Reading","1380130.","12389","72","29","20","22.7","22.9","23.4"
"ACT","Highest","2024-25","747","Walton County","0199","Loganville High School","All Students","Science","1380130.","12190","71","28","19.6","21.6","20.8","21.1"
"ACT","Highest","2024-25","747","Walton County","0199","Loganville High School","All Students","Writing Subscore","1380130.","1711","17","TFS","6.1","6.7","6.4","TFS"
"ACT","Highest","2024-25","747","Walton County","0205","Monroe Area High School","All Students","Composite","1380130.","12390","72","21","19.4","21.5","21.1","19.8"
"ACT","Highest","2024-25","747","Walton County","0205","Monroe Area High School","All Students","English","1380130.","12389","72","21","18.4","20.7","20.1","18.7"
"ACT","Highest","2024-25","747","Walton County","0205","Monroe Area High School","All Students","Mathematics","1380130.","12389","72","21","18.9","20.7","19.9","18.2"
"ACT","Highest","2024-25","747","Walton County","0205","Monroe Area High School","All Students","Reading","1380130.","12389","72","21","20","22.7","22.9","21.6"
"ACT","Highest","2024-25","747","Walton County","0205","Monroe Area High School","All Students","Science","1380130.","12190","71","21","19.6","21.6","20.8","20"
"ACT","Highest","2024-25","747","Walton County","0205","Monroe Area High School","All Students","Writing Subscore","1380130.","1711","17","TFS","6.1","6.7","6.4","TFS"
"ACT","Highest","2024-25","748","Ware County","0195","Ware County High School","All Students","Composite","1380130.","12390","21","21","19.4","21.5","18.5","18.5"
"ACT","Highest","2024-25","748","Ware County","0195","Ware County High School","All Students","English","1380130.","12389","21","21","18.4","20.7","17.1","17.1"
"ACT","Highest","2024-25","748","Ware County","0195","Ware County High School","All Students","Mathematics","1380130.","12389","21","21","18.9","20.7","17.3","17.3"
"ACT","Highest","2024-25","748","Ware County","0195","Ware County High School","All Students","Reading","1380130.","12389","21","21","20","22.7","20.5","20.5"
"ACT","Highest","2024-25","748","Ware County","0195","Ware County High School","All Students","Science","1380130.","12190","19","19","19.6","21.6","18.9","18.9"
"ACT","Highest","2024-25","748","Ware County","0195","Ware County High School","All Students","Writing Subscore","1380130.","1711","TFS","TFS","6.1","6.7","TFS","TFS"
"ACT","Highest","2024-25","750","Washington County","1052","Washington County High School","All Students","Composite","1380130.","12390","12","12","19.4","21.5","15.9","15.9"
"ACT","Highest","2024-25","750","Washington County","1052","Washington County High School","All Students","English","1380130.","12389","12","12","18.4","20.7","14.8","14.8"
"ACT","Highest","2024-25","750","Washington County","1052","Washington County High School","All Students","Mathematics","1380130.","12389","12","12","18.9","20.7","16.5","16.5"
"ACT","Highest","2024-25","750","Washington County","1052","Washington County High School","All Students","Reading","1380130.","12389","12","12","20","22.7","16.1","16.1"
"ACT","Highest","2024-25","750","Washington County","1052","Washington County High School","All Students","Science","1380130.","12190","12","12","19.6","21.6","15.4","15.4"
"ACT","Highest","2024-25","750","Washington County","1052","Washington County High School","All Students","Writing Subscore","1380130.","1711","TFS","TFS","6.1","6.7","TFS","TFS"
"ACT","Highest","2024-25","751","Wayne County","0101","Wayne County High School","All Students","Composite","1380130.","12390","18","18","19.4","21.5","18.4","18.4"
"ACT","Highest","2024-25","751","Wayne County","0101","Wayne County High School","All Students","English","1380130.","12389","18","18","18.4","20.7","16.7","16.7"
"ACT","Highest","2024-25","751","Wayne County","0101","Wayne County High School","All Students","Mathematics","1380130.","12389","18","18","18.9","20.7","17.6","17.6"
"ACT","Highest","2024-25","751","Wayne County","0101","Wayne County High School","All Students","Reading","1380130.","12389","18","18","20","22.7","19.7","19.7"
"ACT","Highest","2024-25","751","Wayne County","0101","Wayne County High School","All Students","Science","1380130.","12190","18","18","19.6","21.6","19.1","19.1"
"ACT","Highest","2024-25","751","Wayne County","0101","Wayne County High School","All Students","Writing Subscore","1380130.","1711","TFS","TFS","6.1","6.7","TFS","TFS"
"ACT","Highest","2024-25","754","White County","0105","White County High School","All Students","Composite","1380130.","12390","12","12","19.4","21.5","22.1","22.1"
"ACT","Highest","2024-25","754","White County","0105","White County High School","All Students","English","1380130.","12389","12","12","18.4","20.7","19.8","19.8"
"ACT","Highest","2024-25","754","White County","0105","White County High School","All Students","Mathematics","1380130.","12389","12","12","18.9","20.7","21.7","21.7"
"ACT","Highest","2024-25","754","White County","0105","White County High School","All Students","Reading","1380130.","12389","12","12","20","22.7","23.8","23.8"
"ACT","Highest","2024-25","754","White County","0105","White County High School","All Students","Science","1380130.","12190","11","11","19.6","21.6","23.2","23.2"
"ACT","Highest","2024-25","754","White County","0105","White County High School","All Students","Writing Subscore","1380130.","1711","TFS","TFS","6.1","6.7","TFS","TFS"
"ACT","Highest","2024-25","755","Whitfield County","0105","Whitfield County Career Academy","All Students","Composite","1380130.","12390","88","TFS","19.4","21.5","19.4","TFS"
"ACT","Highest","2024-25","755","Whitfield County","0105","Whitfield County Career Academy","All Students","English","1380130.","12389","88","TFS","18.4","20.7","18.5","TFS"
"ACT","Highest","2024-25","755","Whitfield County","0105","Whitfield County Career Academy","All Students","Mathematics","1380130.","12389","88","TFS","18.9","20.7","19.5","TFS"
"ACT","Highest","2024-25","755","Whitfield County","0105","Whitfield County Career Academy","All Students","Reading","1380130.","12389","88","TFS","20","22.7","19.9","TFS"
"ACT","Highest","2024-25","755","Whitfield County","0105","Whitfield County Career Academy","All Students","Science","1380130.","12190","87","TFS","19.6","21.6","19.2","TFS"
"ACT","Highest","2024-25","755","Whitfield County","0112","Coahulla Creek High School","All Students","Composite","1380130.","12390","88","11","19.4","21.5","19.4","22.2"
"ACT","Highest","2024-25","755","Whitfield County","0112","Coahulla Creek High School","All Students","English","1380130.","12389","88","11","18.4","20.7","18.5","21.5"
"ACT","Highest","2024-25","755","Whitfield County","0112","Coahulla Creek High School","All Students","Mathematics","1380130.","12389","88","11","18.9","20.7","19.5","23"
"ACT","Highest","2024-25","755","Whitfield County","0112","Coahulla Creek High School","All Students","Reading","1380130.","12389","88","11","20","22.7","19.9","22.3"
"ACT","Highest","2024-25","755","Whitfield County","0112","Coahulla Creek High School","All Students","Science","1380130.","12190","87","11","19.6","21.6","19.2","21.9"
"ACT","Highest","2024-25","755","Whitfield County","0112","Coahulla Creek High School","All Students","Writing Subscore","1380130.","1711","TFS","TFS","6.1","6.7","TFS","TFS"
"ACT","Highest","2024-25","755","Whitfield County","0175","Northwest Whitfield County High School","All Students","Composite","1380130.","12390","88","22","19.4","21.5","19.4","20.4"
"ACT","Highest","2024-25","755","Whitfield County","0175","Northwest Whitfield County High School","All Students","English","1380130.","12389","88","22","18.4","20.7","18.5","19"
"ACT","Highest","2024-25","755","Whitfield County","0175","Northwest Whitfield County High School","All Students","Mathematics","1380130.","12389","88","22","18.9","20.7","19.5","20.5"
"ACT","Highest","2024-25","755","Whitfield County","0175","Northwest Whitfield County High School","All Students","Reading","1380130.","12389","88","22","20","22.7","19.9","21.7"
"ACT","Highest","2024-25","755","Whitfield County","0175","Northwest Whitfield County High School","All Students","Science","1380130.","12190","87","21","19.6","21.6","19.2","19.8"
"ACT","Highest","2024-25","755","Whitfield County","0175","Northwest Whitfield County High School","All Students","Writing Subscore","1380130.","1711","TFS","TFS","6.1","6.7","TFS","TFS"
"ACT","Highest","2024-25","755","Whitfield County","0275","Southeast Whitfield County High School","All Students","Composite","1380130.","12390","88","54","19.4","21.5","19.4","18.4"
"ACT","Highest","2024-25","755","Whitfield County","0275","Southeast Whitfield County High School","All Students","English","1380130.","12389","88","54","18.4","20.7","18.5","17.8"
"ACT","Highest","2024-25","755","Whitfield County","0275","Southeast Whitfield County High School","All Students","Mathematics","1380130.","12389","88","54","18.9","20.7","19.5","18.3"
"ACT","Highest","2024-25","755","Whitfield County","0275","Southeast Whitfield County High School","All Students","Reading","1380130.","12389","88","54","20","22.7","19.9","18.7"
"ACT","Highest","2024-25","755","Whitfield County","0275","Southeast Whitfield County High School","All Students","Science","1380130.","12190","87","54","19.6","21.6","19.2","18.4"
"ACT","Highest","2024-25","756","Wilcox County","0201","Wilcox County High School","All Students","Composite","1380130.","12390","TFS","TFS","19.4","21.5","TFS","TFS"
"ACT","Highest","2024-25","756","Wilcox County","0201","Wilcox County High School","All Students","English","1380130.","12389","TFS","TFS","18.4","20.7","TFS","TFS"
"ACT","Highest","2024-25","756","Wilcox County","0201","Wilcox County High School","All Students","Mathematics","1380130.","12389","TFS","TFS","18.9","20.7","TFS","TFS"
"ACT","Highest","2024-25","756","Wilcox County","0201","Wilcox County High School","All Students","Reading","1380130.","12389","TFS","TFS","20","22.7","TFS","TFS"
"ACT","Highest","2024-25","756","Wilcox County","0201","Wilcox County High School","All Students","Science","1380130.","12190","TFS","TFS","19.6","21.6","TFS","TFS"
"ACT","Highest","2024-25","756","Wilcox County","0201","Wilcox County High School","All Students","Writing Subscore","1380130.","1711","TFS","TFS","6.1","6.7","TFS","TFS"
"ACT","Highest","2024-25","758","Wilkinson County","3050","Wilkinson County High School","All Students","Composite","1380130.","12390","TFS","TFS","19.4","21.5","TFS","TFS"
"ACT","Highest","2024-25","758","Wilkinson County","3050","Wilkinson County High School","All Students","English","1380130.","12389","TFS","TFS","18.4","20.7","TFS","TFS"
"ACT","Highest","2024-25","758","Wilkinson County","3050","Wilkinson County High School","All Students","Mathematics","1380130.","12389","TFS","TFS","18.9","20.7","TFS","TFS"
"ACT","Highest","2024-25","758","Wilkinson County","3050","Wilkinson County High School","All Students","Reading","1380130.","12389","TFS","TFS","20","22.7","TFS","TFS"
"ACT","Highest","2024-25","758","Wilkinson County","3050","Wilkinson County High School","All Students","Science","1380130.","12190","TFS","TFS","19.6","21.6","TFS","TFS"
"ACT","Highest","2024-25","759","Worth County","0176","Worth County High School","All Students","Composite","1380130.","12390","25","25","19.4","21.5","19","19"
"ACT","Highest","2024-25","759","Worth County","0176","Worth County High School","All Students","English","1380130.","12389","25","25","18.4","20.7","19","19"
"ACT","Highest","2024-25","759","Worth County","0176","Worth County High School","All Students","Mathematics","1380130.","12389","25","25","18.9","20.7","17.8","17.8"
"ACT","Highest","2024-25","759","Worth County","0176","Worth County High School","All Students","Reading","1380130.","12389","25","25","20","22.7","20.4","20.4"
"ACT","Highest","2024-25","759","Worth County","0176","Worth County High School","All Students","Science","1380130.","12190","25","25","19.6","21.6","18.8","18.8"
"ACT","Highest","2024-25","761","Atlanta Public Schools","0106","Carver High School Early College","All Students","Composite","1380130.","12390","480","10","19.4","21.5","20.4","15.8"
"ACT","Highest","2024-25","761","Atlanta Public Schools","0106","Carver High School Early College","All Students","English","1380130.","12389","480","10","18.4","20.7","19.8","12.3"
"ACT","Highest","2024-25","761","Atlanta Public Schools","0106","Carver High School Early College","All Students","Mathematics","1380130.","12389","480","10","18.9","20.7","19","15.5"
"ACT","Highest","2024-25","761","Atlanta Public Schools","0106","Carver High School Early College","All Students","Reading","1380130.","12389","480","10","20","22.7","21.7","18.2"
"ACT","Highest","2024-25","761","Atlanta Public Schools","0106","Carver High School Early College","All Students","Science","1380130.","12190","477","10","19.6","21.6","20.6","17"
"ACT","Highest","2024-25","761","Atlanta Public Schools","0106","Carver High School Early College","All Students","Writing Subscore","1380130.","1711","36","TFS","6.1","6.7","6.4","TFS"
"ACT","Highest","2024-25","761","Atlanta Public Schools","0108","South Atlanta School of Health and Medical Science","All Students","Composite","1380130.","12390","480","TFS","19.4","21.5","20.4","TFS"
"ACT","Highest","2024-25","761","Atlanta Public Schools","0108","South Atlanta School of Health and Medical Science","All Students","English","1380130.","12389","480","TFS","18.4","20.7","19.8","TFS"
"ACT","Highest","2024-25","761","Atlanta Public Schools","0108","South Atlanta School of Health and Medical Science","All Students","Mathematics","1380130.","12389","480","TFS","18.9","20.7","19","TFS"
"ACT","Highest","2024-25","761","Atlanta Public Schools","0108","South Atlanta School of Health and Medical Science","All Students","Reading","1380130.","12389","480","TFS","20","22.7","21.7","TFS"
"ACT","Highest","2024-25","761","Atlanta Public Schools","0108","South Atlanta School of Health and Medical Science","All Students","Science","1380130.","12190","477","TFS","19.6","21.6","20.6","TFS"
"ACT","Highest","2024-25","761","Atlanta Public Schools","0108","South Atlanta School of Health and Medical Science","All Students","Writing Subscore","1380130.","1711","36","TFS","6.1","6.7","6.4","TFS"
"ACT","Highest","2024-25","761","Atlanta Public Schools","0118","The Best Academy High School at Benjamin S. Carson","All Students","Composite","1380130.","12390","480","16","19.4","21.5","20.4","17.1"
"ACT","Highest","2024-25","761","Atlanta Public Schools","0118","The Best Academy High School at Benjamin S. Carson","All Students","English","1380130.","12389","480","16","18.4","20.7","19.8","16.1"
"ACT","Highest","2024-25","761","Atlanta Public Schools","0118","The Best Academy High School at Benjamin S. Carson","All Students","Mathematics","1380130.","12389","480","16","18.9","20.7","19","16.3"
"ACT","Highest","2024-25","761","Atlanta Public Schools","0118","The Best Academy High School at Benjamin S. Carson","All Students","Reading","1380130.","12389","480","16","20","22.7","21.7","17.9"
"ACT","Highest","2024-25","761","Atlanta Public Schools","0118","The Best Academy High School at Benjamin S. Carson","All Students","Science","1380130.","12190","477","16","19.6","21.6","20.6","17.3"
"ACT","Highest","2024-25","761","Atlanta Public Schools","0121","Coretta Scott King Young Women's Academy High School","All Students","Composite","1380130.","12390","480","18","19.4","21.5","20.4","18.7"
"ACT","Highest","2024-25","761","Atlanta Public Schools","0121","Coretta Scott King Young Women's Academy High School","All Students","English","1380130.","12389","480","18","18.4","20.7","19.8","17.8"
"ACT","Highest","2024-25","761","Atlanta Public Schools","0121","Coretta Scott King Young Women's Academy High School","All Students","Mathematics","1380130.","12389","480","18","18.9","20.7","19","16.6"
"ACT","Highest","2024-25","761","Atlanta Public Schools","0121","Coretta Scott King Young Women's Academy High School","All Students","Reading","1380130.","12389","480","18","20","22.7","21.7","21.1"
"ACT","Highest","2024-25","761","Atlanta Public Schools","0121","Coretta Scott King Young Women's Academy High School","All Students","Science","1380130.","12190","477","18","19.6","21.6","20.6","18.8"
"ACT","Highest","2024-25","761","Atlanta Public Schools","0121","Coretta Scott King Young Women's Academy High School","All Students","Writing Subscore","1380130.","1711","36","TFS","6.1","6.7","6.4","TFS"
"ACT","Highest","2024-25","761","Atlanta Public Schools","0182","Benjamin E. Mays High School","All Students","Composite","1380130.","12390","480","10","19.4","21.5","20.4","16.9"
"ACT","Highest","2024-25","761","Atlanta Public Schools","0182","Benjamin E. Mays High School","All Students","English","1380130.","12389","480","10","18.4","20.7","19.8","14.4"
"ACT","Highest","2024-25","761","Atlanta Public Schools","0182","Benjamin E. Mays High School","All Students","Mathematics","1380130.","12389","480","10","18.9","20.7","19","16.1"
"ACT","Highest","2024-25","761","Atlanta Public Schools","0182","Benjamin E. Mays High School","All Students","Reading","1380130.","12389","480","10","20","22.7","21.7","17.9"
"ACT","Highest","2024-25","761","Atlanta Public Schools","0182","Benjamin E. Mays High School","All Students","Science","1380130.","12190","477","10","19.6","21.6","20.6","18.1"
"ACT","Highest","2024-25","761","Atlanta Public Schools","0182","Benjamin E. Mays High School","All Students","Writing Subscore","1380130.","1711","36","TFS","6.1","6.7","6.4","TFS"
"ACT","Highest","2024-25","761","Atlanta Public Schools","0186","Maynard Jackson High School","All Students","Composite","1380130.","12390","480","59","19.4","21.5","20.4","19.7"
"ACT","Highest","2024-25","761","Atlanta Public Schools","0186","Maynard Jackson High School","All Students","English","1380130.","12389","480","59","18.4","20.7","19.8","18.9"
"ACT","Highest","2024-25","761","Atlanta Public Schools","0186","Maynard Jackson High School","All Students","Mathematics","1380130.","12389","480","59","18.9","20.7","19","18.5"
"ACT","Highest","2024-25","761","Atlanta Public Schools","0186","Maynard Jackson High School","All Students","Reading","1380130.","12389","480","59","20","22.7","21.7","20.8"
"ACT","Highest","2024-25","761","Atlanta Public Schools","0186","Maynard Jackson High School","All Students","Science","1380130.","12190","477","59","19.6","21.6","20.6","20"
"ACT","Highest","2024-25","761","Atlanta Public Schools","0186","Maynard Jackson High School","All Students","Writing Subscore","1380130.","1711","36","TFS","6.1","6.7","6.4","TFS"
"ACT","Highest","2024-25","761","Atlanta Public Schools","0192","North Atlanta High School","All Students","Composite","1380130.","12390","480","111","19.4","21.5","20.4","24.4"
"ACT","Highest","2024-25","761","Atlanta Public Schools","0192","North Atlanta High School","All Students","English","1380130.","12389","480","111","18.4","20.7","19.8","24.7"
"ACT","Highest","2024-25","761","Atlanta Public Schools","0192","North Atlanta High School","All Students","Mathematics","1380130.","12389","480","111","18.9","20.7","19","22.2"
"ACT","Highest","2024-25","761","Atlanta Public Schools","0192","North Atlanta High School","All Students","Reading","1380130.","12389","480","111","20","22.7","21.7","25.9"
"ACT","Highest","2024-25","761","Atlanta Public Schools","0192","North Atlanta High School","All Students","Science","1380130.","12190","477","110","19.6","21.6","20.6","24.2"
"ACT","Highest","2024-25","761","Atlanta Public Schools","0192","North Atlanta High School","All Students","Writing Subscore","1380130.","1711","36","TFS","6.1","6.7","6.4","TFS"
"ACT","Highest","2024-25","761","Atlanta Public Schools","0212","Kipp Atlanta Collegiate Charter School","All Students","Composite","1380130.","12390","480","82","19.4","21.5","20.4","16.2"
"ACT","Highest","2024-25","761","Atlanta Public Schools","0212","Kipp Atlanta Collegiate Charter School","All Students","English","1380130.","12389","480","82","18.4","20.7","19.8","15.1"
"ACT","Highest","2024-25","761","Atlanta Public Schools","0212","Kipp Atlanta Collegiate Charter School","All Students","Mathematics","1380130.","12389","480","82","18.9","20.7","19","15.9"
"ACT","Highest","2024-25","761","Atlanta Public Schools","0212","Kipp Atlanta Collegiate Charter School","All Students","Reading","1380130.","12389","480","82","20","22.7","21.7","16.6"
"ACT","Highest","2024-25","761","Atlanta Public Schools","0212","Kipp Atlanta Collegiate Charter School","All Students","Science","1380130.","12190","477","81","19.6","21.6","20.6","16.7"
"ACT","Highest","2024-25","761","Atlanta Public Schools","0212","Kipp Atlanta Collegiate Charter School","All Students","Writing Subscore","1380130.","1711","36","TFS","6.1","6.7","6.4","TFS"
"ACT","Highest","2024-25","761","Atlanta Public Schools","0306","School of Technology at Carver","All Students","Composite","1380130.","12390","480","TFS","19.4","21.5","20.4","TFS"
"ACT","Highest","2024-25","761","Atlanta Public Schools","0306","School of Technology at Carver","All Students","English","1380130.","12389","480","TFS","18.4","20.7","19.8","TFS"
"ACT","Highest","2024-25","761","Atlanta Public Schools","0306","School of Technology at Carver","All Students","Mathematics","1380130.","12389","480","TFS","18.9","20.7","19","TFS"
"ACT","Highest","2024-25","761","Atlanta Public Schools","0306","School of Technology at Carver","All Students","Reading","1380130.","12389","480","TFS","20","22.7","21.7","TFS"
"ACT","Highest","2024-25","761","Atlanta Public Schools","0306","School of Technology at Carver","All Students","Science","1380130.","12190","477","TFS","19.6","21.6","20.6","TFS"
"ACT","Highest","2024-25","761","Atlanta Public Schools","0306","School of Technology at Carver","All Students","Writing Subscore","1380130.","1711","36","TFS","6.1","6.7","6.4","TFS"
"ACT","Highest","2024-25","761","Atlanta Public Schools","0315","Booker T. Washington High School","All Students","Composite","1380130.","12390","480","20","19.4","21.5","20.4","14.4"
"ACT","Highest","2024-25","761","Atlanta Public Schools","0315","Booker T. Washington High School","All Students","English","1380130.","12389","480","20","18.4","20.7","19.8","12.1"
"ACT","Highest","2024-25","761","Atlanta Public Schools","0315","Booker T. Washington High School","All Students","Mathematics","1380130.","12389","480","20","18.9","20.7","19","14.8"
"ACT","Highest","2024-25","761","Atlanta Public Schools","0315","Booker T. Washington High School","All Students","Reading","1380130.","12389","480","20","20","22.7","21.7","16"
"ACT","Highest","2024-25","761","Atlanta Public Schools","0315","Booker T. Washington High School","All Students","Science","1380130.","12190","477","20","19.6","21.6","20.6","14.4"
"ACT","Highest","2024-25","761","Atlanta Public Schools","0406","School of Health Sciences and Research at Carver","All Students","Composite","1380130.","12390","480","TFS","19.4","21.5","20.4","TFS"
"ACT","Highest","2024-25","761","Atlanta Public Schools","0406","School of Health Sciences and Research at Carver","All Students","English","1380130.","12389","480","TFS","18.4","20.7","19.8","TFS"
"ACT","Highest","2024-25","761","Atlanta Public Schools","0406","School of Health Sciences and Research at Carver","All Students","Mathematics","1380130.","12389","480","TFS","18.9","20.7","19","TFS"
"ACT","Highest","2024-25","761","Atlanta Public Schools","0406","School of Health Sciences and Research at Carver","All Students","Reading","1380130.","12389","480","TFS","20","22.7","21.7","TFS"
"ACT","Highest","2024-25","761","Atlanta Public Schools","0406","School of Health Sciences and Research at Carver","All Students","Science","1380130.","12190","477","TFS","19.6","21.6","20.6","TFS"
"ACT","Highest","2024-25","761","Atlanta Public Schools","0515","Charles Drew Charter JA/SR Academy","All Students","Composite","1380130.","12390","480","43","19.4","21.5","20.4","21.4"
"ACT","Highest","2024-25","761","Atlanta Public Schools","0515","Charles Drew Charter JA/SR Academy","All Students","English","1380130.","12389","480","43","18.4","20.7","19.8","21"
"ACT","Highest","2024-25","761","Atlanta Public Schools","0515","Charles Drew Charter JA/SR Academy","All Students","Mathematics","1380130.","12389","480","43","18.9","20.7","19","19.6"
"ACT","Highest","2024-25","761","Atlanta Public Schools","0515","Charles Drew Charter JA/SR Academy","All Students","Reading","1380130.","12389","480","43","20","22.7","21.7","22.8"
"ACT","Highest","2024-25","761","Atlanta Public Schools","0515","Charles Drew Charter JA/SR Academy","All Students","Science","1380130.","12190","477","43","19.6","21.6","20.6","21.4"
"ACT","Highest","2024-25","761","Atlanta Public Schools","0515","Charles Drew Charter JA/SR Academy","All Students","Writing Subscore","1380130.","1711","36","TFS","6.1","6.7","6.4","TFS"
"ACT","Highest","2024-25","761","Atlanta Public Schools","0708","Therrell School of Health and Science","All Students","Composite","1380130.","12390","480","13","19.4","21.5","20.4","19"
"ACT","Highest","2024-25","761","Atlanta Public Schools","0708","Therrell School of Health and Science","All Students","English","1380130.","12389","480","13","18.4","20.7","19.8","17.2"
"ACT","Highest","2024-25","761","Atlanta Public Schools","0708","Therrell School of Health and Science","All Students","Mathematics","1380130.","12389","480","13","18.9","20.7","19","17"
"ACT","Highest","2024-25","761","Atlanta Public Schools","0708","Therrell School of Health and Science","All Students","Reading","1380130.","12389","480","13","20","22.7","21.7","22.1"
"ACT","Highest","2024-25","761","Atlanta Public Schools","0708","Therrell School of Health and Science","All Students","Science","1380130.","12190","477","13","19.6","21.6","20.6","19.3"
"ACT","Highest","2024-25","761","Atlanta Public Schools","0708","Therrell School of Health and Science","All Students","Writing Subscore","1380130.","1711","36","TFS","6.1","6.7","6.4","TFS"
"ACT","Highest","2024-25","761","Atlanta Public Schools","4058","Frederick Douglass High School","All Students","Composite","1380130.","12390","480","14","19.4","21.5","20.4","14.7"
"ACT","Highest","2024-25","761","Atlanta Public Schools","4058","Frederick Douglass High School","All Students","English","1380130.","12389","480","14","18.4","20.7","19.8","12.6"
"ACT","Highest","2024-25","761","Atlanta Public Schools","4058","Frederick Douglass High School","All Students","Mathematics","1380130.","12389","480","14","18.9","20.7","19","14.1"
"ACT","Highest","2024-25","761","Atlanta Public Schools","4058","Frederick Douglass High School","All Students","Reading","1380130.","12389","480","14","20","22.7","21.7","15.6"
"ACT","Highest","2024-25","761","Atlanta Public Schools","4058","Frederick Douglass High School","All Students","Science","1380130.","12190","477","14","19.6","21.6","20.6","16.4"
"ACT","Highest","2024-25","761","Atlanta Public Schools","4058","Frederick Douglass High School","All Students","Writing Subscore","1380130.","1711","36","TFS","6.1","6.7","6.4","TFS"
"ACT","Highest","2024-25","761","Atlanta Public Schools","4560","Midtown High School","All Students","Composite","1380130.","12390","480","73","19.4","21.5","20.4","24.5"
"ACT","Highest","2024-25","761","Atlanta Public Schools","4560","Midtown High School","All Students","English","1380130.","12389","480","73","18.4","20.7","19.8","24.8"
"ACT","Highest","2024-25","761","Atlanta Public Schools","4560","Midtown High School","All Students","Mathematics","1380130.","12389","480","73","18.9","20.7","19","22.2"
"ACT","Highest","2024-25","761","Atlanta Public Schools","4560","Midtown High School","All Students","Reading","1380130.","12389","480","73","20","22.7","21.7","25.8"
"ACT","Highest","2024-25","761","Atlanta Public Schools","4560","Midtown High School","All Students","Science","1380130.","12190","477","72","19.6","21.6","20.6","24.8"
"ACT","Highest","2024-25","761","Atlanta Public Schools","4560","Midtown High School","All Students","Writing Subscore","1380130.","1711","36","TFS","6.1","6.7","6.4","TFS"
"ACT","Highest","2024-25","763","Bremen City","0201","Bremen High School","All Students","Composite","1380130.","12390","37","37","19.4","21.5","23.9","23.9"
"ACT","Highest","2024-25","763","Bremen City","0201","Bremen High School","All Students","English","1380130.","12389","37","37","18.4","20.7","24.2","24.2"
"ACT","Highest","2024-25","763","Bremen City","0201","Bremen High School","All Students","Mathematics","1380130.","12389","37","37","18.9","20.7","23.1","23.1"
"ACT","Highest","2024-25","763","Bremen City","0201","Bremen High School","All Students","Reading","1380130.","12389","37","37","20","22.7","24.7","24.7"
"ACT","Highest","2024-25","763","Bremen City","0201","Bremen High School","All Students","Science","1380130.","12190","36","36","19.6","21.6","23.4","23.4"
"ACT","Highest","2024-25","763","Bremen City","0201","Bremen High School","All Students","Writing Subscore","1380130.","1711","TFS","TFS","6.1","6.7","TFS","TFS"
"ACT","Highest","2024-25","764","Buford City","0191","Buford High School","All Students","Composite","1380130.","12390","75","75","19.4","21.5","23.7","23.7"
"ACT","Highest","2024-25","764","Buford City","0191","Buford High School","All Students","English","1380130.","12389","75","75","18.4","20.7","22.5","22.5"
"ACT","Highest","2024-25","764","Buford City","0191","Buford High School","All Students","Mathematics","1380130.","12389","75","75","18.9","20.7","23.5","23.5"
"ACT","Highest","2024-25","764","Buford City","0191","Buford High School","All Students","Reading","1380130.","12389","75","75","20","22.7","24.9","24.9"
"ACT","Highest","2024-25","764","Buford City","0191","Buford High School","All Students","Science","1380130.","12190","75","75","19.6","21.6","23.6","23.6"
"ACT","Highest","2024-25","764","Buford City","0191","Buford High School","All Students","Writing Subscore","1380130.","1711","12","12","6.1","6.7","7.3","7.3"
"ACT","Highest","2024-25","765","Calhoun City","3050","Calhoun High School","All Students","Composite","1380130.","12390","22","22","19.4","21.5","21.5","21.5"
"ACT","Highest","2024-25","765","Calhoun City","3050","Calhoun High School","All Students","English","1380130.","12389","22","22","18.4","20.7","20.6","20.6"
"ACT","Highest","2024-25","765","Calhoun City","3050","Calhoun High School","All Students","Mathematics","1380130.","12389","22","22","18.9","20.7","20.9","20.9"
"ACT","Highest","2024-25","765","Calhoun City","3050","Calhoun High School","All Students","Reading","1380130.","12389","22","22","20","22.7","21.9","21.9"
"ACT","Highest","2024-25","765","Calhoun City","3050","Calhoun High School","All Students","Science","1380130.","12190","21","21","19.6","21.6","22.4","22.4"
"ACT","Highest","2024-25","765","Calhoun City","3050","Calhoun High School","All Students","Writing Subscore","1380130.","1711","TFS","TFS","6.1","6.7","TFS","TFS"
"ACT","Highest","2024-25","766","Carrollton City","1050","Carrollton High School","All Students","Composite","1380130.","12390","37","37","19.4","21.5","21.5","21.5"
"ACT","Highest","2024-25","766","Carrollton City","1050","Carrollton High School","All Students","English","1380130.","12389","37","37","18.4","20.7","20.8","20.8"
"ACT","Highest","2024-25","766","Carrollton City","1050","Carrollton High School","All Students","Mathematics","1380130.","12389","37","37","18.9","20.7","20.5","20.5"
"ACT","Highest","2024-25","766","Carrollton City","1050","Carrollton High School","All Students","Reading","1380130.","12389","37","37","20","22.7","23.3","23.3"
"ACT","Highest","2024-25","766","Carrollton City","1050","Carrollton High School","All Students","Science","1380130.","12190","36","36","19.6","21.6","21.2","21.2"
"ACT","Highest","2024-25","766","Carrollton City","1050","Carrollton High School","All Students","Writing Subscore","1380130.","1711","TFS","TFS","6.1","6.7","TFS","TFS"
"ACT","Highest","2024-25","767","Cartersville City","2050","Cartersville High School","All Students","Composite","1380130.","12390","35","35","19.4","21.5","21.6","21.6"
"ACT","Highest","2024-25","767","Cartersville City","2050","Cartersville High School","All Students","English","1380130.","12389","35","35","18.4","20.7","20.6","20.6"
"ACT","Highest","2024-25","767","Cartersville City","2050","Cartersville High School","All Students","Mathematics","1380130.","12389","35","35","18.9","20.7","21.5","21.5"
"ACT","Highest","2024-25","767","Cartersville City","2050","Cartersville High School","All Students","Reading","1380130.","12389","35","35","20","22.7","21.5","21.5"
"ACT","Highest","2024-25","767","Cartersville City","2050","Cartersville High School","All Students","Science","1380130.","12190","35","35","19.6","21.6","22.1","22.1"
"ACT","Highest","2024-25","767","Cartersville City","2050","Cartersville High School","All Students","Writing Subscore","1380130.","1711","TFS","TFS","6.1","6.7","TFS","TFS"
"ACT","Highest","2024-25","769","Chickamauga City","0211","Gordon Lee High School","All Students","Composite","1380130.","12390","38","38","19.4","21.5","20.5","20.5"
"ACT","Highest","2024-25","769","Chickamauga City","0211","Gordon Lee High School","All Students","English","1380130.","12389","38","38","18.4","20.7","18.7","18.7"
"ACT","Highest","2024-25","769","Chickamauga City","0211","Gordon Lee High School","All Students","Mathematics","1380130.","12389","38","38","18.9","20.7","19.9","19.9"
"ACT","Highest","2024-25","769","Chickamauga City","0211","Gordon Lee High School","All Students","Reading","1380130.","12389","38","38","20","22.7","22.1","22.1"
"ACT","Highest","2024-25","769","Chickamauga City","0211","Gordon Lee High School","All Students","Science","1380130.","12190","38","38","19.6","21.6","21.1","21.1"
"ACT","Highest","2024-25","769","Chickamauga City","0211","Gordon Lee High School","All Students","Writing Subscore","1380130.","1711","TFS","TFS","6.1","6.7","TFS","TFS"
"ACT","Highest","2024-25","771","Commerce City","0112","Commerce High School","All Students","Composite","1380130.","12390","TFS","TFS","19.4","21.5","TFS","TFS"
"ACT","Highest","2024-25","771","Commerce City","0112","Commerce High School","All Students","English","1380130.","12389","TFS","TFS","18.4","20.7","TFS","TFS"
"ACT","Highest","2024-25","771","Commerce City","0112","Commerce High School","All Students","Mathematics","1380130.","12389","TFS","TFS","18.9","20.7","TFS","TFS"
"ACT","Highest","2024-25","771","Commerce City","0112","Commerce High School","All Students","Reading","1380130.","12389","TFS","TFS","20","22.7","TFS","TFS"
"ACT","Highest","2024-25","771","Commerce City","0112","Commerce High School","All Students","Science","1380130.","12190","TFS","TFS","19.6","21.6","TFS","TFS"
"ACT","Highest","2024-25","772","Dalton Public Schools","4050","Dalton High School","All Students","Composite","1380130.","12390","22","22","19.4","21.5","20.6","20.6"
"ACT","Highest","2024-25","772","Dalton Public Schools","4050","Dalton High School","All Students","English","1380130.","12389","22","22","18.4","20.7","19","19"
"ACT","Highest","2024-25","772","Dalton Public Schools","4050","Dalton High School","All Students","Mathematics","1380130.","12389","22","22","18.9","20.7","19.8","19.8"
"ACT","Highest","2024-25","772","Dalton Public Schools","4050","Dalton High School","All Students","Reading","1380130.","12389","22","22","20","22.7","22.1","22.1"
"ACT","Highest","2024-25","772","Dalton Public Schools","4050","Dalton High School","All Students","Science","1380130.","12190","21","21","19.6","21.6","20.7","20.7"
"ACT","Highest","2024-25","772","Dalton Public Schools","4050","Dalton High School","All Students","Writing Subscore","1380130.","1711","TFS","TFS","6.1","6.7","TFS","TFS"
"ACT","Highest","2024-25","773","City Schools of Decatur","3050","Decatur High School","All Students","Composite","1380130.","12390","87","87","19.4","21.5","25","25"
"ACT","Highest","2024-25","773","City Schools of Decatur","3050","Decatur High School","All Students","English","1380130.","12389","87","87","18.4","20.7","24.9","24.9"
"ACT","Highest","2024-25","773","City Schools of Decatur","3050","Decatur High School","All Students","Mathematics","1380130.","12389","87","87","18.9","20.7","22.8","22.8"
"ACT","Highest","2024-25","773","City Schools of Decatur","3050","Decatur High School","All Students","Reading","1380130.","12389","87","87","20","22.7","27","27"
"ACT","Highest","2024-25","773","City Schools of Decatur","3050","Decatur High School","All Students","Science","1380130.","12190","85","85","19.6","21.6","25","25"
"ACT","Highest","2024-25","773","City Schools of Decatur","3050","Decatur High School","All Students","Writing Subscore","1380130.","1711","14","14","6.1","6.7","7.3","7.3"
"ACT","Highest","2024-25","774","Dublin City","0211","Dublin High School","All Students","Composite","1380130.","12390","20","20","19.4","21.5","16","16"
"ACT","Highest","2024-25","774","Dublin City","0211","Dublin High School","All Students","English","1380130.","12389","20","20","18.4","20.7","13.3","13.3"
"ACT","Highest","2024-25","774","Dublin City","0211","Dublin High School","All Students","Mathematics","1380130.","12389","20","20","18.9","20.7","15.7","15.7"
"ACT","Highest","2024-25","774","Dublin City","0211","Dublin High School","All Students","Reading","1380130.","12389","20","20","20","22.7","16.5","16.5"
"ACT","Highest","2024-25","774","Dublin City","0211","Dublin High School","All Students","Science","1380130.","12190","20","20","19.6","21.6","17.3","17.3"
"ACT","Highest","2024-25","774","Dublin City","0211","Dublin High School","All Students","Writing Subscore","1380130.","1711","TFS","TFS","6.1","6.7","TFS","TFS"
"ACT","Highest","2024-25","776","Gainesville City","3050","Gainesville High School","All Students","Composite","1380130.","12390","25","25","19.4","21.5","21.4","21.4"
"ACT","Highest","2024-25","776","Gainesville City","3050","Gainesville High School","All Students","English","1380130.","12389","25","25","18.4","20.7","20.8","20.8"
"ACT","Highest","2024-25","776","Gainesville City","3050","Gainesville High School","All Students","Mathematics","1380130.","12389","25","25","18.9","20.7","20.9","20.9"
"ACT","Highest","2024-25","776","Gainesville City","3050","Gainesville High School","All Students","Reading","1380130.","12389","25","25","20","22.7","22.8","22.8"
"ACT","Highest","2024-25","776","Gainesville City","3050","Gainesville High School","All Students","Science","1380130.","12190","25","25","19.6","21.6","21.2","21.2"
"ACT","Highest","2024-25","776","Gainesville City","3050","Gainesville High School","All Students","Writing Subscore","1380130.","1711","TFS","TFS","6.1","6.7","TFS","TFS"
"ACT","Highest","2024-25","779","Jefferson City","0174","Jefferson High School","All Students","Composite","1380130.","12390","29","29","19.4","21.5","23.2","23.2"
"ACT","Highest","2024-25","779","Jefferson City","0174","Jefferson High School","All Students","English","1380130.","12389","29","29","18.4","20.7","21.4","21.4"
"ACT","Highest","2024-25","779","Jefferson City","0174","Jefferson High School","All Students","Mathematics","1380130.","12389","29","29","18.9","20.7","22.1","22.1"
"ACT","Highest","2024-25","779","Jefferson City","0174","Jefferson High School","All Students","Reading","1380130.","12389","29","29","20","22.7","25.2","25.2"
"ACT","Highest","2024-25","779","Jefferson City","0174","Jefferson High School","All Students","Science","1380130.","12190","29","29","19.6","21.6","23.8","23.8"
"ACT","Highest","2024-25","779","Jefferson City","0174","Jefferson High School","All Students","Writing Subscore","1380130.","1711","TFS","TFS","6.1","6.7","TFS","TFS"
"ACT","Highest","2024-25","781","Marietta City","0101","Marietta High School","All Students","Composite","1380130.","12390","62","62","19.4","21.5","21.8","21.8"
"ACT","Highest","2024-25","781","Marietta City","0101","Marietta High School","All Students","English","1380130.","12389","62","62","18.4","20.7","21.2","21.2"
"ACT","Highest","2024-25","781","Marietta City","0101","Marietta High School","All Students","Mathematics","1380130.","12389","62","62","18.9","20.7","20.4","20.4"
"ACT","Highest","2024-25","781","Marietta City","0101","Marietta High School","All Students","Reading","1380130.","12389","62","62","20","22.7","23.6","23.6"
"ACT","Highest","2024-25","781","Marietta City","0101","Marietta High School","All Students","Science","1380130.","12190","61","61","19.6","21.6","21.7","21.7"
"ACT","Highest","2024-25","781","Marietta City","0101","Marietta High School","All Students","Writing Subscore","1380130.","1711","TFS","TFS","6.1","6.7","TFS","TFS"
"ACT","Highest","2024-25","7820108","State Charter Schools- Mountain Education Center School","0108","Mountain Education High School","All Students","Composite","1380130.","12390","TFS","TFS","19.4","21.5","TFS","TFS"
"ACT","Highest","2024-25","7820108","State Charter Schools- Mountain Education Center School","0108","Mountain Education High School","All Students","English","1380130.","12389","TFS","TFS","18.4","20.7","TFS","TFS"
"ACT","Highest","2024-25","7820108","State Charter Schools- Mountain Education Center School","0108","Mountain Education High School","All Students","Mathematics","1380130.","12389","TFS","TFS","18.9","20.7","TFS","TFS"
"ACT","Highest","2024-25","7820108","State Charter Schools- Mountain Education Center School","0108","Mountain Education High School","All Students","Reading","1380130.","12389","TFS","TFS","20","22.7","TFS","TFS"
"ACT","Highest","2024-25","7820412","State Charter Schools- Georgia Connections Academy","0412","Georgia Connections Academy (Virtual)","All Students","Composite","1380130.","12390","11","11","19.4","21.5","18.5","18.5"
"ACT","Highest","2024-25","7820412","State Charter Schools- Georgia Connections Academy","0412","Georgia Connections Academy (Virtual)","All Students","English","1380130.","12389","11","11","18.4","20.7","17","17"
"ACT","Highest","2024-25","7820412","State Charter Schools- Georgia Connections Academy","0412","Georgia Connections Academy (Virtual)","All Students","Mathematics","1380130.","12389","11","11","18.9","20.7","15.8","15.8"
"ACT","Highest","2024-25","7820412","State Charter Schools- Georgia Connections Academy","0412","Georgia Connections Academy (Virtual)","All Students","Reading","1380130.","12389","11","11","20","22.7","21.8","21.8"
"ACT","Highest","2024-25","7820412","State Charter Schools- Georgia Connections Academy","0412","Georgia Connections Academy (Virtual)","All Students","Science","1380130.","12190","10","10","19.6","21.6","19.7","19.7"
"ACT","Highest","2024-25","7820412","State Charter Schools- Georgia Connections Academy","0412","Georgia Connections Academy (Virtual)","All Students","Writing Subscore","1380130.","1711","TFS","TFS","6.1","6.7","TFS","TFS"
"ACT","Highest","2024-25","7820613","State Charter Schools- Foothills Charter High School (Madison Campus)","0613","Foothills Regional High School","All Students","Composite","1380130.","12390","TFS","TFS","19.4","21.5","TFS","TFS"
"ACT","Highest","2024-25","7820613","State Charter Schools- Foothills Charter High School (Madison Campus)","0613","Foothills Regional High School","All Students","English","1380130.","12389","TFS","TFS","18.4","20.7","TFS","TFS"
"ACT","Highest","2024-25","7820613","State Charter Schools- Foothills Charter High School (Madison Campus)","0613","Foothills Regional High School","All Students","Mathematics","1380130.","12389","TFS","TFS","18.9","20.7","TFS","TFS"
"ACT","Highest","2024-25","7820613","State Charter Schools- Foothills Charter High School (Madison Campus)","0613","Foothills Regional High School","All Students","Reading","1380130.","12389","TFS","TFS","20","22.7","TFS","TFS"
"ACT","Highest","2024-25","7820613","State Charter Schools- Foothills Charter High School (Madison Campus)","0613","Foothills Regional High School","All Students","Science","1380130.","12190","TFS","TFS","19.6","21.6","TFS","TFS"
"ACT","Highest","2024-25","7830103","State Charter Schools II- Statesboro STEAM Academy","0103","Statesboro STEAM Academy","All Students","Composite","1380130.","12390","TFS","TFS","19.4","21.5","TFS","TFS"
"ACT","Highest","2024-25","7830103","State Charter Schools II- Statesboro STEAM Academy","0103","Statesboro STEAM Academy","All Students","English","1380130.","12389","TFS","TFS","18.4","20.7","TFS","TFS"
"ACT","Highest","2024-25","7830103","State Charter Schools II- Statesboro STEAM Academy","0103","Statesboro STEAM Academy","All Students","Mathematics","1380130.","12389","TFS","TFS","18.9","20.7","TFS","TFS"
"ACT","Highest","2024-25","7830103","State Charter Schools II- Statesboro STEAM Academy","0103","Statesboro STEAM Academy","All Students","Reading","1380130.","12389","TFS","TFS","20","22.7","TFS","TFS"
"ACT","Highest","2024-25","7830103","State Charter Schools II- Statesboro STEAM Academy","0103","Statesboro STEAM Academy","All Students","Science","1380130.","12190","TFS","TFS","19.6","21.6","TFS","TFS"
"ACT","Highest","2024-25","7830210","State Charter Schools II- Pataula Charter Academy","0210","Pataula Charter Academy","All Students","Composite","1380130.","12390","TFS","TFS","19.4","21.5","TFS","TFS"
"ACT","Highest","2024-25","7830210","State Charter Schools II- Pataula Charter Academy","0210","Pataula Charter Academy","All Students","English","1380130.","12389","TFS","TFS","18.4","20.7","TFS","TFS"
"ACT","Highest","2024-25","7830210","State Charter Schools II- Pataula Charter Academy","0210","Pataula Charter Academy","All Students","Mathematics","1380130.","12389","TFS","TFS","18.9","20.7","TFS","TFS"
"ACT","Highest","2024-25","7830210","State Charter Schools II- Pataula Charter Academy","0210","Pataula Charter Academy","All Students","Reading","1380130.","12389","TFS","TFS","20","22.7","TFS","TFS"
"ACT","Highest","2024-25","7830210","State Charter Schools II- Pataula Charter Academy","0210","Pataula Charter Academy","All Students","Science","1380130.","12190","TFS","TFS","19.6","21.6","TFS","TFS"
"ACT","Highest","2024-25","784","Pelham City","0111","Pelham High School","All Students","Composite","1380130.","12390","TFS","TFS","19.4","21.5","TFS","TFS"
"ACT","Highest","2024-25","784","Pelham City","0111","Pelham High School","All Students","English","1380130.","12389","TFS","TFS","18.4","20.7","TFS","TFS"
"ACT","Highest","2024-25","784","Pelham City","0111","Pelham High School","All Students","Mathematics","1380130.","12389","TFS","TFS","18.9","20.7","TFS","TFS"
"ACT","Highest","2024-25","784","Pelham City","0111","Pelham High School","All Students","Reading","1380130.","12389","TFS","TFS","20","22.7","TFS","TFS"
"ACT","Highest","2024-25","784","Pelham City","0111","Pelham High School","All Students","Science","1380130.","12190","TFS","TFS","19.6","21.6","TFS","TFS"
"ACT","Highest","2024-25","784","Pelham City","0111","Pelham High School","All Students","Writing Subscore","1380130.","1711","TFS","TFS","6.1","6.7","TFS","TFS"
"ACT","Highest","2024-25","785","Rome City","0193","Rome High School","All Students","Composite","1380130.","12390","30","30","19.4","21.5","20.4","20.4"
"ACT","Highest","2024-25","785","Rome City","0193","Rome High School","All Students","English","1380130.","12389","30","30","18.4","20.7","19.3","19.3"
"ACT","Highest","2024-25","785","Rome City","0193","Rome High School","All Students","Mathematics","1380130.","12389","30","30","18.9","20.7","20.1","20.1"
"ACT","Highest","2024-25","785","Rome City","0193","Rome High School","All Students","Reading","1380130.","12389","30","30","20","22.7","22","22"
"ACT","Highest","2024-25","785","Rome City","0193","Rome High School","All Students","Science","1380130.","12190","27","27","19.6","21.6","20.4","20.4"
"ACT","Highest","2024-25","785","Rome City","0193","Rome High School","All Students","Writing Subscore","1380130.","1711","TFS","TFS","6.1","6.7","TFS","TFS"
"ACT","Highest","2024-25","786","Social Circle City","0201","Social Circle High School","All Students","Composite","1380130.","12390","TFS","TFS","19.4","21.5","TFS","TFS"
"ACT","Highest","2024-25","786","Social Circle City","0201","Social Circle High School","All Students","English","1380130.","12389","TFS","TFS","18.4","20.7","TFS","TFS"
"ACT","Highest","2024-25","786","Social Circle City","0201","Social Circle High School","All Students","Mathematics","1380130.","12389","TFS","TFS","18.9","20.7","TFS","TFS"
"ACT","Highest","2024-25","786","Social Circle City","0201","Social Circle High School","All Students","Reading","1380130.","12389","TFS","TFS","20","22.7","TFS","TFS"
"ACT","Highest","2024-25","786","Social Circle City","0201","Social Circle High School","All Students","Science","1380130.","12190","TFS","TFS","19.6","21.6","TFS","TFS"
"ACT","Highest","2024-25","789","Thomasville City","4052","Thomasville High School","All Students","Composite","1380130.","12390","35","35","19.4","21.5","19.1","19.1"
"ACT","Highest","2024-25","789","Thomasville City","4052","Thomasville High School","All Students","English","1380130.","12389","35","35","18.4","20.7","18.9","18.9"
"ACT","Highest","2024-25","789","Thomasville City","4052","Thomasville High School","All Students","Mathematics","1380130.","12389","35","35","18.9","20.7","17.9","17.9"
"ACT","Highest","2024-25","789","Thomasville City","4052","Thomasville High School","All Students","Reading","1380130.","12389","35","35","20","22.7","19.9","19.9"
"ACT","Highest","2024-25","789","Thomasville City","4052","Thomasville High School","All Students","Science","1380130.","12190","34","34","19.6","21.6","19.3","19.3"
"ACT","Highest","2024-25","789","Thomasville City","4052","Thomasville High School","All Students","Writing Subscore","1380130.","1711","TFS","TFS","6.1","6.7","TFS","TFS"
"ACT","Highest","2024-25","791","Trion City","0301","Trion High School","All Students","Composite","1380130.","12390","32","32","19.4","21.5","20.9","20.9"
"ACT","Highest","2024-25","791","Trion City","0301","Trion High School","All Students","English","1380130.","12389","32","32","18.4","20.7","19.7","19.7"
"ACT","Highest","2024-25","791","Trion City","0301","Trion High School","All Students","Mathematics","1380130.","12389","32","32","18.9","20.7","19.5","19.5"
"ACT","Highest","2024-25","791","Trion City","0301","Trion High School","All Students","Reading","1380130.","12389","32","32","20","22.7","22.3","22.3"
"ACT","Highest","2024-25","791","Trion City","0301","Trion High School","All Students","Science","1380130.","12190","32","32","19.6","21.6","21.8","21.8"
"ACT","Highest","2024-25","791","Trion City","0301","Trion High School","All Students","Writing Subscore","1380130.","1711","TFS","TFS","6.1","6.7","TFS","TFS"
"ACT","Highest","2024-25","792","Valdosta City","0273","Valdosta High School","All Students","Composite","1380130.","12390","18","18","19.4","21.5","19.2","19.2"
"ACT","Highest","2024-25","792","Valdosta City","0273","Valdosta High School","All Students","English","1380130.","12389","18","18","18.4","20.7","18.1","18.1"
"ACT","Highest","2024-25","792","Valdosta City","0273","Valdosta High School","All Students","Mathematics","1380130.","12389","18","18","18.9","20.7","17.8","17.8"
"ACT","Highest","2024-25","792","Valdosta City","0273","Valdosta High School","All Students","Reading","1380130.","12389","18","18","20","22.7","21.2","21.2"
"ACT","Highest","2024-25","792","Valdosta City","0273","Valdosta High School","All Students","Science","1380130.","12190","17","17","19.6","21.6","19.7","19.7"
"ACT","Highest","2024-25","792","Valdosta City","0273","Valdosta High School","All Students","Writing Subscore","1380130.","1711","TFS","TFS","6.1","6.7","TFS","TFS"
"ACT","Highest","2024-25","793","Vidalia City","0273","Vidalia Comprehensive High School","All Students","Composite","1380130.","12390","10","10","19.4","21.5","21","21"
"ACT","Highest","2024-25","793","Vidalia City","0273","Vidalia Comprehensive High School","All Students","English","1380130.","12389","10","10","18.4","20.7","19","19"
"ACT","Highest","2024-25","793","Vidalia City","0273","Vidalia Comprehensive High School","All Students","Mathematics","1380130.","12389","10","10","18.9","20.7","20.7","20.7"
"ACT","Highest","2024-25","793","Vidalia City","0273","Vidalia Comprehensive High School","All Students","Reading","1380130.","12389","10","10","20","22.7","23.2","23.2"
"ACT","Highest","2024-25","793","Vidalia City","0273","Vidalia Comprehensive High School","All Students","Science","1380130.","12190","10","10","19.6","21.6","20.9","20.9"
"ACT","Highest","2024-25","793","Vidalia City","0273","Vidalia Comprehensive High School","All Students","Writing Subscore","1380130.","1711","TFS","TFS","6.1","6.7","TFS","TFS"
"ACT","Highest","2024-25","7991893","State Schools- Atlanta Area School for the Deaf","1893","Atlanta Area School for the Deaf","All Students","Composite","1380130.","12390","TFS","TFS","19.4","21.5","TFS","TFS"
"ACT","Highest","2024-25","7991893","State Schools- Atlanta Area School for the Deaf","1893","Atlanta Area School for the Deaf","All Students","English","1380130.","12389","TFS","TFS","18.4","20.7","TFS","TFS"
"ACT","Highest","2024-25","7991893","State Schools- Atlanta Area School for the Deaf","1893","Atlanta Area School for the Deaf","All Students","Mathematics","1380130.","12389","TFS","TFS","18.9","20.7","TFS","TFS"
"ACT","Highest","2024-25","7991893","State Schools- Atlanta Area School for the Deaf","1893","Atlanta Area School for the Deaf","All Students","Reading","1380130.","12389","TFS","TFS","20","22.7","TFS","TFS"
"ACT","Highest","2024-25","7991893","State Schools- Atlanta Area School for the Deaf","1893","Atlanta Area School for the Deaf","All Students","Science","1380130.","12190","TFS","TFS","19.6","21.6","TFS","TFS"
