#ASSMT_CD,HIGHEST_RECENT_IND,LONG_SCHOOL_YEAR,SCHOOL_DSTRCT_CD,SCHOOL_DSTRCT_NM,INSTN_NUMBER,INSTN_NAME,SUBGRP_DESC,TEST_CMPNT_TYP_CD,NATIONAL_NUM_TESTED_CNT,STATE_NUM_TESTED_CNT,DSTRCT_NUM_TESTED_CNT,INSTN_NUM_TESTED_CNT,NATIONAL_AVG_SCORE_VAL,STATE_AVG_SCORE_VAL,DSTRCT_AVG_SCORE_VAL,INSTN_AVG_SCORE_VAL
"SAT","Highest","2024-25","601","Appling County","0103","Appling County High School","All Students","Combined Test Score","2004965.","44722","42","42","1029","1037","982.6","982.6"
"SAT","Highest","2024-25","601","Appling County","0103","Appling County High School","All Students","Evidence Based Reading and Writing - New","2004965.","44721","42","42","521","532.9","508.8","508.8"
"SAT","Highest","2024-25","601","Appling County","0103","Appling County High School","All Students","Math Section Score - New","2004965.","44722","42","42","508","504.1","473.8","473.8"
"SAT","Highest","2024-25","602","Atkinson County","0103","Atkinson County High School","All Students","Combined Test Score","2004965.","44722","10","10","1029","1037","1033","1033"
"SAT","Highest","2024-25","602","Atkinson County","0103","Atkinson County High School","All Students","Evidence Based Reading and Writing - New","2004965.","44721","10","10","521","532.9","536","536"
"SAT","Highest","2024-25","602","Atkinson County","0103","Atkinson County High School","All Students","Math Section Score - New","2004965.","44722","10","10","508","504.1","497","497"
"SAT","Highest","2024-25","603","Bacon County","0302","Bacon County High School","All Students","Combined Test Score","2004965.","44722","17","17","1029","1037","1007.6","1007.6"
"SAT","Highest","2024-25","603","Bacon County","0302","Bacon County High School","All Students","Evidence Based Reading and Writing - New","2004965.","44721","17","17","521","532.9","520.6","520.6"
"SAT","Highest","2024-25","603","Bacon County","0302","Bacon County High School","All Students","Math Section Score - New","2004965.","44722","17","17","508","504.1","487.1","487.1"
"SAT","Highest","2024-25","604","Baker County","0105","Baker County High School","All Students","Combined Test Score","2004965.","44722","15","15","1029","1037","822.7","822.7"
"SAT","Highest","2024-25","604","Baker County","0105","Baker County High School","All Students","Evidence Based Reading and Writing - New","2004965.","44721","15","15","521","532.9","430","430"
"SAT","Highest","2024-25","604","Baker County","0105","Baker County High School","All Students","Math Section Score - New","2004965.","44722","15","15","508","504.1","392.7","392.7"
"SAT","Highest","2024-25","605","Baldwin County","0189","Baldwin High School","All Students","Combined Test Score","2004965.","44722","88","88","1029","1037","944.1","944.1"
"SAT","Highest","2024-25","605","Baldwin County","0189","Baldwin High School","All Students","Evidence Based Reading and Writing - New","2004965.","44721","88","88","521","532.9","489.8","489.8"
"SAT","Highest","2024-25","605","Baldwin County","0189","Baldwin High School","All Students","Math Section Score - New","2004965.","44722","88","88","508","504.1","454.3","454.3"
"SAT","Highest","2024-25","606","Banks County","0199","Banks County High School","All Students","Combined Test Score","2004965.","44722","57","57","1029","1037","994.2","994.2"
"SAT","Highest","2024-25","606","Banks County","0199","Banks County High School","All Students","Evidence Based Reading and Writing - New","2004965.","44721","57","57","521","532.9","516.1","516.1"
"SAT","Highest","2024-25","606","Banks County","0199","Banks County High School","All Students","Math Section Score - New","2004965.","44722","57","57","508","504.1","478.1","478.1"
"SAT","Highest","2024-25","607","Barrow County","0101","Apalachee High School","All Students","Combined Test Score","2004965.","44722","251","133","1029","1037","1026.7","1024"
"SAT","Highest","2024-25","607","Barrow County","0101","Apalachee High School","All Students","Evidence Based Reading and Writing - New","2004965.","44721","251","133","521","532.9","524.7","524.1"
"SAT","Highest","2024-25","607","Barrow County","0101","Apalachee High School","All Students","Math Section Score - New","2004965.","44722","251","133","508","504.1","502","499.8"
"SAT","Highest","2024-25","607","Barrow County","3052","Winder-Barrow High School","All Students","Combined Test Score","2004965.","44722","251","118","1029","1037","1026.7","1029.7"
"SAT","Highest","2024-25","607","Barrow County","3052","Winder-Barrow High School","All Students","Evidence Based Reading and Writing - New","2004965.","44721","251","118","521","532.9","524.7","525.3"
"SAT","Highest","2024-25","607","Barrow County","3052","Winder-Barrow High School","All Students","Math Section Score - New","2004965.","44722","251","118","508","504.1","502","504.3"
"SAT","Highest","2024-25","608","Bartow County","0105","Adairsville High School","All Students","Combined Test Score","2004965.","44722","293","99","1029","1037","1030","1054.2"
"SAT","Highest","2024-25","608","Bartow County","0105","Adairsville High School","All Students","Evidence Based Reading and Writing - New","2004965.","44721","293","99","521","532.9","534.1","543.9"
"SAT","Highest","2024-25","608","Bartow County","0105","Adairsville High School","All Students","Math Section Score - New","2004965.","44722","293","99","508","504.1","495.9","510.3"
"SAT","Highest","2024-25","608","Bartow County","0114","Cass High School","All Students","Combined Test Score","2004965.","44722","293","99","1029","1037","1030","988.6"
"SAT","Highest","2024-25","608","Bartow County","0114","Cass High School","All Students","Evidence Based Reading and Writing - New","2004965.","44721","293","99","521","532.9","534.1","511.9"
"SAT","Highest","2024-25","608","Bartow County","0114","Cass High School","All Students","Math Section Score - New","2004965.","44722","293","99","508","504.1","495.9","476.7"
"SAT","Highest","2024-25","608","Bartow County","0198","Woodland High School","All Students","Combined Test Score","2004965.","44722","293","95","1029","1037","1030","1047.8"
"SAT","Highest","2024-25","608","Bartow County","0198","Woodland High School","All Students","Evidence Based Reading and Writing - New","2004965.","44721","293","95","521","532.9","534.1","546.9"
"SAT","Highest","2024-25","608","Bartow County","0198","Woodland High School","All Students","Math Section Score - New","2004965.","44722","293","95","508","504.1","495.9","500.8"
"SAT","Highest","2024-25","609","Ben Hill County","0291","Fitzgerald High School School College and Career Academy","All Students","Combined Test Score","2004965.","44722","31","31","1029","1037","982.9","982.9"
"SAT","Highest","2024-25","609","Ben Hill County","0291","Fitzgerald High School School College and Career Academy","All Students","Evidence Based Reading and Writing - New","2004965.","44721","31","31","521","532.9","520.6","520.6"
"SAT","Highest","2024-25","609","Ben Hill County","0291","Fitzgerald High School School College and Career Academy","All Students","Math Section Score - New","2004965.","44722","31","31","508","504.1","462.3","462.3"
"SAT","Highest","2024-25","610","Berrien County","0101","Berrien High School","All Students","Combined Test Score","2004965.","44722","61","55","1029","1037","1057.5","1048"
"SAT","Highest","2024-25","610","Berrien County","0101","Berrien High School","All Students","Evidence Based Reading and Writing - New","2004965.","44721","61","55","521","532.9","561.3","552.7"
"SAT","Highest","2024-25","610","Berrien County","0101","Berrien High School","All Students","Math Section Score - New","2004965.","44722","61","55","508","504.1","496.2","495.3"
"SAT","Highest","2024-25","610","Berrien County","0106","Berrien Academy Performance Learning Center","All Students","Combined Test Score","2004965.","44722","61","TFS","1029","1037","1057.5","TFS"
"SAT","Highest","2024-25","610","Berrien County","0106","Berrien Academy Performance Learning Center","All Students","Evidence Based Reading and Writing - New","2004965.","44721","61","TFS","521","532.9","561.3","TFS"
"SAT","Highest","2024-25","610","Berrien County","0106","Berrien Academy Performance Learning Center","All Students","Math Section Score - New","2004965.","44722","61","TFS","508","504.1","496.2","TFS"
"SAT","Highest","2024-25","611","Bibb County","0105","Howard High School","All Students","Combined Test Score","2004965.","44722","235","54","1029","1037","1004.5","1030.4"
"SAT","Highest","2024-25","611","Bibb County","0105","Howard High School","All Students","Evidence Based Reading and Writing - New","2004965.","44721","235","54","521","532.9","522.8","540.6"
"SAT","Highest","2024-25","611","Bibb County","0105","Howard High School","All Students","Math Section Score - New","2004965.","44722","235","54","508","504.1","481.7","489.8"
"SAT","Highest","2024-25","611","Bibb County","0117","Academy For Classical Education","All Students","Combined Test Score","2004965.","44722","235","55","1029","1037","1004.5","1150.4"
"SAT","Highest","2024-25","611","Bibb County","0117","Academy For Classical Education","All Students","Evidence Based Reading and Writing - New","2004965.","44721","235","55","521","532.9","522.8","580.5"
"SAT","Highest","2024-25","611","Bibb County","0117","Academy For Classical Education","All Students","Math Section Score - New","2004965.","44722","235","55","508","504.1","481.7","569.8"
"SAT","Highest","2024-25","611","Bibb County","0186","Central High School","All Students","Combined Test Score","2004965.","44722","235","30","1029","1037","1004.5","953.3"
"SAT","Highest","2024-25","611","Bibb County","0186","Central High School","All Students","Evidence Based Reading and Writing - New","2004965.","44721","235","30","521","532.9","522.8","512.3"
"SAT","Highest","2024-25","611","Bibb County","0186","Central High School","All Students","Math Section Score - New","2004965.","44722","235","30","508","504.1","481.7","441"
"SAT","Highest","2024-25","611","Bibb County","0198","Westside High School","All Students","Combined Test Score","2004965.","44722","235","31","1029","1037","1004.5","912.3"
"SAT","Highest","2024-25","611","Bibb County","0198","Westside High School","All Students","Evidence Based Reading and Writing - New","2004965.","44721","235","31","521","532.9","522.8","472.6"
"SAT","Highest","2024-25","611","Bibb County","0198","Westside High School","All Students","Math Section Score - New","2004965.","44722","235","31","508","504.1","481.7","439.7"
"SAT","Highest","2024-25","611","Bibb County","0204","Rutland High School","All Students","Combined Test Score","2004965.","44722","235","38","1029","1037","1004.5","968.4"
"SAT","Highest","2024-25","611","Bibb County","0204","Rutland High School","All Students","Evidence Based Reading and Writing - New","2004965.","44721","235","38","521","532.9","522.8","511.1"
"SAT","Highest","2024-25","611","Bibb County","0204","Rutland High School","All Students","Math Section Score - New","2004965.","44722","235","38","508","504.1","481.7","457.4"
"SAT","Highest","2024-25","611","Bibb County","0286","Northeast High School","All Students","Combined Test Score","2004965.","44722","235","17","1029","1037","1004.5","841.2"
"SAT","Highest","2024-25","611","Bibb County","0286","Northeast High School","All Students","Evidence Based Reading and Writing - New","2004965.","44721","235","17","521","532.9","522.8","442.9"
"SAT","Highest","2024-25","611","Bibb County","0286","Northeast High School","All Students","Math Section Score - New","2004965.","44722","235","17","508","504.1","481.7","398.2"
"SAT","Highest","2024-25","611","Bibb County","0386","Southwest High School","All Students","Combined Test Score","2004965.","44722","235","10","1029","1037","1004.5","916"
"SAT","Highest","2024-25","611","Bibb County","0386","Southwest High School","All Students","Evidence Based Reading and Writing - New","2004965.","44721","235","10","521","532.9","522.8","476"
"SAT","Highest","2024-25","611","Bibb County","0386","Southwest High School","All Students","Math Section Score - New","2004965.","44722","235","10","508","504.1","481.7","440"
"SAT","Highest","2024-25","612","Bleckley County","0105","Bleckley County High School","All Students","Combined Test Score","2004965.","44722","49","49","1029","1037","1100.8","1100.8"
"SAT","Highest","2024-25","612","Bleckley County","0105","Bleckley County High School","All Students","Evidence Based Reading and Writing - New","2004965.","44721","49","49","521","532.9","555.7","555.7"
"SAT","Highest","2024-25","612","Bleckley County","0105","Bleckley County High School","All Students","Math Section Score - New","2004965.","44722","49","49","508","504.1","545.1","545.1"
"SAT","Highest","2024-25","613","Brantley County","1050","Brantley County High School","All Students","Combined Test Score","2004965.","44722","20","20","1029","1037","1036","1036"
"SAT","Highest","2024-25","613","Brantley County","1050","Brantley County High School","All Students","Evidence Based Reading and Writing - New","2004965.","44721","20","20","521","532.9","557","557"
"SAT","Highest","2024-25","613","Brantley County","1050","Brantley County High School","All Students","Math Section Score - New","2004965.","44722","20","20","508","504.1","479","479"
"SAT","Highest","2024-25","614","Brooks County","0110","Brooks County High School","All Students","Combined Test Score","2004965.","44722","30","29","1029","1037","931.3","943.4"
"SAT","Highest","2024-25","614","Brooks County","0110","Brooks County High School","All Students","Evidence Based Reading and Writing - New","2004965.","44721","30","29","521","532.9","483.3","486.9"
"SAT","Highest","2024-25","614","Brooks County","0110","Brooks County High School","All Students","Math Section Score - New","2004965.","44722","30","29","508","504.1","448","456.6"
"SAT","Highest","2024-25","614","Brooks County","0394","Delta Innovative School","All Students","Combined Test Score","2004965.","44722","30","TFS","1029","1037","931.3","TFS"
"SAT","Highest","2024-25","614","Brooks County","0394","Delta Innovative School","All Students","Evidence Based Reading and Writing - New","2004965.","44721","30","TFS","521","532.9","483.3","TFS"
"SAT","Highest","2024-25","614","Brooks County","0394","Delta Innovative School","All Students","Math Section Score - New","2004965.","44722","30","TFS","508","504.1","448","TFS"
"SAT","Highest","2024-25","615","Bryan County","0182","Richmond Hill High School","All Students","Combined Test Score","2004965.","44722","302","262","1029","1037","1056.5","1064.9"
"SAT","Highest","2024-25","615","Bryan County","0182","Richmond Hill High School","All Students","Evidence Based Reading and Writing - New","2004965.","44721","302","262","521","532.9","545.4","548.6"
"SAT","Highest","2024-25","615","Bryan County","0182","Richmond Hill High School","All Students","Math Section Score - New","2004965.","44722","302","262","508","504.1","511.1","516.3"
"SAT","Highest","2024-25","615","Bryan County","0402","Bryan County Middle School","All Students","Combined Test Score","2004965.","44722","302","TFS","1029","1037","1056.5","TFS"
"SAT","Highest","2024-25","615","Bryan County","0402","Bryan County Middle School","All Students","Evidence Based Reading and Writing - New","2004965.","44721","302","TFS","521","532.9","545.4","TFS"
"SAT","Highest","2024-25","615","Bryan County","0402","Bryan County Middle School","All Students","Math Section Score - New","2004965.","44722","302","TFS","508","504.1","511.1","TFS"
"SAT","Highest","2024-25","615","Bryan County","0502","Bryan County High School","All Students","Combined Test Score","2004965.","44722","302","39","1029","1037","1056.5","999"
"SAT","Highest","2024-25","615","Bryan County","0502","Bryan County High School","All Students","Evidence Based Reading and Writing - New","2004965.","44721","302","39","521","532.9","545.4","522.3"
"SAT","Highest","2024-25","615","Bryan County","0502","Bryan County High School","All Students","Math Section Score - New","2004965.","44722","302","39","508","504.1","511.1","476.7"
"SAT","Highest","2024-25","616","Bulloch County","0203","Southeast Bulloch High School","All Students","Combined Test Score","2004965.","44722","169","73","1029","1037","1066.6","1100.8"
"SAT","Highest","2024-25","616","Bulloch County","0203","Southeast Bulloch High School","All Students","Evidence Based Reading and Writing - New","2004965.","44721","169","73","521","532.9","553","571.5"
"SAT","Highest","2024-25","616","Bulloch County","0203","Southeast Bulloch High School","All Students","Math Section Score - New","2004965.","44722","169","73","508","504.1","513.7","529.3"
"SAT","Highest","2024-25","616","Bulloch County","2054","Statesboro High School","All Students","Combined Test Score","2004965.","44722","169","87","1029","1037","1066.6","1035.6"
"SAT","Highest","2024-25","616","Bulloch County","2054","Statesboro High School","All Students","Evidence Based Reading and Writing - New","2004965.","44721","169","87","521","532.9","553","536"
"SAT","Highest","2024-25","616","Bulloch County","2054","Statesboro High School","All Students","Math Section Score - New","2004965.","44722","169","87","508","504.1","513.7","499.7"
"SAT","Highest","2024-25","616","Bulloch County","4052","Portal Middle/High School","All Students","Combined Test Score","2004965.","44722","169","TFS","1029","1037","1066.6","TFS"
"SAT","Highest","2024-25","616","Bulloch County","4052","Portal Middle/High School","All Students","Evidence Based Reading and Writing - New","2004965.","44721","169","TFS","521","532.9","553","TFS"
"SAT","Highest","2024-25","616","Bulloch County","4052","Portal Middle/High School","All Students","Math Section Score - New","2004965.","44722","169","TFS","508","504.1","513.7","TFS"
"SAT","Highest","2024-25","617","Burke County","0288","Burke County High School","All Students","Combined Test Score","2004965.","44722","74","74","1029","1037","939.7","939.7"
"SAT","Highest","2024-25","617","Burke County","0288","Burke County High School","All Students","Evidence Based Reading and Writing - New","2004965.","44721","74","74","521","532.9","496.4","496.4"
"SAT","Highest","2024-25","617","Burke County","0288","Burke County High School","All Students","Math Section Score - New","2004965.","44722","74","74","508","504.1","443.4","443.4"
"SAT","Highest","2024-25","618","Butts County","0190","Jackson High School","All Students","Combined Test Score","2004965.","44722","61","61","1029","1037","956.7","956.7"
"SAT","Highest","2024-25","618","Butts County","0190","Jackson High School","All Students","Evidence Based Reading and Writing - New","2004965.","44721","61","61","521","532.9","497.5","497.5"
"SAT","Highest","2024-25","618","Butts County","0190","Jackson High School","All Students","Math Section Score - New","2004965.","44722","61","61","508","504.1","459.2","459.2"
"SAT","Highest","2024-25","619","Calhoun County","0113","Calhoun County High School","All Students","Combined Test Score","2004965.","44722","TFS","TFS","1029","1037","TFS","TFS"
"SAT","Highest","2024-25","619","Calhoun County","0113","Calhoun County High School","All Students","Evidence Based Reading and Writing - New","2004965.","44721","TFS","TFS","521","532.9","TFS","TFS"
"SAT","Highest","2024-25","619","Calhoun County","0113","Calhoun County High School","All Students","Math Section Score - New","2004965.","44722","TFS","TFS","508","504.1","TFS","TFS"
"SAT","Highest","2024-25","620","Camden County","0295","Camden County High School","All Students","Combined Test Score","2004965.","44722","222","222","1029","1037","1081.3","1081.3"
"SAT","Highest","2024-25","620","Camden County","0295","Camden County High School","All Students","Evidence Based Reading and Writing - New","2004965.","44721","222","222","521","532.9","552.1","552.1"
"SAT","Highest","2024-25","620","Camden County","0295","Camden County High School","All Students","Math Section Score - New","2004965.","44722","222","222","508","504.1","529.2","529.2"
"SAT","Highest","2024-25","621","Candler County","0101","Metter High School","All Students","Combined Test Score","2004965.","44722","38","36","1029","1037","956.1","963.1"
"SAT","Highest","2024-25","621","Candler County","0101","Metter High School","All Students","Evidence Based Reading and Writing - New","2004965.","44721","38","36","521","532.9","496.1","499.2"
"SAT","Highest","2024-25","621","Candler County","0101","Metter High School","All Students","Math Section Score - New","2004965.","44722","38","36","508","504.1","460","463.9"
"SAT","Highest","2024-25","621","Candler County","0303","Metter College and Career Academy","All Students","Combined Test Score","2004965.","44722","38","TFS","1029","1037","956.1","TFS"
"SAT","Highest","2024-25","621","Candler County","0303","Metter College and Career Academy","All Students","Evidence Based Reading and Writing - New","2004965.","44721","38","TFS","521","532.9","496.1","TFS"
"SAT","Highest","2024-25","621","Candler County","0303","Metter College and Career Academy","All Students","Math Section Score - New","2004965.","44722","38","TFS","508","504.1","460","TFS"
"SAT","Highest","2024-25","622","Carroll County","0189","Temple High School","All Students","Combined Test Score","2004965.","44722","310","35","1029","1037","1041.8","1041.1"
"SAT","Highest","2024-25","622","Carroll County","0189","Temple High School","All Students","Evidence Based Reading and Writing - New","2004965.","44721","310","35","521","532.9","538.7","543.4"
"SAT","Highest","2024-25","622","Carroll County","0189","Temple High School","All Students","Math Section Score - New","2004965.","44722","310","35","508","504.1","503.1","497.7"
"SAT","Highest","2024-25","622","Carroll County","0212","Mt. Zion High School","All Students","Combined Test Score","2004965.","44722","310","17","1029","1037","1041.8","1047.1"
"SAT","Highest","2024-25","622","Carroll County","0212","Mt. Zion High School","All Students","Evidence Based Reading and Writing - New","2004965.","44721","310","17","521","532.9","538.7","549.4"
"SAT","Highest","2024-25","622","Carroll County","0212","Mt. Zion High School","All Students","Math Section Score - New","2004965.","44722","310","17","508","504.1","503.1","497.6"
"SAT","Highest","2024-25","622","Carroll County","2052","Central High School","All Students","Combined Test Score","2004965.","44722","310","88","1029","1037","1041.8","1073.9"
"SAT","Highest","2024-25","622","Carroll County","2052","Central High School","All Students","Evidence Based Reading and Writing - New","2004965.","44721","310","88","521","532.9","538.7","550.1"
"SAT","Highest","2024-25","622","Carroll County","2052","Central High School","All Students","Math Section Score - New","2004965.","44722","310","88","508","504.1","503.1","523.8"
"SAT","Highest","2024-25","622","Carroll County","3050","Bowdon High School","All Students","Combined Test Score","2004965.","44722","310","14","1029","1037","1041.8","1067.1"
"SAT","Highest","2024-25","622","Carroll County","3050","Bowdon High School","All Students","Evidence Based Reading and Writing - New","2004965.","44721","310","14","521","532.9","538.7","543.6"
"SAT","Highest","2024-25","622","Carroll County","3050","Bowdon High School","All Students","Math Section Score - New","2004965.","44722","310","14","508","504.1","503.1","523.6"
"SAT","Highest","2024-25","622","Carroll County","5054","Villa Rica High School","All Students","Combined Test Score","2004965.","44722","310","156","1029","1037","1041.8","1021"
"SAT","Highest","2024-25","622","Carroll County","5054","Villa Rica High School","All Students","Evidence Based Reading and Writing - New","2004965.","44721","310","156","521","532.9","538.7","529.7"
"SAT","Highest","2024-25","622","Carroll County","5054","Villa Rica High School","All Students","Math Section Score - New","2004965.","44722","310","156","508","504.1","503.1","491.3"
"SAT","Highest","2024-25","623","Catoosa County","0109","Heritage High School","All Students","Combined Test Score","2004965.","44722","97","32","1029","1037","1098.2","1154.1"
"SAT","Highest","2024-25","623","Catoosa County","0109","Heritage High School","All Students","Evidence Based Reading and Writing - New","2004965.","44721","97","32","521","532.9","567.4","589.4"
"SAT","Highest","2024-25","623","Catoosa County","0109","Heritage High School","All Students","Math Section Score - New","2004965.","44722","97","32","508","504.1","530.8","564.7"
"SAT","Highest","2024-25","623","Catoosa County","1052","Lakeview-Fort Oglethorpe High School","All Students","Combined Test Score","2004965.","44722","97","29","1029","1037","1098.2","1132.4"
"SAT","Highest","2024-25","623","Catoosa County","1052","Lakeview-Fort Oglethorpe High School","All Students","Evidence Based Reading and Writing - New","2004965.","44721","97","29","521","532.9","567.4","582.8"
"SAT","Highest","2024-25","623","Catoosa County","1052","Lakeview-Fort Oglethorpe High School","All Students","Math Section Score - New","2004965.","44722","97","29","508","504.1","530.8","549.7"
"SAT","Highest","2024-25","623","Catoosa County","4052","Ringgold High School","All Students","Combined Test Score","2004965.","44722","97","36","1029","1037","1098.2","1021.1"
"SAT","Highest","2024-25","623","Catoosa County","4052","Ringgold High School","All Students","Evidence Based Reading and Writing - New","2004965.","44721","97","36","521","532.9","567.4","535.6"
"SAT","Highest","2024-25","623","Catoosa County","4052","Ringgold High School","All Students","Math Section Score - New","2004965.","44722","97","36","508","504.1","530.8","485.6"
"SAT","Highest","2024-25","624","Charlton County","0112","Bethune Middle School","All Students","Combined Test Score","2004965.","44722","19","TFS","1029","1037","1011.1","TFS"
"SAT","Highest","2024-25","624","Charlton County","0112","Bethune Middle School","All Students","Evidence Based Reading and Writing - New","2004965.","44721","19","TFS","521","532.9","534.7","TFS"
"SAT","Highest","2024-25","624","Charlton County","0112","Bethune Middle School","All Students","Math Section Score - New","2004965.","44722","19","TFS","508","504.1","476.3","TFS"
"SAT","Highest","2024-25","624","Charlton County","0287","Charlton County High School","All Students","Combined Test Score","2004965.","44722","19","18","1029","1037","1011.1","1019.4"
"SAT","Highest","2024-25","624","Charlton County","0287","Charlton County High School","All Students","Evidence Based Reading and Writing - New","2004965.","44721","19","18","521","532.9","534.7","540"
"SAT","Highest","2024-25","624","Charlton County","0287","Charlton County High School","All Students","Math Section Score - New","2004965.","44722","19","18","508","504.1","476.3","479.4"
"SAT","Highest","2024-25","625","Savannah-Chatham County","0101","Johnson High School","All Students","Combined Test Score","2004965.","44722","822","45","1029","1037","1000.3","934.7"
"SAT","Highest","2024-25","625","Savannah-Chatham County","0101","Johnson High School","All Students","Evidence Based Reading and Writing - New","2004965.","44721","822","45","521","532.9","519.4","480"
"SAT","Highest","2024-25","625","Savannah-Chatham County","0101","Johnson High School","All Students","Math Section Score - New","2004965.","44722","822","45","508","504.1","480.9","454.7"
"SAT","Highest","2024-25","625","Savannah-Chatham County","0108","Early College Program","All Students","Combined Test Score","2004965.","44722","822","21","1029","1037","1000.3","963.8"
"SAT","Highest","2024-25","625","Savannah-Chatham County","0108","Early College Program","All Students","Evidence Based Reading and Writing - New","2004965.","44721","822","21","521","532.9","519.4","490"
"SAT","Highest","2024-25","625","Savannah-Chatham County","0108","Early College Program","All Students","Math Section Score - New","2004965.","44722","822","21","508","504.1","480.9","473.8"
"SAT","Highest","2024-25","625","Savannah-Chatham County","0115","Woodville-Tompkins Technical and Career High School","All Students","Combined Test Score","2004965.","44722","822","106","1029","1037","1000.3","979.6"
"SAT","Highest","2024-25","625","Savannah-Chatham County","0115","Woodville-Tompkins Technical and Career High School","All Students","Evidence Based Reading and Writing - New","2004965.","44721","822","106","521","532.9","519.4","503.4"
"SAT","Highest","2024-25","625","Savannah-Chatham County","0115","Woodville-Tompkins Technical and Career High School","All Students","Math Section Score - New","2004965.","44722","822","106","508","504.1","480.9","476.2"
"SAT","Highest","2024-25","625","Savannah-Chatham County","0117","New Hampstead High School","All Students","Combined Test Score","2004965.","44722","822","78","1029","1037","1000.3","946.4"
"SAT","Highest","2024-25","625","Savannah-Chatham County","0117","New Hampstead High School","All Students","Evidence Based Reading and Writing - New","2004965.","44721","822","78","521","532.9","519.4","487.7"
"SAT","Highest","2024-25","625","Savannah-Chatham County","0117","New Hampstead High School","All Students","Math Section Score - New","2004965.","44722","822","78","508","504.1","480.9","458.7"
"SAT","Highest","2024-25","625","Savannah-Chatham County","0210","The School of Liberal Studies at Savannah High","All Students","Combined Test Score","2004965.","44722","822","29","1029","1037","1000.3","878.6"
"SAT","Highest","2024-25","625","Savannah-Chatham County","0210","The School of Liberal Studies at Savannah High","All Students","Evidence Based Reading and Writing - New","2004965.","44721","822","29","521","532.9","519.4","461.4"
"SAT","Highest","2024-25","625","Savannah-Chatham County","0210","The School of Liberal Studies at Savannah High","All Students","Math Section Score - New","2004965.","44722","822","29","508","504.1","480.9","417.2"
"SAT","Highest","2024-25","625","Savannah-Chatham County","0411","Islands High School","All Students","Combined Test Score","2004965.","44722","822","97","1029","1037","1000.3","1034"
"SAT","Highest","2024-25","625","Savannah-Chatham County","0411","Islands High School","All Students","Evidence Based Reading and Writing - New","2004965.","44721","822","97","521","532.9","519.4","548.1"
"SAT","Highest","2024-25","625","Savannah-Chatham County","0411","Islands High School","All Students","Math Section Score - New","2004965.","44722","822","97","508","504.1","480.9","485.9"
"SAT","Highest","2024-25","625","Savannah-Chatham County","0499","Savannah Arts Academy","All Students","Combined Test Score","2004965.","44722","822","166","1029","1037","1000.3","1156.9"
"SAT","Highest","2024-25","625","Savannah-Chatham County","0499","Savannah Arts Academy","All Students","Evidence Based Reading and Writing - New","2004965.","44721","822","166","521","532.9","519.4","603.6"
"SAT","Highest","2024-25","625","Savannah-Chatham County","0499","Savannah Arts Academy","All Students","Math Section Score - New","2004965.","44722","822","166","508","504.1","480.9","553.4"
"SAT","Highest","2024-25","625","Savannah-Chatham County","0516","Savannah Classical Academy Charter High School","All Students","Combined Test Score","2004965.","44722","822","TFS","1029","1037","1000.3","TFS"
"SAT","Highest","2024-25","625","Savannah-Chatham County","0516","Savannah Classical Academy Charter High School","All Students","Evidence Based Reading and Writing - New","2004965.","44721","822","TFS","521","532.9","519.4","TFS"
"SAT","Highest","2024-25","625","Savannah-Chatham County","0516","Savannah Classical Academy Charter High School","All Students","Math Section Score - New","2004965.","44722","822","TFS","508","504.1","480.9","TFS"
"SAT","Highest","2024-25","625","Savannah-Chatham County","0518","Savannah-Chatham E-Learning Academy","All Students","Combined Test Score","2004965.","44722","822","TFS","1029","1037","1000.3","TFS"
"SAT","Highest","2024-25","625","Savannah-Chatham County","0518","Savannah-Chatham E-Learning Academy","All Students","Evidence Based Reading and Writing - New","2004965.","44721","822","TFS","521","532.9","519.4","TFS"
"SAT","Highest","2024-25","625","Savannah-Chatham County","0518","Savannah-Chatham E-Learning Academy","All Students","Math Section Score - New","2004965.","44722","822","TFS","508","504.1","480.9","TFS"
"SAT","Highest","2024-25","625","Savannah-Chatham County","2052","Beach High School","All Students","Combined Test Score","2004965.","44722","822","47","1029","1037","1000.3","902.6"
"SAT","Highest","2024-25","625","Savannah-Chatham County","2052","Beach High School","All Students","Evidence Based Reading and Writing - New","2004965.","44721","822","47","521","532.9","519.4","467.9"
"SAT","Highest","2024-25","625","Savannah-Chatham County","2052","Beach High School","All Students","Math Section Score - New","2004965.","44722","822","47","508","504.1","480.9","434.7"
"SAT","Highest","2024-25","625","Savannah-Chatham County","3056","Groves High School","All Students","Combined Test Score","2004965.","44722","822","48","1029","1037","1000.3","904.6"
"SAT","Highest","2024-25","625","Savannah-Chatham County","3056","Groves High School","All Students","Evidence Based Reading and Writing - New","2004965.","44721","822","48","521","532.9","519.4","465.4"
"SAT","Highest","2024-25","625","Savannah-Chatham County","3056","Groves High School","All Students","Math Section Score - New","2004965.","44722","822","48","508","504.1","480.9","439.2"
"SAT","Highest","2024-25","625","Savannah-Chatham County","5060","Jenkins High School","All Students","Combined Test Score","2004965.","44722","822","98","1029","1037","1000.3","1031"
"SAT","Highest","2024-25","625","Savannah-Chatham County","5060","Jenkins High School","All Students","Evidence Based Reading and Writing - New","2004965.","44721","822","98","521","532.9","519.4","530.3"
"SAT","Highest","2024-25","625","Savannah-Chatham County","5060","Jenkins High School","All Students","Math Section Score - New","2004965.","44722","822","98","508","504.1","480.9","500.7"
"SAT","Highest","2024-25","625","Savannah-Chatham County","5070","Windsor Forest High School","All Students","Combined Test Score","2004965.","44722","822","74","1029","1037","1000.3","878.1"
"SAT","Highest","2024-25","625","Savannah-Chatham County","5070","Windsor Forest High School","All Students","Evidence Based Reading and Writing - New","2004965.","44721","822","74","521","532.9","519.4","455.5"
"SAT","Highest","2024-25","625","Savannah-Chatham County","5070","Windsor Forest High School","All Students","Math Section Score - New","2004965.","44722","822","74","508","504.1","480.9","422.6"
"SAT","Highest","2024-25","626","Chattahoochee County","0206","Chattahoochee County High School","All Students","Combined Test Score","2004965.","44722","28","28","1029","1037","966.8","966.8"
"SAT","Highest","2024-25","626","Chattahoochee County","0206","Chattahoochee County High School","All Students","Evidence Based Reading and Writing - New","2004965.","44721","28","28","521","532.9","498.2","498.2"
"SAT","Highest","2024-25","626","Chattahoochee County","0206","Chattahoochee County High School","All Students","Math Section Score - New","2004965.","44722","28","28","508","504.1","468.6","468.6"
"SAT","Highest","2024-25","627","Chattooga County","1050","Chattooga High School","All Students","Combined Test Score","2004965.","44722","10","10","1029","1037","1072","1072"
"SAT","Highest","2024-25","627","Chattooga County","1050","Chattooga High School","All Students","Evidence Based Reading and Writing - New","2004965.","44721","10","10","521","532.9","554","554"
"SAT","Highest","2024-25","627","Chattooga County","1050","Chattooga High School","All Students","Math Section Score - New","2004965.","44722","10","10","508","504.1","518","518"
"SAT","Highest","2024-25","628","Cherokee County","0106","Creekview High School","All Students","Combined Test Score","2004965.","44722","1428.5","235","1029","1037","1079.6","1110.6"
"SAT","Highest","2024-25","628","Cherokee County","0106","Creekview High School","All Students","Evidence Based Reading and Writing - New","2004965.","44721","1428","235","521","532.9","554.6","568.7"
"SAT","Highest","2024-25","628","Cherokee County","0106","Creekview High School","All Students","Math Section Score - New","2004965.","44722","1429","235","508","504.1","525","541.9"
"SAT","Highest","2024-25","628","Cherokee County","0115","River Ridge High School","All Students","Combined Test Score","2004965.","44722","1428.5","240","1029","1037","1079.6","1074.2"
"SAT","Highest","2024-25","628","Cherokee County","0115","River Ridge High School","All Students","Evidence Based Reading and Writing - New","2004965.","44721","1428","240","521","532.9","554.6","553.8"
"SAT","Highest","2024-25","628","Cherokee County","0115","River Ridge High School","All Students","Math Section Score - New","2004965.","44722","1429","240","508","504.1","525","520.4"
"SAT","Highest","2024-25","628","Cherokee County","0176","Etowah High School","All Students","Combined Test Score","2004965.","44722","1428.5","250","1029","1037","1079.6","1059.1"
"SAT","Highest","2024-25","628","Cherokee County","0176","Etowah High School","All Students","Evidence Based Reading and Writing - New","2004965.","44721","1428","250","521","532.9","554.6","545"
"SAT","Highest","2024-25","628","Cherokee County","0176","Etowah High School","All Students","Math Section Score - New","2004965.","44722","1429","250","508","504.1","525","514.1"
"SAT","Highest","2024-25","628","Cherokee County","0191","Sequoyah High School","All Students","Combined Test Score","2004965.","44722","1428.5","235","1029","1037","1079.6","1095.7"
"SAT","Highest","2024-25","628","Cherokee County","0191","Sequoyah High School","All Students","Evidence Based Reading and Writing - New","2004965.","44721","1428","235","521","532.9","554.6","564.6"
"SAT","Highest","2024-25","628","Cherokee County","0191","Sequoyah High School","All Students","Math Section Score - New","2004965.","44722","1429","235","508","504.1","525","531"
"SAT","Highest","2024-25","628","Cherokee County","0197","Woodstock High School","All Students","Combined Test Score","2004965.","44722","1428.5","247.5","1029","1037","1079.6","1078.2"
"SAT","Highest","2024-25","628","Cherokee County","0197","Woodstock High School","All Students","Evidence Based Reading and Writing - New","2004965.","44721","1428","247","521","532.9","554.6","551.4"
"SAT","Highest","2024-25","628","Cherokee County","0197","Woodstock High School","All Students","Math Section Score - New","2004965.","44722","1429","248","508","504.1","525","526.8"
"SAT","Highest","2024-25","628","Cherokee County","5050","Cherokee High School","All Students","Combined Test Score","2004965.","44722","1428.5","219","1029","1037","1079.6","1060.6"
"SAT","Highest","2024-25","628","Cherokee County","5050","Cherokee High School","All Students","Evidence Based Reading and Writing - New","2004965.","44721","1428","219","521","532.9","554.6","544.6"
"SAT","Highest","2024-25","628","Cherokee County","5050","Cherokee High School","All Students","Math Section Score - New","2004965.","44722","1429","219","508","504.1","525","516.1"
"SAT","Highest","2024-25","628","Cherokee County","6597","Tippens Educational Center","All Students","Combined Test Score","2004965.","44722","1428.5","TFS","1029","1037","1079.6","TFS"
"SAT","Highest","2024-25","628","Cherokee County","6597","Tippens Educational Center","All Students","Evidence Based Reading and Writing - New","2004965.","44721","1428","TFS","521","532.9","554.6","TFS"
"SAT","Highest","2024-25","628","Cherokee County","6597","Tippens Educational Center","All Students","Math Section Score - New","2004965.","44722","1429","TFS","508","504.1","525","TFS"
"SAT","Highest","2024-25","629","Clarke County","0102","Cedar Shoals High School","All Students","Combined Test Score","2004965.","44722","211","87","1029","1037","1014.9","975.9"
"SAT","Highest","2024-25","629","Clarke County","0102","Cedar Shoals High School","All Students","Evidence Based Reading and Writing - New","2004965.","44721","211","87","521","532.9","520.5","499.4"
"SAT","Highest","2024-25","629","Clarke County","0102","Cedar Shoals High School","All Students","Math Section Score - New","2004965.","44722","211","87","508","504.1","494.4","476.4"
"SAT","Highest","2024-25","629","Clarke County","5556","Clarke Central High School","All Students","Combined Test Score","2004965.","44722","211","124","1029","1037","1014.9","1042.3"
"SAT","Highest","2024-25","629","Clarke County","5556","Clarke Central High School","All Students","Evidence Based Reading and Writing - New","2004965.","44721","211","124","521","532.9","520.5","535.2"
"SAT","Highest","2024-25","629","Clarke County","5556","Clarke Central High School","All Students","Math Section Score - New","2004965.","44722","211","124","508","504.1","494.4","507"
"SAT","Highest","2024-25","631","Clayton County","0104","Mundy's Mill High School","All Students","Combined Test Score","2004965.","44722","780","91","1029","1037","955.9","924.4"
"SAT","Highest","2024-25","631","Clayton County","0104","Mundy's Mill High School","All Students","Evidence Based Reading and Writing - New","2004965.","44721","780","91","521","532.9","503","491.9"
"SAT","Highest","2024-25","631","Clayton County","0104","Mundy's Mill High School","All Students","Math Section Score - New","2004965.","44722","780","91","508","504.1","452.9","432.5"
"SAT","Highest","2024-25","631","Clayton County","0114","Elite Scholars Academy School","All Students","Combined Test Score","2004965.","44722","780","52","1029","1037","955.9","1142.5"
"SAT","Highest","2024-25","631","Clayton County","0114","Elite Scholars Academy School","All Students","Evidence Based Reading and Writing - New","2004965.","44721","780","52","521","532.9","503","601.9"
"SAT","Highest","2024-25","631","Clayton County","0114","Elite Scholars Academy School","All Students","Math Section Score - New","2004965.","44722","780","52","508","504.1","452.9","540.6"
"SAT","Highest","2024-25","631","Clayton County","0115","Charles R. Drew High School","All Students","Combined Test Score","2004965.","44722","780","51","1029","1037","955.9","931"
"SAT","Highest","2024-25","631","Clayton County","0115","Charles R. Drew High School","All Students","Evidence Based Reading and Writing - New","2004965.","44721","780","51","521","532.9","503","491.2"
"SAT","Highest","2024-25","631","Clayton County","0115","Charles R. Drew High School","All Students","Math Section Score - New","2004965.","44722","780","51","508","504.1","452.9","439.8"
"SAT","Highest","2024-25","631","Clayton County","0190","Lovejoy High School","All Students","Combined Test Score","2004965.","44722","780","113","1029","1037","955.9","931.1"
"SAT","Highest","2024-25","631","Clayton County","0190","Lovejoy High School","All Students","Evidence Based Reading and Writing - New","2004965.","44721","780","113","521","532.9","503","491.9"
"SAT","Highest","2024-25","631","Clayton County","0190","Lovejoy High School","All Students","Math Section Score - New","2004965.","44722","780","113","508","504.1","452.9","439.1"
"SAT","Highest","2024-25","631","Clayton County","0191","Lovejoy Middle School","All Students","Combined Test Score","2004965.","44722","780","TFS","1029","1037","955.9","TFS"
"SAT","Highest","2024-25","631","Clayton County","0191","Lovejoy Middle School","All Students","Evidence Based Reading and Writing - New","2004965.","44721","780","TFS","521","532.9","503","TFS"
"SAT","Highest","2024-25","631","Clayton County","0191","Lovejoy Middle School","All Students","Math Section Score - New","2004965.","44722","780","TFS","508","504.1","452.9","TFS"
"SAT","Highest","2024-25","631","Clayton County","0215","Martha Ellen Stilwell School for the Performing Arts","All Students","Combined Test Score","2004965.","44722","780","50","1029","1037","955.9","1053.6"
"SAT","Highest","2024-25","631","Clayton County","0215","Martha Ellen Stilwell School for the Performing Arts","All Students","Evidence Based Reading and Writing - New","2004965.","44721","780","50","521","532.9","503","545.6"
"SAT","Highest","2024-25","631","Clayton County","0215","Martha Ellen Stilwell School for the Performing Arts","All Students","Math Section Score - New","2004965.","44722","780","50","508","504.1","452.9","508"
"SAT","Highest","2024-25","631","Clayton County","0290","Mount Zion High School","All Students","Combined Test Score","2004965.","44722","780","47","1029","1037","955.9","964"
"SAT","Highest","2024-25","631","Clayton County","0290","Mount Zion High School","All Students","Evidence Based Reading and Writing - New","2004965.","44721","780","47","521","532.9","503","507.7"
"SAT","Highest","2024-25","631","Clayton County","0290","Mount Zion High School","All Students","Math Section Score - New","2004965.","44722","780","47","508","504.1","452.9","456.4"
"SAT","Highest","2024-25","631","Clayton County","0377","Riverdale High School","All Students","Combined Test Score","2004965.","44722","780","70","1029","1037","955.9","902.1"
"SAT","Highest","2024-25","631","Clayton County","0377","Riverdale High School","All Students","Evidence Based Reading and Writing - New","2004965.","44721","780","70","521","532.9","503","473.1"
"SAT","Highest","2024-25","631","Clayton County","0377","Riverdale High School","All Students","Math Section Score - New","2004965.","44722","780","70","508","504.1","452.9","429"
"SAT","Highest","2024-25","631","Clayton County","1054","Forest Park High School","All Students","Combined Test Score","2004965.","44722","780","37","1029","1037","955.9","1000.8"
"SAT","Highest","2024-25","631","Clayton County","1054","Forest Park High School","All Students","Evidence Based Reading and Writing - New","2004965.","44721","780","37","521","532.9","503","510.3"
"SAT","Highest","2024-25","631","Clayton County","1054","Forest Park High School","All Students","Math Section Score - New","2004965.","44722","780","37","508","504.1","452.9","490.5"
"SAT","Highest","2024-25","631","Clayton County","1056","Jonesboro High School","All Students","Combined Test Score","2004965.","44722","780","68","1029","1037","955.9","923.2"
"SAT","Highest","2024-25","631","Clayton County","1056","Jonesboro High School","All Students","Evidence Based Reading and Writing - New","2004965.","44721","780","68","521","532.9","503","488.8"
"SAT","Highest","2024-25","631","Clayton County","1056","Jonesboro High School","All Students","Math Section Score - New","2004965.","44722","780","68","508","504.1","452.9","434.4"
"SAT","Highest","2024-25","631","Clayton County","2052","North Clayton High School","All Students","Combined Test Score","2004965.","44722","780","72","1029","1037","955.9","891.5"
"SAT","Highest","2024-25","631","Clayton County","2052","North Clayton High School","All Students","Evidence Based Reading and Writing - New","2004965.","44721","780","72","521","532.9","503","476"
"SAT","Highest","2024-25","631","Clayton County","2052","North Clayton High School","All Students","Math Section Score - New","2004965.","44722","780","72","508","504.1","452.9","415.6"
"SAT","Highest","2024-25","631","Clayton County","4058","Morrow High School","All Students","Combined Test Score","2004965.","44722","780","128","1029","1037","955.9","960.5"
"SAT","Highest","2024-25","631","Clayton County","4058","Morrow High School","All Students","Evidence Based Reading and Writing - New","2004965.","44721","780","128","521","532.9","503","502.7"
"SAT","Highest","2024-25","631","Clayton County","4058","Morrow High School","All Students","Math Section Score - New","2004965.","44722","780","128","508","504.1","452.9","457.7"
"SAT","Highest","2024-25","632","Clinch County","1050","Clinch County High School","All Students","Combined Test Score","2004965.","44722","TFS","TFS","1029","1037","TFS","TFS"
"SAT","Highest","2024-25","632","Clinch County","1050","Clinch County High School","All Students","Evidence Based Reading and Writing - New","2004965.","44721","TFS","TFS","521","532.9","TFS","TFS"
"SAT","Highest","2024-25","632","Clinch County","1050","Clinch County High School","All Students","Math Section Score - New","2004965.","44722","TFS","TFS","508","504.1","TFS","TFS"
"SAT","Highest","2024-25","633","Cobb County","0101","Kennesaw Mountain High School","All Students","Combined Test Score","2004965.","44722","3758","237","1029","1037","1092.9","1131.5"
"SAT","Highest","2024-25","633","Cobb County","0101","Kennesaw Mountain High School","All Students","Evidence Based Reading and Writing - New","2004965.","44721","3758","237","521","532.9","561.1","581"
"SAT","Highest","2024-25","633","Cobb County","0101","Kennesaw Mountain High School","All Students","Math Section Score - New","2004965.","44722","3758","237","508","504.1","531.8","550.5"
"SAT","Highest","2024-25","633","Cobb County","0103","Kell High School","All Students","Combined Test Score","2004965.","44722","3758","170","1029","1037","1092.9","1080.4"
"SAT","Highest","2024-25","633","Cobb County","0103","Kell High School","All Students","Evidence Based Reading and Writing - New","2004965.","44721","3758","170","521","532.9","561.1","563.4"
"SAT","Highest","2024-25","633","Cobb County","0103","Kell High School","All Students","Math Section Score - New","2004965.","44722","3758","170","508","504.1","531.8","517"
"SAT","Highest","2024-25","633","Cobb County","0175","Walton High School","All Students","Combined Test Score","2004965.","44722","3758","364","1029","1037","1092.9","1231.6"
"SAT","Highest","2024-25","633","Cobb County","0175","Walton High School","All Students","Evidence Based Reading and Writing - New","2004965.","44721","3758","364","521","532.9","561.1","617.6"
"SAT","Highest","2024-25","633","Cobb County","0175","Walton High School","All Students","Math Section Score - New","2004965.","44722","3758","364","508","504.1","531.8","614"
"SAT","Highest","2024-25","633","Cobb County","0186","Oakwood High School","All Students","Combined Test Score","2004965.","44722","3758","20","1029","1037","1092.9","963"
"SAT","Highest","2024-25","633","Cobb County","0186","Oakwood High School","All Students","Evidence Based Reading and Writing - New","2004965.","44721","3758","20","521","532.9","561.1","507"
"SAT","Highest","2024-25","633","Cobb County","0186","Oakwood High School","All Students","Math Section Score - New","2004965.","44722","3758","20","508","504.1","531.8","456"
"SAT","Highest","2024-25","633","Cobb County","0188","Pope High School","All Students","Combined Test Score","2004965.","44722","3758","211","1029","1037","1092.9","1165.1"
"SAT","Highest","2024-25","633","Cobb County","0188","Pope High School","All Students","Evidence Based Reading and Writing - New","2004965.","44721","3758","211","521","532.9","561.1","592"
"SAT","Highest","2024-25","633","Cobb County","0188","Pope High School","All Students","Math Section Score - New","2004965.","44722","3758","211","508","504.1","531.8","573.1"
"SAT","Highest","2024-25","633","Cobb County","0192","Harrison High School","All Students","Combined Test Score","2004965.","44722","3758","322","1029","1037","1092.9","1133.6"
"SAT","Highest","2024-25","633","Cobb County","0192","Harrison High School","All Students","Evidence Based Reading and Writing - New","2004965.","44721","3758","322","521","532.9","561.1","581.8"
"SAT","Highest","2024-25","633","Cobb County","0192","Harrison High School","All Students","Math Section Score - New","2004965.","44722","3758","322","508","504.1","531.8","551.8"
"SAT","Highest","2024-25","633","Cobb County","0209","Allatoona High School","All Students","Combined Test Score","2004965.","44722","3758","179","1029","1037","1092.9","1073.7"
"SAT","Highest","2024-25","633","Cobb County","0209","Allatoona High School","All Students","Evidence Based Reading and Writing - New","2004965.","44721","3758","179","521","532.9","561.1","549.1"
"SAT","Highest","2024-25","633","Cobb County","0209","Allatoona High School","All Students","Math Section Score - New","2004965.","44722","3758","179","508","504.1","531.8","524.7"
"SAT","Highest","2024-25","633","Cobb County","0290","Campbell Middle School","All Students","Combined Test Score","2004965.","44722","3758","TFS","1029","1037","1092.9","TFS"
"SAT","Highest","2024-25","633","Cobb County","0290","Campbell Middle School","All Students","Evidence Based Reading and Writing - New","2004965.","44721","3758","TFS","521","532.9","561.1","TFS"
"SAT","Highest","2024-25","633","Cobb County","0290","Campbell Middle School","All Students","Math Section Score - New","2004965.","44722","3758","TFS","508","504.1","531.8","TFS"
"SAT","Highest","2024-25","633","Cobb County","0373","Sprayberry High School","All Students","Combined Test Score","2004965.","44722","3758","217","1029","1037","1092.9","1056"
"SAT","Highest","2024-25","633","Cobb County","0373","Sprayberry High School","All Students","Evidence Based Reading and Writing - New","2004965.","44721","3758","217","521","532.9","561.1","548.8"
"SAT","Highest","2024-25","633","Cobb County","0373","Sprayberry High School","All Students","Math Section Score - New","2004965.","44722","3758","217","508","504.1","531.8","507.2"
"SAT","Highest","2024-25","633","Cobb County","0381","Lassiter High School","All Students","Combined Test Score","2004965.","44722","3758","278","1029","1037","1092.9","1194.5"
"SAT","Highest","2024-25","633","Cobb County","0381","Lassiter High School","All Students","Evidence Based Reading and Writing - New","2004965.","44721","3758","278","521","532.9","561.1","606.9"
"SAT","Highest","2024-25","633","Cobb County","0381","Lassiter High School","All Students","Math Section Score - New","2004965.","44722","3758","278","508","504.1","531.8","587.6"
"SAT","Highest","2024-25","633","Cobb County","0507","McClure Middle School","All Students","Combined Test Score","2004965.","44722","3758","TFS","1029","1037","1092.9","TFS"
"SAT","Highest","2024-25","633","Cobb County","0507","McClure Middle School","All Students","Evidence Based Reading and Writing - New","2004965.","44721","3758","TFS","521","532.9","561.1","TFS"
"SAT","Highest","2024-25","633","Cobb County","0507","McClure Middle School","All Students","Math Section Score - New","2004965.","44722","3758","TFS","508","504.1","531.8","TFS"
"SAT","Highest","2024-25","633","Cobb County","0707","Hillgrove High School","All Students","Combined Test Score","2004965.","44722","3758","293","1029","1037","1092.9","1081.6"
"SAT","Highest","2024-25","633","Cobb County","0707","Hillgrove High School","All Students","Evidence Based Reading and Writing - New","2004965.","44721","3758","293","521","532.9","561.1","557.4"
"SAT","Highest","2024-25","633","Cobb County","0707","Hillgrove High School","All Students","Math Section Score - New","2004965.","44722","3758","293","508","504.1","531.8","524.2"
"SAT","Highest","2024-25","633","Cobb County","1054","Campbell High School","All Students","Combined Test Score","2004965.","44722","3758","232","1029","1037","1092.9","1054.9"
"SAT","Highest","2024-25","633","Cobb County","1054","Campbell High School","All Students","Evidence Based Reading and Writing - New","2004965.","44721","3758","232","521","532.9","561.1","545.3"
"SAT","Highest","2024-25","633","Cobb County","1054","Campbell High School","All Students","Math Section Score - New","2004965.","44722","3758","232","508","504.1","531.8","509.6"
"SAT","Highest","2024-25","633","Cobb County","1056","East Cobb Middle School","All Students","Combined Test Score","2004965.","44722","3758","TFS","1029","1037","1092.9","TFS"
"SAT","Highest","2024-25","633","Cobb County","1056","East Cobb Middle School","All Students","Evidence Based Reading and Writing - New","2004965.","44721","3758","TFS","521","532.9","561.1","TFS"
"SAT","Highest","2024-25","633","Cobb County","1056","East Cobb Middle School","All Students","Math Section Score - New","2004965.","44722","3758","TFS","508","504.1","531.8","TFS"
"SAT","Highest","2024-25","633","Cobb County","1064","McEachern High School","All Students","Combined Test Score","2004965.","44722","3758","209","1029","1037","1092.9","992.8"
"SAT","Highest","2024-25","633","Cobb County","1064","McEachern High School","All Students","Evidence Based Reading and Writing - New","2004965.","44721","3758","209","521","532.9","561.1","514.5"
"SAT","Highest","2024-25","633","Cobb County","1064","McEachern High School","All Students","Math Section Score - New","2004965.","44722","3758","209","508","504.1","531.8","478.3"
"SAT","Highest","2024-25","633","Cobb County","1069","Wheeler High School","All Students","Combined Test Score","2004965.","44722","3758","230","1029","1037","1092.9","1124"
"SAT","Highest","2024-25","633","Cobb County","1069","Wheeler High School","All Students","Evidence Based Reading and Writing - New","2004965.","44721","3758","230","521","532.9","561.1","570.7"
"SAT","Highest","2024-25","633","Cobb County","1069","Wheeler High School","All Students","Math Section Score - New","2004965.","44722","3758","230","508","504.1","531.8","553.3"
"SAT","Highest","2024-25","633","Cobb County","2056","North Cobb High School","All Students","Combined Test Score","2004965.","44722","3758","245","1029","1037","1092.9","1048"
"SAT","Highest","2024-25","633","Cobb County","2056","North Cobb High School","All Students","Evidence Based Reading and Writing - New","2004965.","44721","3758","245","521","532.9","561.1","547.8"
"SAT","Highest","2024-25","633","Cobb County","2056","North Cobb High School","All Students","Math Section Score - New","2004965.","44722","3758","245","508","504.1","531.8","500.3"
"SAT","Highest","2024-25","633","Cobb County","2066","Osborne High School","All Students","Combined Test Score","2004965.","44722","3758","145","1029","1037","1092.9","981.7"
"SAT","Highest","2024-25","633","Cobb County","2066","Osborne High School","All Students","Evidence Based Reading and Writing - New","2004965.","44721","3758","145","521","532.9","561.1","506.1"
"SAT","Highest","2024-25","633","Cobb County","2066","Osborne High School","All Students","Math Section Score - New","2004965.","44722","3758","145","508","504.1","531.8","475.7"
"SAT","Highest","2024-25","633","Cobb County","3056","South Cobb High School","All Students","Combined Test Score","2004965.","44722","3758","176","1029","1037","1092.9","997"
"SAT","Highest","2024-25","633","Cobb County","3056","South Cobb High School","All Students","Evidence Based Reading and Writing - New","2004965.","44721","3758","176","521","532.9","561.1","517.2"
"SAT","Highest","2024-25","633","Cobb County","3056","South Cobb High School","All Students","Math Section Score - New","2004965.","44722","3758","176","508","504.1","531.8","479.9"
"SAT","Highest","2024-25","633","Cobb County","4066","Pebblebrook High School","All Students","Combined Test Score","2004965.","44722","3758","224","1029","1037","1092.9","957.9"
"SAT","Highest","2024-25","633","Cobb County","4066","Pebblebrook High School","All Students","Evidence Based Reading and Writing - New","2004965.","44721","3758","224","521","532.9","561.1","497.2"
"SAT","Highest","2024-25","633","Cobb County","4066","Pebblebrook High School","All Students","Math Section Score - New","2004965.","44722","3758","224","508","504.1","531.8","460.7"
"SAT","Highest","2024-25","634","Coffee County","0114","Wiregrass Regional College and Career Academy","All Students","Combined Test Score","2004965.","44722","104","TFS","1029","1037","995.9","TFS"
"SAT","Highest","2024-25","634","Coffee County","0114","Wiregrass Regional College and Career Academy","All Students","Evidence Based Reading and Writing - New","2004965.","44721","104","TFS","521","532.9","515.2","TFS"
"SAT","Highest","2024-25","634","Coffee County","0114","Wiregrass Regional College and Career Academy","All Students","Math Section Score - New","2004965.","44722","104","TFS","508","504.1","480.7","TFS"
"SAT","Highest","2024-25","634","Coffee County","0195","Coffee County High School","All Students","Combined Test Score","2004965.","44722","104","94","1029","1037","995.9","999.6"
"SAT","Highest","2024-25","634","Coffee County","0195","Coffee County High School","All Students","Evidence Based Reading and Writing - New","2004965.","44721","104","94","521","532.9","515.2","517.6"
"SAT","Highest","2024-25","634","Coffee County","0195","Coffee County High School","All Students","Math Section Score - New","2004965.","44722","104","94","508","504.1","480.7","482"
"SAT","Highest","2024-25","634","Coffee County","0308","George Washington Carver Freshman Campus","All Students","Combined Test Score","2004965.","44722","104","TFS","1029","1037","995.9","TFS"
"SAT","Highest","2024-25","634","Coffee County","0308","George Washington Carver Freshman Campus","All Students","Evidence Based Reading and Writing - New","2004965.","44721","104","TFS","521","532.9","515.2","TFS"
"SAT","Highest","2024-25","634","Coffee County","0308","George Washington Carver Freshman Campus","All Students","Math Section Score - New","2004965.","44722","104","TFS","508","504.1","480.7","TFS"
"SAT","Highest","2024-25","635","Colquitt County","1554","Colquitt County High School","All Students","Combined Test Score","2004965.","44722","116","116","1029","1037","1023.2","1023.2"
"SAT","Highest","2024-25","635","Colquitt County","1554","Colquitt County High School","All Students","Essay Analysis Score - New","251537.0","9","TFS","TFS","3","3.2","TFS","TFS"
"SAT","Highest","2024-25","635","Colquitt County","1554","Colquitt County High School","All Students","Essay Reading Score - New","251537.0","9","TFS","TFS","4","4.9","TFS","TFS"
"SAT","Highest","2024-25","635","Colquitt County","1554","Colquitt County High School","All Students","Essay Total","251537.0","9","TFS","TFS","11","13.1","TFS","TFS"
"SAT","Highest","2024-25","635","Colquitt County","1554","Colquitt County High School","All Students","Essay Writing Score - New","251537.0","9","TFS","TFS","4","5","TFS","TFS"
"SAT","Highest","2024-25","635","Colquitt County","1554","Colquitt County High School","All Students","Evidence Based Reading and Writing - New","2004965.","44721","116","116","521","532.9","524.6","524.6"
"SAT","Highest","2024-25","635","Colquitt County","1554","Colquitt County High School","All Students","Math Section Score - New","2004965.","44722","116","116","508","504.1","498.6","498.6"
"SAT","Highest","2024-25","636","Columbia County","0112","Grovetown High School","All Students","Combined Test Score","2004965.","44722","837","153","1029","1037","1072.3","1040"
"SAT","Highest","2024-25","636","Columbia County","0112","Grovetown High School","All Students","Evidence Based Reading and Writing - New","2004965.","44721","837","153","521","532.9","551.1","534.8"
"SAT","Highest","2024-25","636","Columbia County","0112","Grovetown High School","All Students","Math Section Score - New","2004965.","44722","837","153","508","504.1","521.2","505.2"
"SAT","Highest","2024-25","636","Columbia County","0183","Harlem High School","All Students","Combined Test Score","2004965.","44722","837","66","1029","1037","1072.3","1015.8"
"SAT","Highest","2024-25","636","Columbia County","0183","Harlem High School","All Students","Evidence Based Reading and Writing - New","2004965.","44721","837","66","521","532.9","551.1","521.7"
"SAT","Highest","2024-25","636","Columbia County","0183","Harlem High School","All Students","Math Section Score - New","2004965.","44722","837","66","508","504.1","521.2","494.1"
"SAT","Highest","2024-25","636","Columbia County","0189","Lakeside High School","All Students","Combined Test Score","2004965.","44722","837","223","1029","1037","1072.3","1113.1"
"SAT","Highest","2024-25","636","Columbia County","0189","Lakeside High School","All Students","Evidence Based Reading and Writing - New","2004965.","44721","837","223","521","532.9","551.1","570.7"
"SAT","Highest","2024-25","636","Columbia County","0189","Lakeside High School","All Students","Math Section Score - New","2004965.","44722","837","223","508","504.1","521.2","542.4"
"SAT","Highest","2024-25","636","Columbia County","0197","Greenbrier High School","All Students","Combined Test Score","2004965.","44722","837","210","1029","1037","1072.3","1106.1"
"SAT","Highest","2024-25","636","Columbia County","0197","Greenbrier High School","All Students","Evidence Based Reading and Writing - New","2004965.","44721","837","210","521","532.9","551.1","566.5"
"SAT","Highest","2024-25","636","Columbia County","0197","Greenbrier High School","All Students","Math Section Score - New","2004965.","44722","837","210","508","504.1","521.2","539.6"
"SAT","Highest","2024-25","636","Columbia County","4050","Evans High School","All Students","Combined Test Score","2004965.","44722","837","185","1029","1037","1072.3","1031.6"
"SAT","Highest","2024-25","636","Columbia County","4050","Evans High School","All Students","Evidence Based Reading and Writing - New","2004965.","44721","837","185","521","532.9","551.1","533.7"
"SAT","Highest","2024-25","636","Columbia County","4050","Evans High School","All Students","Math Section Score - New","2004965.","44722","837","185","508","504.1","521.2","497.8"
"SAT","Highest","2024-25","637","Cook County","0111","Cook High School","All Students","Combined Test Score","2004965.","44722","66","66","1029","1037","976.1","976.1"
"SAT","Highest","2024-25","637","Cook County","0111","Cook High School","All Students","Evidence Based Reading and Writing - New","2004965.","44721","66","66","521","532.9","502.9","502.9"
"SAT","Highest","2024-25","637","Cook County","0111","Cook High School","All Students","Math Section Score - New","2004965.","44722","66","66","508","504.1","473.2","473.2"
"SAT","Highest","2024-25","638","Coweta County","0196","Northgate High School","All Students","Combined Test Score","2004965.","44722","564","147","1029","1037","1063.9","1092.9"
"SAT","Highest","2024-25","638","Coweta County","0196","Northgate High School","All Students","Evidence Based Reading and Writing - New","2004965.","44721","564","147","521","532.9","551.5","566.3"
"SAT","Highest","2024-25","638","Coweta County","0196","Northgate High School","All Students","Math Section Score - New","2004965.","44722","564","147","508","504.1","512.4","526.7"
"SAT","Highest","2024-25","638","Coweta County","0389","East Coweta High School","All Students","Combined Test Score","2004965.","44722","564","270","1029","1037","1063.9","1063.7"
"SAT","Highest","2024-25","638","Coweta County","0389","East Coweta High School","All Students","Evidence Based Reading and Writing - New","2004965.","44721","564","270","521","532.9","551.5","551"
"SAT","Highest","2024-25","638","Coweta County","0389","East Coweta High School","All Students","Math Section Score - New","2004965.","44722","564","270","508","504.1","512.4","512.7"
"SAT","Highest","2024-25","638","Coweta County","5054","Newnan High School","All Students","Combined Test Score","2004965.","44722","564","147","1029","1037","1063.9","1035.1"
"SAT","Highest","2024-25","638","Coweta County","5054","Newnan High School","All Students","Evidence Based Reading and Writing - New","2004965.","44721","564","147","521","532.9","551.5","537.6"
"SAT","Highest","2024-25","638","Coweta County","5054","Newnan High School","All Students","Math Section Score - New","2004965.","44722","564","147","508","504.1","512.4","497.5"
"SAT","Highest","2024-25","639","Crawford County","0193","Crawford County High School","All Students","Combined Test Score","2004965.","44722","28","28","1029","1037","918.6","918.6"
"SAT","Highest","2024-25","639","Crawford County","0193","Crawford County High School","All Students","Evidence Based Reading and Writing - New","2004965.","44721","28","28","521","532.9","487.1","487.1"
"SAT","Highest","2024-25","639","Crawford County","0193","Crawford County High School","All Students","Math Section Score - New","2004965.","44722","28","28","508","504.1","431.4","431.4"
"SAT","Highest","2024-25","640","Crisp County","0196","Crisp County High School","All Students","Combined Test Score","2004965.","44722","78","78","1029","1037","948.3","948.3"
"SAT","Highest","2024-25","640","Crisp County","0196","Crisp County High School","All Students","Evidence Based Reading and Writing - New","2004965.","44721","78","78","521","532.9","493.1","493.1"
"SAT","Highest","2024-25","640","Crisp County","0196","Crisp County High School","All Students","Math Section Score - New","2004965.","44722","78","78","508","504.1","455.3","455.3"
"SAT","Highest","2024-25","641","Dade County","0195","Dade County High School","All Students","Combined Test Score","2004965.","44722","16","16","1029","1037","1026.3","1026.3"
"SAT","Highest","2024-25","641","Dade County","0195","Dade County High School","All Students","Evidence Based Reading and Writing - New","2004965.","44721","16","16","521","532.9","546.3","546.3"
"SAT","Highest","2024-25","641","Dade County","0195","Dade County High School","All Students","Math Section Score - New","2004965.","44722","16","16","508","504.1","480","480"
"SAT","Highest","2024-25","642","Dawson County","0198","Dawson County High School","All Students","Combined Test Score","2004965.","44722","83","83","1029","1037","1039.5","1039.5"
"SAT","Highest","2024-25","642","Dawson County","0198","Dawson County High School","All Students","Evidence Based Reading and Writing - New","2004965.","44721","83","83","521","532.9","538.6","538.6"
"SAT","Highest","2024-25","642","Dawson County","0198","Dawson County High School","All Students","Math Section Score - New","2004965.","44722","83","83","508","504.1","501","501"
"SAT","Highest","2024-25","643","Decatur County","3050","Bainbridge High School","All Students","Combined Test Score","2004965.","44722","61","61","1029","1037","1041","1041"
"SAT","Highest","2024-25","643","Decatur County","3050","Bainbridge High School","All Students","Evidence Based Reading and Writing - New","2004965.","44721","61","61","521","532.9","536.6","536.6"
"SAT","Highest","2024-25","643","Decatur County","3050","Bainbridge High School","All Students","Math Section Score - New","2004965.","44722","61","61","508","504.1","504.4","504.4"
"SAT","Highest","2024-25","644","DeKalb County","0103","Martin Luther King, Jr. High School","All Students","Combined Test Score","2004965.","44722","4213.5","221","1029","1037","922.6","819.6"
"SAT","Highest","2024-25","644","DeKalb County","0103","Martin Luther King, Jr. High School","All Students","Evidence Based Reading and Writing - New","2004965.","44721","4213","221","521","532.9","474.6","423.2"
"SAT","Highest","2024-25","644","DeKalb County","0103","Martin Luther King, Jr. High School","All Students","Math Section Score - New","2004965.","44722","4214","221","508","504.1","447.9","396.4"
"SAT","Highest","2024-25","644","DeKalb County","0105","Miller Grove High School","All Students","Combined Test Score","2004965.","44722","4213.5","149","1029","1037","922.6","871.1"
"SAT","Highest","2024-25","644","DeKalb County","0105","Miller Grove High School","All Students","Evidence Based Reading and Writing - New","2004965.","44721","4213","149","521","532.9","474.6","450.6"
"SAT","Highest","2024-25","644","DeKalb County","0105","Miller Grove High School","All Students","Math Section Score - New","2004965.","44722","4214","149","508","504.1","447.9","420.5"
"SAT","Highest","2024-25","644","DeKalb County","0172","Cedar Grove High School","All Students","Combined Test Score","2004965.","44722","4213.5","165","1029","1037","922.6","851"
"SAT","Highest","2024-25","644","DeKalb County","0172","Cedar Grove High School","All Students","Evidence Based Reading and Writing - New","2004965.","44721","4213","165","521","532.9","474.6","429"
"SAT","Highest","2024-25","644","DeKalb County","0172","Cedar Grove High School","All Students","Math Section Score - New","2004965.","44722","4214","165","508","504.1","447.9","422"
"SAT","Highest","2024-25","644","DeKalb County","0176","Redan High School","All Students","Combined Test Score","2004965.","44722","4213.5","194","1029","1037","922.6","838.4"
"SAT","Highest","2024-25","644","DeKalb County","0176","Redan High School","All Students","Evidence Based Reading and Writing - New","2004965.","44721","4213","194","521","532.9","474.6","437.7"
"SAT","Highest","2024-25","644","DeKalb County","0176","Redan High School","All Students","Math Section Score - New","2004965.","44722","4214","194","508","504.1","447.9","400.7"
"SAT","Highest","2024-25","644","DeKalb County","0202","Lithonia High School","All Students","Combined Test Score","2004965.","44722","4213.5","250","1029","1037","922.6","847.3"
"SAT","Highest","2024-25","644","DeKalb County","0202","Lithonia High School","All Students","Evidence Based Reading and Writing - New","2004965.","44721","4213","250","521","532.9","474.6","437.5"
"SAT","Highest","2024-25","644","DeKalb County","0202","Lithonia High School","All Students","Math Section Score - New","2004965.","44722","4214","250","508","504.1","447.9","409.8"
"SAT","Highest","2024-25","644","DeKalb County","0276","Stone Mountain High School","All Students","Combined Test Score","2004965.","44722","4213.5","180.5","1029","1037","922.6","854.6"
"SAT","Highest","2024-25","644","DeKalb County","0276","Stone Mountain High School","All Students","Evidence Based Reading and Writing - New","2004965.","44721","4213","180","521","532.9","474.6","439.4"
"SAT","Highest","2024-25","644","DeKalb County","0276","Stone Mountain High School","All Students","Math Section Score - New","2004965.","44722","4214","181","508","504.1","447.9","415.2"
"SAT","Highest","2024-25","644","DeKalb County","0315","Tapestry Public Charter School","All Students","Combined Test Score","2004965.","44722","4213.5","25","1029","1037","922.6","938.4"
"SAT","Highest","2024-25","644","DeKalb County","0315","Tapestry Public Charter School","All Students","Evidence Based Reading and Writing - New","2004965.","44721","4213","25","521","532.9","474.6","497.2"
"SAT","Highest","2024-25","644","DeKalb County","0315","Tapestry Public Charter School","All Students","Math Section Score - New","2004965.","44722","4214","25","508","504.1","447.9","441.2"
"SAT","Highest","2024-25","644","DeKalb County","0407","Dekalb Early College Academy","All Students","Combined Test Score","2004965.","44722","4213.5","65","1029","1037","922.6","1160.3"
"SAT","Highest","2024-25","644","DeKalb County","0407","Dekalb Early College Academy","All Students","Evidence Based Reading and Writing - New","2004965.","44721","4213","65","521","532.9","474.6","588.6"
"SAT","Highest","2024-25","644","DeKalb County","0407","Dekalb Early College Academy","All Students","Math Section Score - New","2004965.","44722","4214","65","508","504.1","447.9","571.7"
"SAT","Highest","2024-25","644","DeKalb County","0410","DeKalb School of the Arts","All Students","Combined Test Score","2004965.","44722","4213.5","62","1029","1037","922.6","1097.6"
"SAT","Highest","2024-25","644","DeKalb County","0410","DeKalb School of the Arts","All Students","Evidence Based Reading and Writing - New","2004965.","44721","4213","62","521","532.9","474.6","583.7"
"SAT","Highest","2024-25","644","DeKalb County","0410","DeKalb School of the Arts","All Students","Math Section Score - New","2004965.","44722","4214","62","508","504.1","447.9","513.9"
"SAT","Highest","2024-25","644","DeKalb County","0497","Stephenson High School","All Students","Combined Test Score","2004965.","44722","4213.5","224","1029","1037","922.6","893.5"
"SAT","Highest","2024-25","644","DeKalb County","0497","Stephenson High School","All Students","Evidence Based Reading and Writing - New","2004965.","44721","4213","224","521","532.9","474.6","460.5"
"SAT","Highest","2024-25","644","DeKalb County","0497","Stephenson High School","All Students","Math Section Score - New","2004965.","44722","4214","224","508","504.1","447.9","433"
"SAT","Highest","2024-25","644","DeKalb County","0610","Arabia Mountain High School - Academy of Engineering, Medicine and Environm","All Students","Combined Test Score","2004965.","44722","4213.5","251","1029","1037","922.6","987.5"
"SAT","Highest","2024-25","644","DeKalb County","0610","Arabia Mountain High School - Academy of Engineering, Medicine and Environm","All Students","Evidence Based Reading and Writing - New","2004965.","44721","4213","251","521","532.9","474.6","513"
"SAT","Highest","2024-25","644","DeKalb County","0610","Arabia Mountain High School - Academy of Engineering, Medicine and Environm","All Students","Math Section Score - New","2004965.","44722","4214","251","508","504.1","447.9","474.5"
"SAT","Highest","2024-25","644","DeKalb County","0810","Elizabeth Andrews High School","All Students","Combined Test Score","2004965.","44722","4213.5","15","1029","1037","922.6","930.7"
"SAT","Highest","2024-25","644","DeKalb County","0810","Elizabeth Andrews High School","All Students","Evidence Based Reading and Writing - New","2004965.","44721","4213","15","521","532.9","474.6","483.3"
"SAT","Highest","2024-25","644","DeKalb County","0810","Elizabeth Andrews High School","All Students","Math Section Score - New","2004965.","44722","4214","15","508","504.1","447.9","447.3"
"SAT","Highest","2024-25","644","DeKalb County","1070","Tucker High School","All Students","Combined Test Score","2004965.","44722","4213.5","223","1029","1037","922.6","963.5"
"SAT","Highest","2024-25","644","DeKalb County","1070","Tucker High School","All Students","Evidence Based Reading and Writing - New","2004965.","44721","4213","223","521","532.9","474.6","489.8"
"SAT","Highest","2024-25","644","DeKalb County","1070","Tucker High School","All Students","Math Section Score - New","2004965.","44722","4214","223","508","504.1","447.9","473.7"
"SAT","Highest","2024-25","644","DeKalb County","2054","Columbia High School","All Students","Combined Test Score","2004965.","44722","4213.5","160","1029","1037","922.6","822.3"
"SAT","Highest","2024-25","644","DeKalb County","2054","Columbia High School","All Students","Evidence Based Reading and Writing - New","2004965.","44721","4213","160","521","532.9","474.6","414.3"
"SAT","Highest","2024-25","644","DeKalb County","2054","Columbia High School","All Students","Math Section Score - New","2004965.","44722","4214","160","508","504.1","447.9","408"
"SAT","Highest","2024-25","644","DeKalb County","2055","Druid Hills High School","All Students","Combined Test Score","2004965.","44722","4213.5","204","1029","1037","922.6","1044.3"
"SAT","Highest","2024-25","644","DeKalb County","2055","Druid Hills High School","All Students","Evidence Based Reading and Writing - New","2004965.","44721","4213","204","521","532.9","474.6","541"
"SAT","Highest","2024-25","644","DeKalb County","2055","Druid Hills High School","All Students","Math Section Score - New","2004965.","44722","4214","204","508","504.1","447.9","503.3"
"SAT","Highest","2024-25","644","DeKalb County","3060","Lakeside High School","All Students","Combined Test Score","2004965.","44722","4213.5","321","1029","1037","922.6","1013.1"
"SAT","Highest","2024-25","644","DeKalb County","3060","Lakeside High School","All Students","Evidence Based Reading and Writing - New","2004965.","44721","4213","321","521","532.9","474.6","521.6"
"SAT","Highest","2024-25","644","DeKalb County","3060","Lakeside High School","All Students","Math Section Score - New","2004965.","44722","4214","321","508","504.1","447.9","491.6"
"SAT","Highest","2024-25","644","DeKalb County","3070","McNair High School","All Students","Combined Test Score","2004965.","44722","4213.5","113","1029","1037","922.6","815.1"
"SAT","Highest","2024-25","644","DeKalb County","3070","McNair High School","All Students","Evidence Based Reading and Writing - New","2004965.","44721","4213","113","521","532.9","474.6","429.6"
"SAT","Highest","2024-25","644","DeKalb County","3070","McNair High School","All Students","Math Section Score - New","2004965.","44722","4214","113","508","504.1","447.9","385.6"
"SAT","Highest","2024-25","644","DeKalb County","4053","Clarkston High School","All Students","Combined Test Score","2004965.","44722","4213.5","211","1029","1037","922.6","860.1"
"SAT","Highest","2024-25","644","DeKalb County","4053","Clarkston High School","All Students","Evidence Based Reading and Writing - New","2004965.","44721","4213","211","521","532.9","474.6","435"
"SAT","Highest","2024-25","644","DeKalb County","4053","Clarkston High School","All Students","Math Section Score - New","2004965.","44722","4214","211","508","504.1","447.9","425.1"
"SAT","Highest","2024-25","644","DeKalb County","4054","Cross Keys High School","All Students","Combined Test Score","2004965.","44722","4213.5","261","1029","1037","922.6","852.6"
"SAT","Highest","2024-25","644","DeKalb County","4054","Cross Keys High School","All Students","Evidence Based Reading and Writing - New","2004965.","44721","4213","261","521","532.9","474.6","428.5"
"SAT","Highest","2024-25","644","DeKalb County","4054","Cross Keys High School","All Students","Math Section Score - New","2004965.","44722","4214","261","508","504.1","447.9","424.1"
"SAT","Highest","2024-25","644","DeKalb County","4069","Towers High School","All Students","Combined Test Score","2004965.","44722","4213.5","144","1029","1037","922.6","777.1"
"SAT","Highest","2024-25","644","DeKalb County","4069","Towers High School","All Students","Evidence Based Reading and Writing - New","2004965.","44721","4213","144","521","532.9","474.6","399.5"
"SAT","Highest","2024-25","644","DeKalb County","4069","Towers High School","All Students","Math Section Score - New","2004965.","44722","4214","144","508","504.1","447.9","377.6"
"SAT","Highest","2024-25","644","DeKalb County","5052","Chamblee High School","All Students","Combined Test Score","2004965.","44722","4213.5","299","1029","1037","922.6","1103.3"
"SAT","Highest","2024-25","644","DeKalb County","5052","Chamblee High School","All Students","Evidence Based Reading and Writing - New","2004965.","44721","4213","299","521","532.9","474.6","563.3"
"SAT","Highest","2024-25","644","DeKalb County","5052","Chamblee High School","All Students","Math Section Score - New","2004965.","44722","4214","299","508","504.1","447.9","539.9"
"SAT","Highest","2024-25","644","DeKalb County","5055","Dunwoody High School","All Students","Combined Test Score","2004965.","44722","4213.5","265","1029","1037","922.6","993.7"
"SAT","Highest","2024-25","644","DeKalb County","5055","Dunwoody High School","All Students","Evidence Based Reading and Writing - New","2004965.","44721","4213","265","521","532.9","474.6","513.2"
"SAT","Highest","2024-25","644","DeKalb County","5055","Dunwoody High School","All Students","Math Section Score - New","2004965.","44722","4214","265","508","504.1","447.9","480.5"
"SAT","Highest","2024-25","644","DeKalb County","5067","Southwest DeKalb High School","All Students","Combined Test Score","2004965.","44722","4213.5","211","1029","1037","922.6","911.2"
"SAT","Highest","2024-25","644","DeKalb County","5067","Southwest DeKalb High School","All Students","Evidence Based Reading and Writing - New","2004965.","44721","4213","211","521","532.9","474.6","479.9"
"SAT","Highest","2024-25","644","DeKalb County","5067","Southwest DeKalb High School","All Students","Math Section Score - New","2004965.","44722","4214","211","508","504.1","447.9","431.3"
"SAT","Highest","2024-25","645","Dodge County","0103","Dodge County High School","All Students","Combined Test Score","2004965.","44722","31","31","1029","1037","1066.1","1066.1"
"SAT","Highest","2024-25","645","Dodge County","0103","Dodge County High School","All Students","Evidence Based Reading and Writing - New","2004965.","44721","31","31","521","532.9","556.8","556.8"
"SAT","Highest","2024-25","645","Dodge County","0103","Dodge County High School","All Students","Math Section Score - New","2004965.","44722","31","31","508","504.1","509.4","509.4"
"SAT","Highest","2024-25","646","Dooly County","0182","Dooly County High School","All Students","Combined Test Score","2004965.","44722","TFS","TFS","1029","1037","TFS","TFS"
"SAT","Highest","2024-25","646","Dooly County","0182","Dooly County High School","All Students","Evidence Based Reading and Writing - New","2004965.","44721","TFS","TFS","521","532.9","TFS","TFS"
"SAT","Highest","2024-25","646","Dooly County","0182","Dooly County High School","All Students","Math Section Score - New","2004965.","44722","TFS","TFS","508","504.1","TFS","TFS"
"SAT","Highest","2024-25","647","Dougherty County","1058","Monroe High School","All Students","Combined Test Score","2004965.","44722","518","107","1029","1037","848","834.3"
"SAT","Highest","2024-25","647","Dougherty County","1058","Monroe High School","All Students","Evidence Based Reading and Writing - New","2004965.","44721","518","107","521","532.9","442.4","438.3"
"SAT","Highest","2024-25","647","Dougherty County","1058","Monroe High School","All Students","Math Section Score - New","2004965.","44722","518","107","508","504.1","405.6","396"
"SAT","Highest","2024-25","647","Dougherty County","2052","Dougherty Comprehensive High School","All Students","Combined Test Score","2004965.","44722","518","197","1029","1037","848","808.6"
"SAT","Highest","2024-25","647","Dougherty County","2052","Dougherty Comprehensive High School","All Students","Essay Analysis Score - New","251537.0","9","TFS","TFS","3","3.2","TFS","TFS"
"SAT","Highest","2024-25","647","Dougherty County","2052","Dougherty Comprehensive High School","All Students","Essay Reading Score - New","251537.0","9","TFS","TFS","4","4.9","TFS","TFS"
"SAT","Highest","2024-25","647","Dougherty County","2052","Dougherty Comprehensive High School","All Students","Essay Total","251537.0","9","TFS","TFS","11","13.1","TFS","TFS"
"SAT","Highest","2024-25","647","Dougherty County","2052","Dougherty Comprehensive High School","All Students","Essay Writing Score - New","251537.0","9","TFS","TFS","4","5","TFS","TFS"
"SAT","Highest","2024-25","647","Dougherty County","2052","Dougherty Comprehensive High School","All Students","Evidence Based Reading and Writing - New","2004965.","44721","518","197","521","532.9","442.4","423.9"
"SAT","Highest","2024-25","647","Dougherty County","2052","Dougherty Comprehensive High School","All Students","Math Section Score - New","2004965.","44722","518","197","508","504.1","405.6","384.7"
"SAT","Highest","2024-25","647","Dougherty County","4062","Westover High School","All Students","Combined Test Score","2004965.","44722","518","214","1029","1037","848","891.2"
"SAT","Highest","2024-25","647","Dougherty County","4062","Westover High School","All Students","Evidence Based Reading and Writing - New","2004965.","44721","518","214","521","532.9","442.4","461.4"
"SAT","Highest","2024-25","647","Dougherty County","4062","Westover High School","All Students","Math Section Score - New","2004965.","44722","518","214","508","504.1","405.6","429.7"
"SAT","Highest","2024-25","648","Douglas County","0100","Chapel Hill High School","All Students","Combined Test Score","2004965.","44722","790","208","1029","1037","994","988.2"
"SAT","Highest","2024-25","648","Douglas County","0100","Chapel Hill High School","All Students","Evidence Based Reading and Writing - New","2004965.","44721","790","208","521","532.9","519.6","517.8"
"SAT","Highest","2024-25","648","Douglas County","0100","Chapel Hill High School","All Students","Math Section Score - New","2004965.","44722","790","208","508","504.1","474.4","470.4"
"SAT","Highest","2024-25","648","Douglas County","0175","Lithia Springs Comprehensive High School","All Students","Combined Test Score","2004965.","44722","790","92","1029","1037","994","961.1"
"SAT","Highest","2024-25","648","Douglas County","0175","Lithia Springs Comprehensive High School","All Students","Evidence Based Reading and Writing - New","2004965.","44721","790","92","521","532.9","519.6","500.2"
"SAT","Highest","2024-25","648","Douglas County","0175","Lithia Springs Comprehensive High School","All Students","Math Section Score - New","2004965.","44722","790","92","508","504.1","474.4","460.9"
"SAT","Highest","2024-25","648","Douglas County","0187","Alexander High School","All Students","Combined Test Score","2004965.","44722","790","160","1029","1037","994","1044.7"
"SAT","Highest","2024-25","648","Douglas County","0187","Alexander High School","All Students","Evidence Based Reading and Writing - New","2004965.","44721","790","160","521","532.9","519.6","546.6"
"SAT","Highest","2024-25","648","Douglas County","0187","Alexander High School","All Students","Math Section Score - New","2004965.","44722","790","160","508","504.1","474.4","498.1"
"SAT","Highest","2024-25","648","Douglas County","0212","New Manchester High School","All Students","Combined Test Score","2004965.","44722","790","160","1029","1037","994","960.4"
"SAT","Highest","2024-25","648","Douglas County","0212","New Manchester High School","All Students","Evidence Based Reading and Writing - New","2004965.","44721","790","160","521","532.9","519.6","507.3"
"SAT","Highest","2024-25","648","Douglas County","0212","New Manchester High School","All Students","Math Section Score - New","2004965.","44722","790","160","508","504.1","474.4","453.2"
"SAT","Highest","2024-25","648","Douglas County","4050","Douglas County High School","All Students","Combined Test Score","2004965.","44722","790","170","1029","1037","994","1002.9"
"SAT","Highest","2024-25","648","Douglas County","4050","Douglas County High School","All Students","Evidence Based Reading and Writing - New","2004965.","44721","790","170","521","532.9","519.6","518.5"
"SAT","Highest","2024-25","648","Douglas County","4050","Douglas County High School","All Students","Math Section Score - New","2004965.","44722","790","170","508","504.1","474.4","484.4"
"SAT","Highest","2024-25","649","Early County","2050","Early County High School","All Students","Combined Test Score","2004965.","44722","41","41","1029","1037","883.4","883.4"
"SAT","Highest","2024-25","649","Early County","2050","Early County High School","All Students","Evidence Based Reading and Writing - New","2004965.","44721","41","41","521","532.9","449.3","449.3"
"SAT","Highest","2024-25","649","Early County","2050","Early County High School","All Students","Math Section Score - New","2004965.","44722","41","41","508","504.1","434.1","434.1"
"SAT","Highest","2024-25","650","Echols County","1050","Echols County High School","All Students","Combined Test Score","2004965.","44722","TFS","TFS","1029","1037","TFS","TFS"
"SAT","Highest","2024-25","650","Echols County","1050","Echols County High School","All Students","Evidence Based Reading and Writing - New","2004965.","44721","TFS","TFS","521","532.9","TFS","TFS"
"SAT","Highest","2024-25","650","Echols County","1050","Echols County High School","All Students","Math Section Score - New","2004965.","44722","TFS","TFS","508","504.1","TFS","TFS"
"SAT","Highest","2024-25","651","Effingham County","0197","South Effingham High School","All Students","Combined Test Score","2004965.","44722","282","146","1029","1037","1060.4","1076.8"
"SAT","Highest","2024-25","651","Effingham County","0197","South Effingham High School","All Students","Evidence Based Reading and Writing - New","2004965.","44721","282","146","521","532.9","543.9","554.3"
"SAT","Highest","2024-25","651","Effingham County","0197","South Effingham High School","All Students","Math Section Score - New","2004965.","44722","282","146","508","504.1","516.5","522.5"
"SAT","Highest","2024-25","651","Effingham County","0390","Effingham County High School","All Students","Combined Test Score","2004965.","44722","282","136","1029","1037","1060.4","1042.8"
"SAT","Highest","2024-25","651","Effingham County","0390","Effingham County High School","All Students","Evidence Based Reading and Writing - New","2004965.","44721","282","136","521","532.9","543.9","532.7"
"SAT","Highest","2024-25","651","Effingham County","0390","Effingham County High School","All Students","Math Section Score - New","2004965.","44722","282","136","508","504.1","516.5","510.1"
"SAT","Highest","2024-25","652","Elbert County","0176","Elbert County High School","All Students","Combined Test Score","2004965.","44722","44","44","1029","1037","1026.4","1026.4"
"SAT","Highest","2024-25","652","Elbert County","0176","Elbert County High School","All Students","Evidence Based Reading and Writing - New","2004965.","44721","44","44","521","532.9","535.2","535.2"
"SAT","Highest","2024-25","652","Elbert County","0176","Elbert County High School","All Students","Math Section Score - New","2004965.","44722","44","44","508","504.1","491.1","491.1"
"SAT","Highest","2024-25","653","Emanuel County","0189","Swainsboro High School","All Students","Combined Test Score","2004965.","44722","81","43","1029","1037","990.4","1004.9"
"SAT","Highest","2024-25","653","Emanuel County","0189","Swainsboro High School","All Students","Evidence Based Reading and Writing - New","2004965.","44721","81","43","521","532.9","515.3","521.2"
"SAT","Highest","2024-25","653","Emanuel County","0189","Swainsboro High School","All Students","Math Section Score - New","2004965.","44722","81","43","508","504.1","475.1","483.7"
"SAT","Highest","2024-25","653","Emanuel County","2050","Emanuel County Institute","All Students","Combined Test Score","2004965.","44722","81","38","1029","1037","990.4","973.9"
"SAT","Highest","2024-25","653","Emanuel County","2050","Emanuel County Institute","All Students","Evidence Based Reading and Writing - New","2004965.","44721","81","38","521","532.9","515.3","508.7"
"SAT","Highest","2024-25","653","Emanuel County","2050","Emanuel County Institute","All Students","Math Section Score - New","2004965.","44722","81","38","508","504.1","475.1","465.3"
"SAT","Highest","2024-25","654","Evans County","2050","Claxton High School","All Students","Combined Test Score","2004965.","44722","14","14","1029","1037","975","975"
"SAT","Highest","2024-25","654","Evans County","2050","Claxton High School","All Students","Evidence Based Reading and Writing - New","2004965.","44721","14","14","521","532.9","505.7","505.7"
"SAT","Highest","2024-25","654","Evans County","2050","Claxton High School","All Students","Math Section Score - New","2004965.","44722","14","14","508","504.1","469.3","469.3"
"SAT","Highest","2024-25","655","Fannin County","0176","Fannin County High School","All Students","Combined Test Score","2004965.","44722","61","61","1029","1037","1039.8","1039.8"
"SAT","Highest","2024-25","655","Fannin County","0176","Fannin County High School","All Students","Evidence Based Reading and Writing - New","2004965.","44721","61","61","521","532.9","533","533"
"SAT","Highest","2024-25","655","Fannin County","0176","Fannin County High School","All Students","Math Section Score - New","2004965.","44722","61","61","508","504.1","506.9","506.9"
"SAT","Highest","2024-25","656","Fayette County","0105","Whitewater High School","All Students","Combined Test Score","2004965.","44722","776","142","1029","1037","1104.8","1103.9"
"SAT","Highest","2024-25","656","Fayette County","0105","Whitewater High School","All Students","Evidence Based Reading and Writing - New","2004965.","44721","776","142","521","532.9","562.7","560.2"
"SAT","Highest","2024-25","656","Fayette County","0105","Whitewater High School","All Students","Math Section Score - New","2004965.","44722","776","142","508","504.1","542","543.7"
"SAT","Highest","2024-25","656","Fayette County","0182","McIntosh High School","All Students","Combined Test Score","2004965.","44722","776","217","1029","1037","1104.8","1156.9"
"SAT","Highest","2024-25","656","Fayette County","0182","McIntosh High School","All Students","Evidence Based Reading and Writing - New","2004965.","44721","776","217","521","532.9","562.7","589.6"
"SAT","Highest","2024-25","656","Fayette County","0182","McIntosh High School","All Students","Math Section Score - New","2004965.","44722","776","217","508","504.1","542","567.3"
"SAT","Highest","2024-25","656","Fayette County","0192","Sandy Creek High School","All Students","Combined Test Score","2004965.","44722","776","114","1029","1037","1104.8","1036.1"
"SAT","Highest","2024-25","656","Fayette County","0192","Sandy Creek High School","All Students","Essay Analysis Score - New","251537.0","9","TFS","TFS","3","3.2","TFS","TFS"
"SAT","Highest","2024-25","656","Fayette County","0192","Sandy Creek High School","All Students","Essay Reading Score - New","251537.0","9","TFS","TFS","4","4.9","TFS","TFS"
"SAT","Highest","2024-25","656","Fayette County","0192","Sandy Creek High School","All Students","Essay Total","251537.0","9","TFS","TFS","11","13.1","TFS","TFS"
"SAT","Highest","2024-25","656","Fayette County","0192","Sandy Creek High School","All Students","Essay Writing Score - New","251537.0","9","TFS","TFS","4","5","TFS","TFS"
"SAT","Highest","2024-25","656","Fayette County","0192","Sandy Creek High School","All Students","Evidence Based Reading and Writing - New","2004965.","44721","776","114","521","532.9","562.7","531.3"
"SAT","Highest","2024-25","656","Fayette County","0192","Sandy Creek High School","All Students","Math Section Score - New","2004965.","44722","776","114","508","504.1","542","504.7"
"SAT","Highest","2024-25","656","Fayette County","0198","Starrs Mill High School","All Students","Combined Test Score","2004965.","44722","776","143","1029","1037","1104.8","1157.2"
"SAT","Highest","2024-25","656","Fayette County","0198","Starrs Mill High School","All Students","Evidence Based Reading and Writing - New","2004965.","44721","776","143","521","532.9","562.7","585.5"
"SAT","Highest","2024-25","656","Fayette County","0198","Starrs Mill High School","All Students","Math Section Score - New","2004965.","44722","776","143","508","504.1","542","571.7"
"SAT","Highest","2024-25","656","Fayette County","0398","Fayette County High School","All Students","Combined Test Score","2004965.","44722","776","160","1029","1037","1104.8","1036.9"
"SAT","Highest","2024-25","656","Fayette County","0398","Fayette County High School","All Students","Evidence Based Reading and Writing - New","2004965.","44721","776","160","521","532.9","562.7","530.4"
"SAT","Highest","2024-25","656","Fayette County","0398","Fayette County High School","All Students","Math Section Score - New","2004965.","44722","776","160","508","504.1","542","506.4"
"SAT","Highest","2024-25","657","Floyd County","0107","Pepperell High School","All Students","Combined Test Score","2004965.","44722","125","27","1029","1037","1072.9","1064.8"
"SAT","Highest","2024-25","657","Floyd County","0107","Pepperell High School","All Students","Evidence Based Reading and Writing - New","2004965.","44721","125","27","521","532.9","550.5","542.6"
"SAT","Highest","2024-25","657","Floyd County","0107","Pepperell High School","All Students","Math Section Score - New","2004965.","44722","125","27","508","504.1","522.4","522.2"
"SAT","Highest","2024-25","657","Floyd County","0111","Model High","All Students","Combined Test Score","2004965.","44722","125","45","1029","1037","1072.9","1054.2"
"SAT","Highest","2024-25","657","Floyd County","0111","Model High","All Students","Evidence Based Reading and Writing - New","2004965.","44721","125","45","521","532.9","550.5","534.4"
"SAT","Highest","2024-25","657","Floyd County","0111","Model High","All Students","Math Section Score - New","2004965.","44722","125","45","508","504.1","522.4","519.8"
"SAT","Highest","2024-25","657","Floyd County","0303","Armuchee Middle School","All Students","Combined Test Score","2004965.","44722","125","TFS","1029","1037","1072.9","TFS"
"SAT","Highest","2024-25","657","Floyd County","0303","Armuchee Middle School","All Students","Evidence Based Reading and Writing - New","2004965.","44721","125","TFS","521","532.9","550.5","TFS"
"SAT","Highest","2024-25","657","Floyd County","0303","Armuchee Middle School","All Students","Math Section Score - New","2004965.","44722","125","TFS","508","504.1","522.4","TFS"
"SAT","Highest","2024-25","657","Floyd County","0401","Armuchee High School","All Students","Combined Test Score","2004965.","44722","125","33","1029","1037","1072.9","1125.2"
"SAT","Highest","2024-25","657","Floyd County","0401","Armuchee High School","All Students","Evidence Based Reading and Writing - New","2004965.","44721","125","33","521","532.9","550.5","582.1"
"SAT","Highest","2024-25","657","Floyd County","0401","Armuchee High School","All Students","Math Section Score - New","2004965.","44722","125","33","508","504.1","522.4","543"
"SAT","Highest","2024-25","657","Floyd County","5050","Coosa High School","All Students","Combined Test Score","2004965.","44722","125","19","1029","1037","1072.9","1050"
"SAT","Highest","2024-25","657","Floyd County","5050","Coosa High School","All Students","Evidence Based Reading and Writing - New","2004965.","44721","125","19","521","532.9","550.5","551.6"
"SAT","Highest","2024-25","657","Floyd County","5050","Coosa High School","All Students","Math Section Score - New","2004965.","44722","125","19","508","504.1","522.4","498.4"
"SAT","Highest","2024-25","658","Forsyth County","0107","West Forsyth High School","All Students","Combined Test Score","2004965.","44722","1922","274","1029","1037","1147","1112.1"
"SAT","Highest","2024-25","658","Forsyth County","0107","West Forsyth High School","All Students","Evidence Based Reading and Writing - New","2004965.","44721","1922","274","521","532.9","581.5","571.2"
"SAT","Highest","2024-25","658","Forsyth County","0107","West Forsyth High School","All Students","Math Section Score - New","2004965.","44722","1922","274","508","504.1","565.5","540.9"
"SAT","Highest","2024-25","658","Forsyth County","0190","South Forsyth High School","All Students","Combined Test Score","2004965.","44722","1922","255","1029","1037","1147","1181"
"SAT","Highest","2024-25","658","Forsyth County","0190","South Forsyth High School","All Students","Evidence Based Reading and Writing - New","2004965.","44721","1922","255","521","532.9","581.5","596"
"SAT","Highest","2024-25","658","Forsyth County","0190","South Forsyth High School","All Students","Math Section Score - New","2004965.","44722","1922","255","508","504.1","565.5","585"
"SAT","Highest","2024-25","658","Forsyth County","0195","North Forsyth High School","All Students","Combined Test Score","2004965.","44722","1922","211","1029","1037","1147","1076.7"
"SAT","Highest","2024-25","658","Forsyth County","0195","North Forsyth High School","All Students","Evidence Based Reading and Writing - New","2004965.","44721","1922","211","521","532.9","581.5","554.1"
"SAT","Highest","2024-25","658","Forsyth County","0195","North Forsyth High School","All Students","Math Section Score - New","2004965.","44722","1922","211","508","504.1","565.5","522.6"
"SAT","Highest","2024-25","658","Forsyth County","0214","Lambert High School","All Students","Combined Test Score","2004965.","44722","1922","392","1029","1037","1147","1204"
"SAT","Highest","2024-25","658","Forsyth County","0214","Lambert High School","All Students","Evidence Based Reading and Writing - New","2004965.","44721","1922","392","521","532.9","581.5","601.8"
"SAT","Highest","2024-25","658","Forsyth County","0214","Lambert High School","All Students","Math Section Score - New","2004965.","44722","1922","392","508","504.1","565.5","602.3"
"SAT","Highest","2024-25","658","Forsyth County","0218","Forsyth Academy","All Students","Combined Test Score","2004965.","44722","1922","TFS","1029","1037","1147","TFS"
"SAT","Highest","2024-25","658","Forsyth County","0218","Forsyth Academy","All Students","Evidence Based Reading and Writing - New","2004965.","44721","1922","TFS","521","532.9","581.5","TFS"
"SAT","Highest","2024-25","658","Forsyth County","0218","Forsyth Academy","All Students","Math Section Score - New","2004965.","44722","1922","TFS","508","504.1","565.5","TFS"
"SAT","Highest","2024-25","658","Forsyth County","0219","Forsyth Virtual Academy","All Students","Combined Test Score","2004965.","44722","1922","TFS","1029","1037","1147","TFS"
"SAT","Highest","2024-25","658","Forsyth County","0219","Forsyth Virtual Academy","All Students","Evidence Based Reading and Writing - New","2004965.","44721","1922","TFS","521","532.9","581.5","TFS"
"SAT","Highest","2024-25","658","Forsyth County","0219","Forsyth Virtual Academy","All Students","Math Section Score - New","2004965.","44722","1922","TFS","508","504.1","565.5","TFS"
"SAT","Highest","2024-25","658","Forsyth County","0701","Alliance Academy for Innovation","All Students","Combined Test Score","2004965.","44722","1922","130","1029","1037","1147","1227.2"
"SAT","Highest","2024-25","658","Forsyth County","0701","Alliance Academy for Innovation","All Students","Evidence Based Reading and Writing - New","2004965.","44721","1922","130","521","532.9","581.5","619.5"
"SAT","Highest","2024-25","658","Forsyth County","0701","Alliance Academy for Innovation","All Students","Math Section Score - New","2004965.","44722","1922","130","508","504.1","565.5","607.7"
"SAT","Highest","2024-25","658","Forsyth County","0702","Denmark High School","All Students","Combined Test Score","2004965.","44722","1922","266","1029","1037","1147","1156.7"
"SAT","Highest","2024-25","658","Forsyth County","0702","Denmark High School","All Students","Evidence Based Reading and Writing - New","2004965.","44721","1922","266","521","532.9","581.5","581.1"
"SAT","Highest","2024-25","658","Forsyth County","0702","Denmark High School","All Students","Math Section Score - New","2004965.","44722","1922","266","508","504.1","565.5","575.6"
"SAT","Highest","2024-25","658","Forsyth County","0704","East Forsyth High School","All Students","Combined Test Score","2004965.","44722","1922","154","1029","1037","1147","1078.7"
"SAT","Highest","2024-25","658","Forsyth County","0704","East Forsyth High School","All Students","Evidence Based Reading and Writing - New","2004965.","44721","1922","154","521","532.9","581.5","553.1"
"SAT","Highest","2024-25","658","Forsyth County","0704","East Forsyth High School","All Students","Math Section Score - New","2004965.","44722","1922","154","508","504.1","565.5","525.6"
"SAT","Highest","2024-25","658","Forsyth County","5050","Forsyth Central High School","All Students","Combined Test Score","2004965.","44722","1922","234","1029","1037","1147","1110.9"
"SAT","Highest","2024-25","658","Forsyth County","5050","Forsyth Central High School","All Students","Evidence Based Reading and Writing - New","2004965.","44721","1922","234","521","532.9","581.5","567.6"
"SAT","Highest","2024-25","658","Forsyth County","5050","Forsyth Central High School","All Students","Math Section Score - New","2004965.","44722","1922","234","508","504.1","565.5","543.2"
"SAT","Highest","2024-25","659","Franklin County","3050","Franklin County High School","All Students","Combined Test Score","2004965.","44722","72","72","1029","1037","1056.3","1056.3"
"SAT","Highest","2024-25","659","Franklin County","3050","Franklin County High School","All Students","Evidence Based Reading and Writing - New","2004965.","44721","72","72","521","532.9","544","544"
"SAT","Highest","2024-25","659","Franklin County","3050","Franklin County High School","All Students","Math Section Score - New","2004965.","44722","72","72","508","504.1","512.2","512.2"
"SAT","Highest","2024-25","660","Fulton County","0106","Milton High School","All Students","Combined Test Score","2004965.","44722","4167.5","225","1029","1037","1034","1125.1"
"SAT","Highest","2024-25","660","Fulton County","0106","Milton High School","All Students","Evidence Based Reading and Writing - New","2004965.","44721","4168","225","521","532.9","527.9","577.9"
"SAT","Highest","2024-25","660","Fulton County","0106","Milton High School","All Students","Math Section Score - New","2004965.","44722","4167","225","508","504.1","506.1","547.2"
"SAT","Highest","2024-25","660","Fulton County","0118","Hapeville Charter Career Academy","All Students","Combined Test Score","2004965.","44722","4167.5","105","1029","1037","1034","870.6"
"SAT","Highest","2024-25","660","Fulton County","0118","Hapeville Charter Career Academy","All Students","Evidence Based Reading and Writing - New","2004965.","44721","4168","105","521","532.9","527.9","451.9"
"SAT","Highest","2024-25","660","Fulton County","0118","Hapeville Charter Career Academy","All Students","Math Section Score - New","2004965.","44722","4167","105","508","504.1","506.1","418.7"
"SAT","Highest","2024-25","660","Fulton County","0119","Cambridge High School","All Students","Combined Test Score","2004965.","44722","4167.5","263","1029","1037","1034","1129.8"
"SAT","Highest","2024-25","660","Fulton County","0119","Cambridge High School","All Students","Evidence Based Reading and Writing - New","2004965.","44721","4168","263","521","532.9","527.9","574.9"
"SAT","Highest","2024-25","660","Fulton County","0119","Cambridge High School","All Students","Math Section Score - New","2004965.","44722","4167","263","508","504.1","506.1","554.9"
"SAT","Highest","2024-25","660","Fulton County","0176","Banneker High School","All Students","Combined Test Score","2004965.","44722","4167.5","150","1029","1037","1034","867.5"
"SAT","Highest","2024-25","660","Fulton County","0176","Banneker High School","All Students","Evidence Based Reading and Writing - New","2004965.","44721","4168","150","521","532.9","527.9","451.4"
"SAT","Highest","2024-25","660","Fulton County","0176","Banneker High School","All Students","Math Section Score - New","2004965.","44722","4167","150","508","504.1","506.1","416.1"
"SAT","Highest","2024-25","660","Fulton County","0191","Roswell High School","All Students","Combined Test Score","2004965.","44722","4167.5","248.5","1029","1037","1034","1083.6"
"SAT","Highest","2024-25","660","Fulton County","0191","Roswell High School","All Students","Evidence Based Reading and Writing - New","2004965.","44721","4168","249","521","532.9","527.9","554.8"
"SAT","Highest","2024-25","660","Fulton County","0191","Roswell High School","All Students","Math Section Score - New","2004965.","44722","4167","248","508","504.1","506.1","528.8"
"SAT","Highest","2024-25","660","Fulton County","0198","Centennial High School","All Students","Combined Test Score","2004965.","44722","4167.5","209","1029","1037","1034","1046.6"
"SAT","Highest","2024-25","660","Fulton County","0198","Centennial High School","All Students","Evidence Based Reading and Writing - New","2004965.","44721","4168","209","521","532.9","527.9","536.7"
"SAT","Highest","2024-25","660","Fulton County","0198","Centennial High School","All Students","Math Section Score - New","2004965.","44722","4167","209","508","504.1","506.1","509.9"
"SAT","Highest","2024-25","660","Fulton County","0203","Northview High School","All Students","Combined Test Score","2004965.","44722","4167.5","266","1029","1037","1034","1208.5"
"SAT","Highest","2024-25","660","Fulton County","0203","Northview High School","All Students","Evidence Based Reading and Writing - New","2004965.","44721","4168","266","521","532.9","527.9","602.1"
"SAT","Highest","2024-25","660","Fulton County","0203","Northview High School","All Students","Math Section Score - New","2004965.","44722","4167","266","508","504.1","506.1","606.4"
"SAT","Highest","2024-25","660","Fulton County","0205","Alpharetta High School","All Students","Combined Test Score","2004965.","44722","4167.5","263","1029","1037","1034","1155.9"
"SAT","Highest","2024-25","660","Fulton County","0205","Alpharetta High School","All Students","Essay Analysis Score - New","251537.0","9","TFS","TFS","3","3.2","TFS","TFS"
"SAT","Highest","2024-25","660","Fulton County","0205","Alpharetta High School","All Students","Essay Reading Score - New","251537.0","9","TFS","TFS","4","4.9","TFS","TFS"
"SAT","Highest","2024-25","660","Fulton County","0205","Alpharetta High School","All Students","Essay Total","251537.0","9","TFS","TFS","11","13.1","TFS","TFS"
"SAT","Highest","2024-25","660","Fulton County","0205","Alpharetta High School","All Students","Essay Writing Score - New","251537.0","9","TFS","TFS","4","5","TFS","TFS"
"SAT","Highest","2024-25","660","Fulton County","0205","Alpharetta High School","All Students","Evidence Based Reading and Writing - New","2004965.","44721","4168","263","521","532.9","527.9","583.2"
"SAT","Highest","2024-25","660","Fulton County","0205","Alpharetta High School","All Students","Math Section Score - New","2004965.","44722","4167","263","508","504.1","506.1","572.7"
"SAT","Highest","2024-25","660","Fulton County","0289","Woodland Middle School","All Students","Combined Test Score","2004965.","44722","4167.5","TFS","1029","1037","1034","TFS"
"SAT","Highest","2024-25","660","Fulton County","0289","Woodland Middle School","All Students","Evidence Based Reading and Writing - New","2004965.","44721","4168","TFS","521","532.9","527.9","TFS"
"SAT","Highest","2024-25","660","Fulton County","0289","Woodland Middle School","All Students","Math Section Score - New","2004965.","44722","4167","TFS","508","504.1","506.1","TFS"
"SAT","Highest","2024-25","660","Fulton County","0291","Creekside High School","All Students","Combined Test Score","2004965.","44722","4167.5","274","1029","1037","1034","853.9"
"SAT","Highest","2024-25","660","Fulton County","0291","Creekside High School","All Students","Evidence Based Reading and Writing - New","2004965.","44721","4168","274","521","532.9","527.9","435.5"
"SAT","Highest","2024-25","660","Fulton County","0291","Creekside High School","All Students","Math Section Score - New","2004965.","44722","4167","274","508","504.1","506.1","418.4"
"SAT","Highest","2024-25","660","Fulton County","0386","Independence High School","All Students","Combined Test Score","2004965.","44722","4167.5","13","1029","1037","1034","882.3"
"SAT","Highest","2024-25","660","Fulton County","0386","Independence High School","All Students","Evidence Based Reading and Writing - New","2004965.","44721","4168","13","521","532.9","527.9","457.7"
"SAT","Highest","2024-25","660","Fulton County","0386","Independence High School","All Students","Math Section Score - New","2004965.","44722","4167","13","508","504.1","506.1","424.6"
"SAT","Highest","2024-25","660","Fulton County","0392","Chattahoochee High School","All Students","Combined Test Score","2004965.","44722","4167.5","181","1029","1037","1034","1206.2"
"SAT","Highest","2024-25","660","Fulton County","0392","Chattahoochee High School","All Students","Evidence Based Reading and Writing - New","2004965.","44721","4168","181","521","532.9","527.9","599"
"SAT","Highest","2024-25","660","Fulton County","0392","Chattahoochee High School","All Students","Math Section Score - New","2004965.","44722","4167","181","508","504.1","506.1","607.2"
"SAT","Highest","2024-25","660","Fulton County","0691","Tri-Cities High School","All Students","Combined Test Score","2004965.","44722","4167.5","247","1029","1037","1034","830.6"
"SAT","Highest","2024-25","660","Fulton County","0691","Tri-Cities High School","All Students","Evidence Based Reading and Writing - New","2004965.","44721","4168","247","521","532.9","527.9","432.9"
"SAT","Highest","2024-25","660","Fulton County","0691","Tri-Cities High School","All Students","Math Section Score - New","2004965.","44722","4167","247","508","504.1","506.1","397.7"
"SAT","Highest","2024-25","660","Fulton County","0910","Johns Creek High School","All Students","Combined Test Score","2004965.","44722","4167.5","245","1029","1037","1034","1176.3"
"SAT","Highest","2024-25","660","Fulton County","0910","Johns Creek High School","All Students","Essay Analysis Score - New","251537.0","9","TFS","TFS","3","3.2","TFS","TFS"
"SAT","Highest","2024-25","660","Fulton County","0910","Johns Creek High School","All Students","Essay Reading Score - New","251537.0","9","TFS","TFS","4","4.9","TFS","TFS"
"SAT","Highest","2024-25","660","Fulton County","0910","Johns Creek High School","All Students","Essay Total","251537.0","9","TFS","TFS","11","13.1","TFS","TFS"
"SAT","Highest","2024-25","660","Fulton County","0910","Johns Creek High School","All Students","Essay Writing Score - New","251537.0","9","TFS","TFS","4","5","TFS","TFS"
"SAT","Highest","2024-25","660","Fulton County","0910","Johns Creek High School","All Students","Evidence Based Reading and Writing - New","2004965.","44721","4168","245","521","532.9","527.9","595.3"
"SAT","Highest","2024-25","660","Fulton County","0910","Johns Creek High School","All Students","Math Section Score - New","2004965.","44722","4167","245","508","504.1","506.1","581"
"SAT","Highest","2024-25","660","Fulton County","1110","Langston Hughes High School","All Students","Combined Test Score","2004965.","44722","4167.5","319","1029","1037","1034","853.9"
"SAT","Highest","2024-25","660","Fulton County","1110","Langston Hughes High School","All Students","Evidence Based Reading and Writing - New","2004965.","44721","4168","319","521","532.9","527.9","440"
"SAT","Highest","2024-25","660","Fulton County","1110","Langston Hughes High School","All Students","Math Section Score - New","2004965.","44722","4167","319","508","504.1","506.1","413.9"
"SAT","Highest","2024-25","660","Fulton County","1322","Innovation Academy","All Students","Combined Test Score","2004965.","44722","4167.5","239","1029","1037","1034","1243.6"
"SAT","Highest","2024-25","660","Fulton County","1322","Innovation Academy","All Students","Evidence Based Reading and Writing - New","2004965.","44721","4168","239","521","532.9","527.9","625.3"
"SAT","Highest","2024-25","660","Fulton County","1322","Innovation Academy","All Students","Math Section Score - New","2004965.","44722","4167","239","508","504.1","506.1","618.3"
"SAT","Highest","2024-25","660","Fulton County","1323","Global Impact Academy","All Students","Combined Test Score","2004965.","44722","4167.5","127","1029","1037","1034","993.9"
"SAT","Highest","2024-25","660","Fulton County","1323","Global Impact Academy","All Students","Evidence Based Reading and Writing - New","2004965.","44721","4168","127","521","532.9","527.9","520.1"
"SAT","Highest","2024-25","660","Fulton County","1323","Global Impact Academy","All Students","Math Section Score - New","2004965.","44722","4167","127","508","504.1","506.1","473.9"
"SAT","Highest","2024-25","660","Fulton County","3066","Riverwood International Charter School","All Students","Combined Test Score","2004965.","44722","4167.5","180","1029","1037","1034","1033.9"
"SAT","Highest","2024-25","660","Fulton County","3066","Riverwood International Charter School","All Students","Evidence Based Reading and Writing - New","2004965.","44721","4168","180","521","532.9","527.9","532.9"
"SAT","Highest","2024-25","660","Fulton County","3066","Riverwood International Charter School","All Students","Math Section Score - New","2004965.","44722","4167","180","508","504.1","506.1","501.1"
"SAT","Highest","2024-25","660","Fulton County","4062","North Springs High School","All Students","Combined Test Score","2004965.","44722","4167.5","181","1029","1037","1034","954.9"
"SAT","Highest","2024-25","660","Fulton County","4062","North Springs High School","All Students","Evidence Based Reading and Writing - New","2004965.","44721","4168","181","521","532.9","527.9","494"
"SAT","Highest","2024-25","660","Fulton County","4062","North Springs High School","All Students","Math Section Score - New","2004965.","44722","4167","181","508","504.1","506.1","460.9"
"SAT","Highest","2024-25","660","Fulton County","5069","Westlake High School","All Students","Combined Test Score","2004965.","44722","4167.5","430","1029","1037","1034","954.3"
"SAT","Highest","2024-25","660","Fulton County","5069","Westlake High School","All Students","Evidence Based Reading and Writing - New","2004965.","44721","4168","430","521","532.9","527.9","491.8"
"SAT","Highest","2024-25","660","Fulton County","5069","Westlake High School","All Students","Math Section Score - New","2004965.","44722","4167","430","508","504.1","506.1","462.5"
"SAT","Highest","2024-25","661","Gilmer County","0196","Gilmer High School","All Students","Combined Test Score","2004965.","44722","66","66","1029","1037","1033.9","1033.9"
"SAT","Highest","2024-25","661","Gilmer County","0196","Gilmer High School","All Students","Evidence Based Reading and Writing - New","2004965.","44721","66","66","521","532.9","527.9","527.9"
"SAT","Highest","2024-25","661","Gilmer County","0196","Gilmer High School","All Students","Math Section Score - New","2004965.","44722","66","66","508","504.1","506.1","506.1"
"SAT","Highest","2024-25","662","Glascock County","0196","Glascock County Middle/High School","All Students","Combined Test Score","2004965.","44722","11","11","1029","1037","1006.4","1006.4"
"SAT","Highest","2024-25","662","Glascock County","0196","Glascock County Middle/High School","All Students","Evidence Based Reading and Writing - New","2004965.","44721","11","11","521","532.9","503.6","503.6"
"SAT","Highest","2024-25","662","Glascock County","0196","Glascock County Middle/High School","All Students","Math Section Score - New","2004965.","44722","11","11","508","504.1","502.7","502.7"
"SAT","Highest","2024-25","663","Glynn County","3552","Brunswick High School","All Students","Combined Test Score","2004965.","44722","258","103","1029","1037","1088.9","1004.8"
"SAT","Highest","2024-25","663","Glynn County","3552","Brunswick High School","All Students","Evidence Based Reading and Writing - New","2004965.","44721","258","103","521","532.9","565.5","524.2"
"SAT","Highest","2024-25","663","Glynn County","3552","Brunswick High School","All Students","Math Section Score - New","2004965.","44722","258","103","508","504.1","523.4","480.6"
"SAT","Highest","2024-25","663","Glynn County","4752","Glynn Academy","All Students","Combined Test Score","2004965.","44722","258","155","1029","1037","1088.9","1144.8"
"SAT","Highest","2024-25","663","Glynn County","4752","Glynn Academy","All Students","Evidence Based Reading and Writing - New","2004965.","44721","258","155","521","532.9","565.5","593"
"SAT","Highest","2024-25","663","Glynn County","4752","Glynn Academy","All Students","Math Section Score - New","2004965.","44722","258","155","508","504.1","523.4","551.8"
"SAT","Highest","2024-25","664","Gordon County","0106","Sonoraville High School","All Students","Combined Test Score","2004965.","44722","89","60","1029","1037","1017.4","1017"
"SAT","Highest","2024-25","664","Gordon County","0106","Sonoraville High School","All Students","Evidence Based Reading and Writing - New","2004965.","44721","89","60","521","532.9","523.1","523.7"
"SAT","Highest","2024-25","664","Gordon County","0106","Sonoraville High School","All Students","Math Section Score - New","2004965.","44722","89","60","508","504.1","494.3","493.3"
"SAT","Highest","2024-25","664","Gordon County","0286","Gordon Central High School","All Students","Combined Test Score","2004965.","44722","89","29","1029","1037","1017.4","1018.3"
"SAT","Highest","2024-25","664","Gordon County","0286","Gordon Central High School","All Students","Evidence Based Reading and Writing - New","2004965.","44721","89","29","521","532.9","523.1","522.1"
"SAT","Highest","2024-25","664","Gordon County","0286","Gordon Central High School","All Students","Math Section Score - New","2004965.","44722","89","29","508","504.1","494.3","496.2"
"SAT","Highest","2024-25","665","Grady County","1050","Cairo High School","All Students","Combined Test Score","2004965.","44722","79","79","1029","1037","959.7","959.7"
"SAT","Highest","2024-25","665","Grady County","1050","Cairo High School","All Students","Evidence Based Reading and Writing - New","2004965.","44721","79","79","521","532.9","497.7","497.7"
"SAT","Highest","2024-25","665","Grady County","1050","Cairo High School","All Students","Math Section Score - New","2004965.","44722","79","79","508","504.1","462","462"
"SAT","Highest","2024-25","666","Greene County","0401","Greene County High School","All Students","Combined Test Score","2004965.","44722","10","10","1029","1037","973","973"
"SAT","Highest","2024-25","666","Greene County","0401","Greene County High School","All Students","Evidence Based Reading and Writing - New","2004965.","44721","10","10","521","532.9","497","497"
"SAT","Highest","2024-25","666","Greene County","0401","Greene County High School","All Students","Math Section Score - New","2004965.","44722","10","10","508","504.1","476","476"
"SAT","Highest","2024-25","667","Gwinnett County","0101","Grayson High School","All Students","Combined Test Score","2004965.","44722","4964","312","1029","1037","1109.9","1061.1"
"SAT","Highest","2024-25","667","Gwinnett County","0101","Grayson High School","All Students","Evidence Based Reading and Writing - New","2004965.","44721","4964","312","521","532.9","556.5","537.5"
"SAT","Highest","2024-25","667","Gwinnett County","0101","Grayson High School","All Students","Math Section Score - New","2004965.","44722","4964","312","508","504.1","553.4","523.6"
"SAT","Highest","2024-25","667","Gwinnett County","0103","Norcross High School","All Students","Combined Test Score","2004965.","44722","4964","147","1029","1037","1109.9","1055.6"
"SAT","Highest","2024-25","667","Gwinnett County","0103","Norcross High School","All Students","Evidence Based Reading and Writing - New","2004965.","44721","4964","147","521","532.9","556.5","531.2"
"SAT","Highest","2024-25","667","Gwinnett County","0103","Norcross High School","All Students","Math Section Score - New","2004965.","44722","4964","147","508","504.1","553.4","524.4"
"SAT","Highest","2024-25","667","Gwinnett County","0105","Mill Creek High School","All Students","Combined Test Score","2004965.","44722","4964","275","1029","1037","1109.9","1136.5"
"SAT","Highest","2024-25","667","Gwinnett County","0105","Mill Creek High School","All Students","Evidence Based Reading and Writing - New","2004965.","44721","4964","275","521","532.9","556.5","568.4"
"SAT","Highest","2024-25","667","Gwinnett County","0105","Mill Creek High School","All Students","Math Section Score - New","2004965.","44722","4964","275","508","504.1","553.4","568.1"
"SAT","Highest","2024-25","667","Gwinnett County","0176","Parkview High School","All Students","Combined Test Score","2004965.","44722","4964","309","1029","1037","1109.9","1103.5"
"SAT","Highest","2024-25","667","Gwinnett County","0176","Parkview High School","All Students","Evidence Based Reading and Writing - New","2004965.","44721","4964","309","521","532.9","556.5","556.4"
"SAT","Highest","2024-25","667","Gwinnett County","0176","Parkview High School","All Students","Math Section Score - New","2004965.","44722","4964","309","508","504.1","553.4","547"
"SAT","Highest","2024-25","667","Gwinnett County","0182","Brookwood High School","All Students","Combined Test Score","2004965.","44722","4964","434","1029","1037","1109.9","1154.8"
"SAT","Highest","2024-25","667","Gwinnett County","0182","Brookwood High School","All Students","Evidence Based Reading and Writing - New","2004965.","44721","4964","434","521","532.9","556.5","578"
"SAT","Highest","2024-25","667","Gwinnett County","0182","Brookwood High School","All Students","Math Section Score - New","2004965.","44722","4964","434","508","504.1","553.4","576.8"
"SAT","Highest","2024-25","667","Gwinnett County","0185","Shiloh High School","All Students","Combined Test Score","2004965.","44722","4964","151","1029","1037","1109.9","994.8"
"SAT","Highest","2024-25","667","Gwinnett County","0185","Shiloh High School","All Students","Evidence Based Reading and Writing - New","2004965.","44721","4964","151","521","532.9","556.5","507.5"
"SAT","Highest","2024-25","667","Gwinnett County","0185","Shiloh High School","All Students","Math Section Score - New","2004965.","44722","4964","151","508","504.1","553.4","487.3"
"SAT","Highest","2024-25","667","Gwinnett County","0187","Meadowcreek High School","All Students","Combined Test Score","2004965.","44722","4964","119","1029","1037","1109.9","1008.4"
"SAT","Highest","2024-25","667","Gwinnett County","0187","Meadowcreek High School","All Students","Evidence Based Reading and Writing - New","2004965.","44721","4964","119","521","532.9","556.5","505.9"
"SAT","Highest","2024-25","667","Gwinnett County","0187","Meadowcreek High School","All Students","Math Section Score - New","2004965.","44722","4964","119","508","504.1","553.4","502.5"
"SAT","Highest","2024-25","667","Gwinnett County","0189","Phoenix High School","All Students","Combined Test Score","2004965.","44722","4964","TFS","1029","1037","1109.9","TFS"
"SAT","Highest","2024-25","667","Gwinnett County","0189","Phoenix High School","All Students","Evidence Based Reading and Writing - New","2004965.","44721","4964","TFS","521","532.9","556.5","TFS"
"SAT","Highest","2024-25","667","Gwinnett County","0189","Phoenix High School","All Students","Math Section Score - New","2004965.","44722","4964","TFS","508","504.1","553.4","TFS"
"SAT","Highest","2024-25","667","Gwinnett County","0195","Collins Hill High School","All Students","Combined Test Score","2004965.","44722","4964","176","1029","1037","1109.9","1099.8"
"SAT","Highest","2024-25","667","Gwinnett County","0195","Collins Hill High School","All Students","Evidence Based Reading and Writing - New","2004965.","44721","4964","176","521","532.9","556.5","549.4"
"SAT","Highest","2024-25","667","Gwinnett County","0195","Collins Hill High School","All Students","Math Section Score - New","2004965.","44722","4964","176","508","504.1","553.4","550.4"
"SAT","Highest","2024-25","667","Gwinnett County","0198","Crews Middle School","All Students","Combined Test Score","2004965.","44722","4964","TFS","1029","1037","1109.9","TFS"
"SAT","Highest","2024-25","667","Gwinnett County","0198","Crews Middle School","All Students","Evidence Based Reading and Writing - New","2004965.","44721","4964","TFS","521","532.9","556.5","TFS"
"SAT","Highest","2024-25","667","Gwinnett County","0198","Crews Middle School","All Students","Math Section Score - New","2004965.","44722","4964","TFS","508","504.1","553.4","TFS"
"SAT","Highest","2024-25","667","Gwinnett County","0304","Berkmar Middle School","All Students","Combined Test Score","2004965.","44722","4964","TFS","1029","1037","1109.9","TFS"
"SAT","Highest","2024-25","667","Gwinnett County","0304","Berkmar Middle School","All Students","Evidence Based Reading and Writing - New","2004965.","44721","4964","TFS","521","532.9","556.5","TFS"
"SAT","Highest","2024-25","667","Gwinnett County","0304","Berkmar Middle School","All Students","Math Section Score - New","2004965.","44722","4964","TFS","508","504.1","553.4","TFS"
"SAT","Highest","2024-25","667","Gwinnett County","0380","Dacula Middle School","All Students","Combined Test Score","2004965.","44722","4964","TFS","1029","1037","1109.9","TFS"
"SAT","Highest","2024-25","667","Gwinnett County","0380","Dacula Middle School","All Students","Evidence Based Reading and Writing - New","2004965.","44721","4964","TFS","521","532.9","556.5","TFS"
"SAT","Highest","2024-25","667","Gwinnett County","0380","Dacula Middle School","All Students","Math Section Score - New","2004965.","44722","4964","TFS","508","504.1","553.4","TFS"
"SAT","Highest","2024-25","667","Gwinnett County","0805","Peachtree Ridge High School","All Students","Combined Test Score","2004965.","44722","4964","356","1029","1037","1109.9","1141.1"
"SAT","Highest","2024-25","667","Gwinnett County","0805","Peachtree Ridge High School","All Students","Evidence Based Reading and Writing - New","2004965.","44721","4964","356","521","532.9","556.5","567.9"
"SAT","Highest","2024-25","667","Gwinnett County","0805","Peachtree Ridge High School","All Students","Math Section Score - New","2004965.","44722","4964","356","508","504.1","553.4","573.2"
"SAT","Highest","2024-25","667","Gwinnett County","1018","Lanier High School","All Students","Combined Test Score","2004965.","44722","4964","159","1029","1037","1109.9","1114"
"SAT","Highest","2024-25","667","Gwinnett County","1018","Lanier High School","All Students","Evidence Based Reading and Writing - New","2004965.","44721","4964","159","521","532.9","556.5","562.2"
"SAT","Highest","2024-25","667","Gwinnett County","1018","Lanier High School","All Students","Math Section Score - New","2004965.","44722","4964","159","508","504.1","553.4","551.8"
"SAT","Highest","2024-25","667","Gwinnett County","1019","Gwinnett School of Mathematics, Science and Technology","All Students","Combined Test Score","2004965.","44722","4964","193","1029","1037","1109.9","1342.5"
"SAT","Highest","2024-25","667","Gwinnett County","1019","Gwinnett School of Mathematics, Science and Technology","All Students","Evidence Based Reading and Writing - New","2004965.","44721","4964","193","521","532.9","556.5","667.3"
"SAT","Highest","2024-25","667","Gwinnett County","1019","Gwinnett School of Mathematics, Science and Technology","All Students","Math Section Score - New","2004965.","44722","4964","193","508","504.1","553.4","675.2"
"SAT","Highest","2024-25","667","Gwinnett County","1050","Berkmar High School","All Students","Combined Test Score","2004965.","44722","4964","134","1029","1037","1109.9","986.1"
"SAT","Highest","2024-25","667","Gwinnett County","1050","Berkmar High School","All Students","Evidence Based Reading and Writing - New","2004965.","44721","4964","134","521","532.9","556.5","491.9"
"SAT","Highest","2024-25","667","Gwinnett County","1050","Berkmar High School","All Students","Math Section Score - New","2004965.","44722","4964","134","508","504.1","553.4","494.2"
"SAT","Highest","2024-25","667","Gwinnett County","1212","Gwinnett Online Campus","All Students","Combined Test Score","2004965.","44722","4964","38","1029","1037","1109.9","1057.9"
"SAT","Highest","2024-25","667","Gwinnett County","1212","Gwinnett Online Campus","All Students","Evidence Based Reading and Writing - New","2004965.","44721","4964","38","521","532.9","556.5","544.7"
"SAT","Highest","2024-25","667","Gwinnett County","1212","Gwinnett Online Campus","All Students","Math Section Score - New","2004965.","44722","4964","38","508","504.1","553.4","513.2"
"SAT","Highest","2024-25","667","Gwinnett County","1410","Mountain View High School","All Students","Combined Test Score","2004965.","44722","4964","211","1029","1037","1109.9","1126.4"
"SAT","Highest","2024-25","667","Gwinnett County","1410","Mountain View High School","All Students","Evidence Based Reading and Writing - New","2004965.","44721","4964","211","521","532.9","556.5","561.1"
"SAT","Highest","2024-25","667","Gwinnett County","1410","Mountain View High School","All Students","Math Section Score - New","2004965.","44722","4964","211","508","504.1","553.4","565.2"
"SAT","Highest","2024-25","667","Gwinnett County","1710","Archer High School","All Students","Combined Test Score","2004965.","44722","4964","320","1029","1037","1109.9","1094.9"
"SAT","Highest","2024-25","667","Gwinnett County","1710","Archer High School","All Students","Evidence Based Reading and Writing - New","2004965.","44721","4964","320","521","532.9","556.5","554.2"
"SAT","Highest","2024-25","667","Gwinnett County","1710","Archer High School","All Students","Math Section Score - New","2004965.","44722","4964","320","508","504.1","553.4","540.7"
"SAT","Highest","2024-25","667","Gwinnett County","1814","Discovery High School","All Students","Combined Test Score","2004965.","44722","4964","158","1029","1037","1109.9","1033.4"
"SAT","Highest","2024-25","667","Gwinnett County","1814","Discovery High School","All Students","Essay Analysis Score - New","251537.0","9","TFS","TFS","3","3.2","TFS","TFS"
"SAT","Highest","2024-25","667","Gwinnett County","1814","Discovery High School","All Students","Essay Reading Score - New","251537.0","9","TFS","TFS","4","4.9","TFS","TFS"
"SAT","Highest","2024-25","667","Gwinnett County","1814","Discovery High School","All Students","Essay Total","251537.0","9","TFS","TFS","11","13.1","TFS","TFS"
"SAT","Highest","2024-25","667","Gwinnett County","1814","Discovery High School","All Students","Essay Writing Score - New","251537.0","9","TFS","TFS","4","5","TFS","TFS"
"SAT","Highest","2024-25","667","Gwinnett County","1814","Discovery High School","All Students","Evidence Based Reading and Writing - New","2004965.","44721","4964","158","521","532.9","556.5","518"
"SAT","Highest","2024-25","667","Gwinnett County","1814","Discovery High School","All Students","Math Section Score - New","2004965.","44722","4964","158","508","504.1","553.4","515.4"
"SAT","Highest","2024-25","667","Gwinnett County","1818","Paul Duke STEM High School","All Students","Combined Test Score","2004965.","44722","4964","104","1029","1037","1109.9","1144.8"
"SAT","Highest","2024-25","667","Gwinnett County","1818","Paul Duke STEM High School","All Students","Evidence Based Reading and Writing - New","2004965.","44721","4964","104","521","532.9","556.5","570.3"
"SAT","Highest","2024-25","667","Gwinnett County","1818","Paul Duke STEM High School","All Students","Math Section Score - New","2004965.","44722","4964","104","508","504.1","553.4","574.5"
"SAT","Highest","2024-25","667","Gwinnett County","1819","McClure Health Science High School","All Students","Combined Test Score","2004965.","44722","4964","100","1029","1037","1109.9","1083.4"
"SAT","Highest","2024-25","667","Gwinnett County","1819","McClure Health Science High School","All Students","Evidence Based Reading and Writing - New","2004965.","44721","4964","100","521","532.9","556.5","542.9"
"SAT","Highest","2024-25","667","Gwinnett County","1819","McClure Health Science High School","All Students","Math Section Score - New","2004965.","44722","4964","100","508","504.1","553.4","540.5"
"SAT","Highest","2024-25","667","Gwinnett County","1820","Seckinger High School","All Students","Combined Test Score","2004965.","44722","4964","202","1029","1037","1109.9","1119.4"
"SAT","Highest","2024-25","667","Gwinnett County","1820","Seckinger High School","All Students","Evidence Based Reading and Writing - New","2004965.","44721","4964","202","521","532.9","556.5","558.4"
"SAT","Highest","2024-25","667","Gwinnett County","1820","Seckinger High School","All Students","Math Section Score - New","2004965.","44722","4964","202","508","504.1","553.4","561"
"SAT","Highest","2024-25","667","Gwinnett County","2558","South Gwinnett High School","All Students","Combined Test Score","2004965.","44722","4964","130","1029","1037","1109.9","1003.2"
"SAT","Highest","2024-25","667","Gwinnett County","2558","South Gwinnett High School","All Students","Evidence Based Reading and Writing - New","2004965.","44721","4964","130","521","532.9","556.5","516.2"
"SAT","Highest","2024-25","667","Gwinnett County","2558","South Gwinnett High School","All Students","Math Section Score - New","2004965.","44722","4964","130","508","504.1","553.4","487.1"
"SAT","Highest","2024-25","667","Gwinnett County","3750","Central Gwinnett High School","All Students","Combined Test Score","2004965.","44722","4964","144","1029","1037","1109.9","1072"
"SAT","Highest","2024-25","667","Gwinnett County","3750","Central Gwinnett High School","All Students","Evidence Based Reading and Writing - New","2004965.","44721","4964","144","521","532.9","556.5","544.4"
"SAT","Highest","2024-25","667","Gwinnett County","3750","Central Gwinnett High School","All Students","Math Section Score - New","2004965.","44722","4964","144","508","504.1","553.4","527.6"
"SAT","Highest","2024-25","667","Gwinnett County","4052","Dacula High School","All Students","Combined Test Score","2004965.","44722","4964","183","1029","1037","1109.9","1064.4"
"SAT","Highest","2024-25","667","Gwinnett County","4052","Dacula High School","All Students","Evidence Based Reading and Writing - New","2004965.","44721","4964","183","521","532.9","556.5","539.3"
"SAT","Highest","2024-25","667","Gwinnett County","4052","Dacula High School","All Students","Math Section Score - New","2004965.","44722","4964","183","508","504.1","553.4","525"
"SAT","Highest","2024-25","667","Gwinnett County","4556","North Gwinnett High School","All Students","Combined Test Score","2004965.","44722","4964","411","1029","1037","1109.9","1205.6"
"SAT","Highest","2024-25","667","Gwinnett County","4556","North Gwinnett High School","All Students","Evidence Based Reading and Writing - New","2004965.","44721","4964","411","521","532.9","556.5","594.2"
"SAT","Highest","2024-25","667","Gwinnett County","4556","North Gwinnett High School","All Students","Math Section Score - New","2004965.","44722","4964","411","508","504.1","553.4","611.4"
"SAT","Highest","2024-25","667","Gwinnett County","5550","Duluth High School","All Students","Combined Test Score","2004965.","44722","4964","189","1029","1037","1109.9","1063"
"SAT","Highest","2024-25","667","Gwinnett County","5550","Duluth High School","All Students","Evidence Based Reading and Writing - New","2004965.","44721","4964","189","521","532.9","556.5","529.7"
"SAT","Highest","2024-25","667","Gwinnett County","5550","Duluth High School","All Students","Math Section Score - New","2004965.","44722","4964","189","508","504.1","553.4","533.2"
"SAT","Highest","2024-25","668","Habersham County","2052","Habersham Central High School","All Students","Combined Test Score","2004965.","44722","109","109","1029","1037","1082","1082"
"SAT","Highest","2024-25","668","Habersham County","2052","Habersham Central High School","All Students","Evidence Based Reading and Writing - New","2004965.","44721","109","109","521","532.9","557.4","557.4"
"SAT","Highest","2024-25","668","Habersham County","2052","Habersham Central High School","All Students","Math Section Score - New","2004965.","44722","109","109","508","504.1","524.6","524.6"
"SAT","Highest","2024-25","669","Hall County","0102","Chestatee High School","All Students","Combined Test Score","2004965.","44722","611","78","1029","1037","1038.5","1043.6"
"SAT","Highest","2024-25","669","Hall County","0102","Chestatee High School","All Students","Evidence Based Reading and Writing - New","2004965.","44721","611","78","521","532.9","534.7","539.2"
"SAT","Highest","2024-25","669","Hall County","0102","Chestatee High School","All Students","Math Section Score - New","2004965.","44722","611","78","508","504.1","503.9","504.4"
"SAT","Highest","2024-25","669","Hall County","0105","Lanier College and Career Academy","All Students","Combined Test Score","2004965.","44722","611","TFS","1029","1037","1038.5","TFS"
"SAT","Highest","2024-25","669","Hall County","0105","Lanier College and Career Academy","All Students","Evidence Based Reading and Writing - New","2004965.","44721","611","TFS","521","532.9","534.7","TFS"
"SAT","Highest","2024-25","669","Hall County","0105","Lanier College and Career Academy","All Students","Math Section Score - New","2004965.","44722","611","TFS","508","504.1","503.9","TFS"
"SAT","Highest","2024-25","669","Hall County","0189","West Hall High School","All Students","Combined Test Score","2004965.","44722","611","72","1029","1037","1038.5","978.6"
"SAT","Highest","2024-25","669","Hall County","0189","West Hall High School","All Students","Evidence Based Reading and Writing - New","2004965.","44721","611","72","521","532.9","534.7","501.9"
"SAT","Highest","2024-25","669","Hall County","0189","West Hall High School","All Students","Math Section Score - New","2004965.","44722","611","72","508","504.1","503.9","476.7"
"SAT","Highest","2024-25","669","Hall County","0202","Flowery Branch High","All Students","Combined Test Score","2004965.","44722","611","129","1029","1037","1038.5","1057.4"
"SAT","Highest","2024-25","669","Hall County","0202","Flowery Branch High","All Students","Evidence Based Reading and Writing - New","2004965.","44721","611","129","521","532.9","534.7","546"
"SAT","Highest","2024-25","669","Hall County","0202","Flowery Branch High","All Students","Math Section Score - New","2004965.","44722","611","129","508","504.1","503.9","511.5"
"SAT","Highest","2024-25","669","Hall County","0391","Cherokee Bluff High School","All Students","Combined Test Score","2004965.","44722","611","134","1029","1037","1038.5","1050.5"
"SAT","Highest","2024-25","669","Hall County","0391","Cherokee Bluff High School","All Students","Evidence Based Reading and Writing - New","2004965.","44721","611","134","521","532.9","534.7","538.1"
"SAT","Highest","2024-25","669","Hall County","0391","Cherokee Bluff High School","All Students","Math Section Score - New","2004965.","44722","611","134","508","504.1","503.9","512.4"
"SAT","Highest","2024-25","669","Hall County","1552","East Hall High School","All Students","Combined Test Score","2004965.","44722","611","49","1029","1037","1038.5","986.1"
"SAT","Highest","2024-25","669","Hall County","1552","East Hall High School","All Students","Evidence Based Reading and Writing - New","2004965.","44721","611","49","521","532.9","534.7","512"
"SAT","Highest","2024-25","669","Hall County","1552","East Hall High School","All Students","Math Section Score - New","2004965.","44722","611","49","508","504.1","503.9","474.1"
"SAT","Highest","2024-25","669","Hall County","1556","North Hall High School","All Students","Combined Test Score","2004965.","44722","611","86","1029","1037","1038.5","1076.9"
"SAT","Highest","2024-25","669","Hall County","1556","North Hall High School","All Students","Evidence Based Reading and Writing - New","2004965.","44721","611","86","521","532.9","534.7","550.6"
"SAT","Highest","2024-25","669","Hall County","1556","North Hall High School","All Students","Math Section Score - New","2004965.","44722","611","86","508","504.1","503.9","526.3"
"SAT","Highest","2024-25","669","Hall County","4752","Johnson High School","All Students","Combined Test Score","2004965.","44722","611","61","1029","1037","1038.5","1031.5"
"SAT","Highest","2024-25","669","Hall County","4752","Johnson High School","All Students","Evidence Based Reading and Writing - New","2004965.","44721","611","61","521","532.9","534.7","534.6"
"SAT","Highest","2024-25","669","Hall County","4752","Johnson High School","All Students","Math Section Score - New","2004965.","44722","611","61","508","504.1","503.9","496.9"
"SAT","Highest","2024-25","670","Hancock County","0288","Hancock Central High School","All Students","Combined Test Score","2004965.","44722","13","13","1029","1037","867.7","867.7"
"SAT","Highest","2024-25","670","Hancock County","0288","Hancock Central High School","All Students","Evidence Based Reading and Writing - New","2004965.","44721","13","13","521","532.9","456.2","456.2"
"SAT","Highest","2024-25","670","Hancock County","0288","Hancock Central High School","All Students","Math Section Score - New","2004965.","44722","13","13","508","504.1","411.5","411.5"
"SAT","Highest","2024-25","671","Haralson County","3050","Haralson County High School","All Students","Combined Test Score","2004965.","44722","74","74","1029","1037","978.8","978.8"
"SAT","Highest","2024-25","671","Haralson County","3050","Haralson County High School","All Students","Evidence Based Reading and Writing - New","2004965.","44721","74","74","521","532.9","505.7","505.7"
"SAT","Highest","2024-25","671","Haralson County","3050","Haralson County High School","All Students","Math Section Score - New","2004965.","44722","74","74","508","504.1","473.1","473.1"
"SAT","Highest","2024-25","672","Harris County","0299","Harris County High School","All Students","Combined Test Score","2004965.","44722","107","107","1029","1037","1109.8","1109.8"
"SAT","Highest","2024-25","672","Harris County","0299","Harris County High School","All Students","Evidence Based Reading and Writing - New","2004965.","44721","107","107","521","532.9","575","575"
"SAT","Highest","2024-25","672","Harris County","0299","Harris County High School","All Students","Math Section Score - New","2004965.","44722","107","107","508","504.1","534.9","534.9"
"SAT","Highest","2024-25","673","Hart County","3050","Hart County High School","All Students","Combined Test Score","2004965.","44722","89","89","1029","1037","1023.7","1023.7"
"SAT","Highest","2024-25","673","Hart County","3050","Hart County High School","All Students","Evidence Based Reading and Writing - New","2004965.","44721","89","89","521","532.9","533","533"
"SAT","Highest","2024-25","673","Hart County","3050","Hart County High School","All Students","Math Section Score - New","2004965.","44722","89","89","508","504.1","490.7","490.7"
"SAT","Highest","2024-25","674","Heard County","0110","Heard County High School","All Students","Combined Test Score","2004965.","44722","54","54","1029","1037","1025.2","1025.2"
"SAT","Highest","2024-25","674","Heard County","0110","Heard County High School","All Students","Evidence Based Reading and Writing - New","2004965.","44721","54","54","521","532.9","538.1","538.1"
"SAT","Highest","2024-25","674","Heard County","0110","Heard County High School","All Students","Math Section Score - New","2004965.","44722","54","54","508","504.1","487","487"
"SAT","Highest","2024-25","675","Henry County","0101","Union Grove High","All Students","Combined Test Score","2004965.","44722","1490","197","1029","1037","979.9","1064.5"
"SAT","Highest","2024-25","675","Henry County","0101","Union Grove High","All Students","Evidence Based Reading and Writing - New","2004965.","44721","1490","197","521","532.9","509.4","547"
"SAT","Highest","2024-25","675","Henry County","0101","Union Grove High","All Students","Math Section Score - New","2004965.","44722","1490","197","508","504.1","470.5","517.5"
"SAT","Highest","2024-25","675","Henry County","0104","Luella High School","All Students","Combined Test Score","2004965.","44722","1490","172","1029","1037","979.9","927.4"
"SAT","Highest","2024-25","675","Henry County","0104","Luella High School","All Students","Evidence Based Reading and Writing - New","2004965.","44721","1490","172","521","532.9","509.4","485"
"SAT","Highest","2024-25","675","Henry County","0104","Luella High School","All Students","Math Section Score - New","2004965.","44722","1490","172","508","504.1","470.5","442.4"
"SAT","Highest","2024-25","675","Henry County","0105","Dutchtown High","All Students","Combined Test Score","2004965.","44722","1490","178","1029","1037","979.9","969.1"
"SAT","Highest","2024-25","675","Henry County","0105","Dutchtown High","All Students","Evidence Based Reading and Writing - New","2004965.","44721","1490","178","521","532.9","509.4","499.2"
"SAT","Highest","2024-25","675","Henry County","0105","Dutchtown High","All Students","Math Section Score - New","2004965.","44722","1490","178","508","504.1","470.5","469.9"
"SAT","Highest","2024-25","675","Henry County","0195","Patrick Henry High School","All Students","Combined Test Score","2004965.","44722","1490","TFS","1029","1037","979.9","TFS"
"SAT","Highest","2024-25","675","Henry County","0195","Patrick Henry High School","All Students","Evidence Based Reading and Writing - New","2004965.","44721","1490","TFS","521","532.9","509.4","TFS"
"SAT","Highest","2024-25","675","Henry County","0195","Patrick Henry High School","All Students","Math Section Score - New","2004965.","44722","1490","TFS","508","504.1","470.5","TFS"
"SAT","Highest","2024-25","675","Henry County","0214","Locust Grove High","All Students","Combined Test Score","2004965.","44722","1490","129","1029","1037","979.9","983.7"
"SAT","Highest","2024-25","675","Henry County","0214","Locust Grove High","All Students","Evidence Based Reading and Writing - New","2004965.","44721","1490","129","521","532.9","509.4","509.4"
"SAT","Highest","2024-25","675","Henry County","0214","Locust Grove High","All Students","Math Section Score - New","2004965.","44722","1490","129","508","504.1","470.5","474.3"
"SAT","Highest","2024-25","675","Henry County","0215","Hampton Middle School","All Students","Combined Test Score","2004965.","44722","1490","TFS","1029","1037","979.9","TFS"
"SAT","Highest","2024-25","675","Henry County","0215","Hampton Middle School","All Students","Evidence Based Reading and Writing - New","2004965.","44721","1490","TFS","521","532.9","509.4","TFS"
"SAT","Highest","2024-25","675","Henry County","0215","Hampton Middle School","All Students","Math Section Score - New","2004965.","44722","1490","TFS","508","504.1","470.5","TFS"
"SAT","Highest","2024-25","675","Henry County","0295","Stockbridge High School","All Students","Combined Test Score","2004965.","44722","1490","112","1029","1037","979.9","940.4"
"SAT","Highest","2024-25","675","Henry County","0295","Stockbridge High School","All Students","Evidence Based Reading and Writing - New","2004965.","44721","1490","112","521","532.9","509.4","491.1"
"SAT","Highest","2024-25","675","Henry County","0295","Stockbridge High School","All Students","Math Section Score - New","2004965.","44722","1490","112","508","504.1","470.5","449.3"
"SAT","Highest","2024-25","675","Henry County","0307","Ola High School","All Students","Combined Test Score","2004965.","44722","1490","207","1029","1037","979.9","1026.7"
"SAT","Highest","2024-25","675","Henry County","0307","Ola High School","All Students","Evidence Based Reading and Writing - New","2004965.","44721","1490","207","521","532.9","509.4","528.9"
"SAT","Highest","2024-25","675","Henry County","0307","Ola High School","All Students","Math Section Score - New","2004965.","44722","1490","207","508","504.1","470.5","497.8"
"SAT","Highest","2024-25","675","Henry County","0315","Hampton High School","All Students","Combined Test Score","2004965.","44722","1490","98","1029","1037","979.9","948.1"
"SAT","Highest","2024-25","675","Henry County","0315","Hampton High School","All Students","Evidence Based Reading and Writing - New","2004965.","44721","1490","98","521","532.9","509.4","495.9"
"SAT","Highest","2024-25","675","Henry County","0315","Hampton High School","All Students","Math Section Score - New","2004965.","44722","1490","98","508","504.1","470.5","452.1"
"SAT","Highest","2024-25","675","Henry County","0391","Eagle's Landing High School","All Students","Combined Test Score","2004965.","44722","1490","126","1029","1037","979.9","953.1"
"SAT","Highest","2024-25","675","Henry County","0391","Eagle's Landing High School","All Students","Evidence Based Reading and Writing - New","2004965.","44721","1490","126","521","532.9","509.4","507"
"SAT","Highest","2024-25","675","Henry County","0391","Eagle's Landing High School","All Students","Math Section Score - New","2004965.","44722","1490","126","508","504.1","470.5","446.1"
"SAT","Highest","2024-25","675","Henry County","0408","Woodland High School","All Students","Combined Test Score","2004965.","44722","1490","142","1029","1037","979.9","1003.4"
"SAT","Highest","2024-25","675","Henry County","0408","Woodland High School","All Students","Evidence Based Reading and Writing - New","2004965.","44721","1490","142","521","532.9","509.4","520.8"
"SAT","Highest","2024-25","675","Henry County","0408","Woodland High School","All Students","Math Section Score - New","2004965.","44722","1490","142","508","504.1","470.5","482.5"
"SAT","Highest","2024-25","675","Henry County","3050","McDonough High School","All Students","Combined Test Score","2004965.","44722","1490","105","1029","1037","979.9","910.3"
"SAT","Highest","2024-25","675","Henry County","3050","McDonough High School","All Students","Evidence Based Reading and Writing - New","2004965.","44721","1490","105","521","532.9","509.4","478.3"
"SAT","Highest","2024-25","675","Henry County","3050","McDonough High School","All Students","Math Section Score - New","2004965.","44722","1490","105","508","504.1","470.5","432"
"SAT","Highest","2024-25","675","Henry County","4050","McDonough Middle School","All Students","Combined Test Score","2004965.","44722","1490","TFS","1029","1037","979.9","TFS"
"SAT","Highest","2024-25","675","Henry County","4050","McDonough Middle School","All Students","Evidence Based Reading and Writing - New","2004965.","44721","1490","TFS","521","532.9","509.4","TFS"
"SAT","Highest","2024-25","675","Henry County","4050","McDonough Middle School","All Students","Math Section Score - New","2004965.","44722","1490","TFS","508","504.1","470.5","TFS"
"SAT","Highest","2024-25","675","Henry County","5052","Stockbridge Middle School","All Students","Combined Test Score","2004965.","44722","1490","TFS","1029","1037","979.9","TFS"
"SAT","Highest","2024-25","675","Henry County","5052","Stockbridge Middle School","All Students","Evidence Based Reading and Writing - New","2004965.","44721","1490","TFS","521","532.9","509.4","TFS"
"SAT","Highest","2024-25","675","Henry County","5052","Stockbridge Middle School","All Students","Math Section Score - New","2004965.","44722","1490","TFS","508","504.1","470.5","TFS"
"SAT","Highest","2024-25","675","Henry County","6001","Impact Academy","All Students","Combined Test Score","2004965.","44722","1490","19","1029","1037","979.9","947.9"
"SAT","Highest","2024-25","675","Henry County","6001","Impact Academy","All Students","Evidence Based Reading and Writing - New","2004965.","44721","1490","19","521","532.9","509.4","513.7"
"SAT","Highest","2024-25","675","Henry County","6001","Impact Academy","All Students","Math Section Score - New","2004965.","44722","1490","19","508","504.1","470.5","434.2"
"SAT","Highest","2024-25","676","Houston County","0111","Veterans High School","All Students","Combined Test Score","2004965.","44722","758","216","1029","1037","1061.4","1083.1"
"SAT","Highest","2024-25","676","Houston County","0111","Veterans High School","All Students","Evidence Based Reading and Writing - New","2004965.","44721","758","216","521","532.9","545.3","556.9"
"SAT","Highest","2024-25","676","Houston County","0111","Veterans High School","All Students","Math Section Score - New","2004965.","44722","758","216","508","504.1","516","526.2"
"SAT","Highest","2024-25","676","Houston County","0192","Houston County High School","All Students","Combined Test Score","2004965.","44722","758","214","1029","1037","1061.4","1084.3"
"SAT","Highest","2024-25","676","Houston County","0192","Houston County High School","All Students","Evidence Based Reading and Writing - New","2004965.","44721","758","214","521","532.9","545.3","554"
"SAT","Highest","2024-25","676","Houston County","0192","Houston County High School","All Students","Math Section Score - New","2004965.","44722","758","214","508","504.1","516","530.4"
"SAT","Highest","2024-25","676","Houston County","1054","Perry High School","All Students","Combined Test Score","2004965.","44722","758","106","1029","1037","1061.4","1065.9"
"SAT","Highest","2024-25","676","Houston County","1054","Perry High School","All Students","Evidence Based Reading and Writing - New","2004965.","44721","758","106","521","532.9","545.3","548.7"
"SAT","Highest","2024-25","676","Houston County","1054","Perry High School","All Students","Math Section Score - New","2004965.","44722","758","106","508","504.1","516","517.3"
"SAT","Highest","2024-25","676","Houston County","2052","Northside High School","All Students","Combined Test Score","2004965.","44722","758","106","1029","1037","1061.4","1058.7"
"SAT","Highest","2024-25","676","Houston County","2052","Northside High School","All Students","Evidence Based Reading and Writing - New","2004965.","44721","758","106","521","532.9","545.3","546.6"
"SAT","Highest","2024-25","676","Houston County","2052","Northside High School","All Students","Math Section Score - New","2004965.","44722","758","106","508","504.1","516","512.1"
"SAT","Highest","2024-25","676","Houston County","4056","Warner Robins High School","All Students","Combined Test Score","2004965.","44722","758","116","1029","1037","1061.4","976.8"
"SAT","Highest","2024-25","676","Houston County","4056","Warner Robins High School","All Students","Evidence Based Reading and Writing - New","2004965.","44721","758","116","521","532.9","545.3","503.5"
"SAT","Highest","2024-25","676","Houston County","4056","Warner Robins High School","All Students","Math Section Score - New","2004965.","44722","758","116","508","504.1","516","473.3"
"SAT","Highest","2024-25","677","Irwin County","2050","Irwin County High School","All Students","Combined Test Score","2004965.","44722","35","35","1029","1037","966","966"
"SAT","Highest","2024-25","677","Irwin County","2050","Irwin County High School","All Students","Evidence Based Reading and Writing - New","2004965.","44721","35","35","521","532.9","500.9","500.9"
"SAT","Highest","2024-25","677","Irwin County","2050","Irwin County High School","All Students","Math Section Score - New","2004965.","44722","35","35","508","504.1","465.1","465.1"
"SAT","Highest","2024-25","678","Jackson County","0107","East Jackson Comprehensive High School","All Students","Combined Test Score","2004965.","44722","197","52","1029","1037","1061.6","1085.8"
"SAT","Highest","2024-25","678","Jackson County","0107","East Jackson Comprehensive High School","All Students","Evidence Based Reading and Writing - New","2004965.","44721","197","52","521","532.9","543.7","555.2"
"SAT","Highest","2024-25","678","Jackson County","0107","East Jackson Comprehensive High School","All Students","Math Section Score - New","2004965.","44722","197","52","508","504.1","518","530.6"
"SAT","Highest","2024-25","678","Jackson County","0191","Jackson County High School","All Students","Combined Test Score","2004965.","44722","197","145","1029","1037","1061.6","1053"
"SAT","Highest","2024-25","678","Jackson County","0191","Jackson County High School","All Students","Evidence Based Reading and Writing - New","2004965.","44721","197","145","521","532.9","543.7","539.5"
"SAT","Highest","2024-25","678","Jackson County","0191","Jackson County High School","All Students","Math Section Score - New","2004965.","44722","197","145","508","504.1","518","513.4"
"SAT","Highest","2024-25","679","Jasper County","0108","Jasper County High School","All Students","Combined Test Score","2004965.","44722","39","39","1029","1037","981","981"
"SAT","Highest","2024-25","679","Jasper County","0108","Jasper County High School","All Students","Evidence Based Reading and Writing - New","2004965.","44721","39","39","521","532.9","508.7","508.7"
"SAT","Highest","2024-25","679","Jasper County","0108","Jasper County High School","All Students","Math Section Score - New","2004965.","44722","39","39","508","504.1","472.3","472.3"
"SAT","Highest","2024-25","680","Jeff Davis County","0199","Jeff Davis High School","All Students","Combined Test Score","2004965.","44722","27","27","1029","1037","1097.4","1097.4"
"SAT","Highest","2024-25","680","Jeff Davis County","0199","Jeff Davis High School","All Students","Evidence Based Reading and Writing - New","2004965.","44721","27","27","521","532.9","571.5","571.5"
"SAT","Highest","2024-25","680","Jeff Davis County","0199","Jeff Davis High School","All Students","Math Section Score - New","2004965.","44722","27","27","508","504.1","525.9","525.9"
"SAT","Highest","2024-25","681","Jefferson County","0196","Jefferson County High School","All Students","Combined Test Score","2004965.","44722","21","21","1029","1037","981.9","981.9"
"SAT","Highest","2024-25","681","Jefferson County","0196","Jefferson County High School","All Students","Evidence Based Reading and Writing - New","2004965.","44721","21","21","521","532.9","523.8","523.8"
"SAT","Highest","2024-25","681","Jefferson County","0196","Jefferson County High School","All Students","Math Section Score - New","2004965.","44722","21","21","508","504.1","458.1","458.1"
"SAT","Highest","2024-25","682","Jenkins County","0201","Jenkins County High School","All Students","Combined Test Score","2004965.","44722","16","16","1029","1037","983.1","983.1"
"SAT","Highest","2024-25","682","Jenkins County","0201","Jenkins County High School","All Students","Evidence Based Reading and Writing - New","2004965.","44721","16","16","521","532.9","511.9","511.9"
"SAT","Highest","2024-25","682","Jenkins County","0201","Jenkins County High School","All Students","Math Section Score - New","2004965.","44722","16","16","508","504.1","471.3","471.3"
"SAT","Highest","2024-25","683","Johnson County","0201","Johnson County High School","All Students","Combined Test Score","2004965.","44722","33","33","1029","1037","926.1","926.1"
"SAT","Highest","2024-25","683","Johnson County","0201","Johnson County High School","All Students","Evidence Based Reading and Writing - New","2004965.","44721","33","33","521","532.9","473.6","473.6"
"SAT","Highest","2024-25","683","Johnson County","0201","Johnson County High School","All Students","Math Section Score - New","2004965.","44722","33","33","508","504.1","452.4","452.4"
"SAT","Highest","2024-25","684","Jones County","0192","Jones County High School","All Students","Combined Test Score","2004965.","44722","109","109","1029","1037","1032.9","1032.9"
"SAT","Highest","2024-25","684","Jones County","0192","Jones County High School","All Students","Evidence Based Reading and Writing - New","2004965.","44721","109","109","521","532.9","538.9","538.9"
"SAT","Highest","2024-25","684","Jones County","0192","Jones County High School","All Students","Math Section Score - New","2004965.","44722","109","109","508","504.1","494","494"
"SAT","Highest","2024-25","685","Lamar County","0175","Lamar County High School","All Students","Combined Test Score","2004965.","44722","41","41","1029","1037","1029.3","1029.3"
"SAT","Highest","2024-25","685","Lamar County","0175","Lamar County High School","All Students","Evidence Based Reading and Writing - New","2004965.","44721","41","41","521","532.9","535.4","535.4"
"SAT","Highest","2024-25","685","Lamar County","0175","Lamar County High School","All Students","Math Section Score - New","2004965.","44722","41","41","508","504.1","493.9","493.9"
"SAT","Highest","2024-25","686","Lanier County","0201","Lanier County High School","All Students","Combined Test Score","2004965.","44722","25","25","1029","1037","1029.6","1029.6"
"SAT","Highest","2024-25","686","Lanier County","0201","Lanier County High School","All Students","Evidence Based Reading and Writing - New","2004965.","44721","25","25","521","532.9","541.6","541.6"
"SAT","Highest","2024-25","686","Lanier County","0201","Lanier County High School","All Students","Math Section Score - New","2004965.","44722","25","25","508","504.1","488","488"
"SAT","Highest","2024-25","687","Laurens County","0110","West Laurens High School","All Students","Combined Test Score","2004965.","44722","132","102","1029","1037","1037.4","1057.8"
"SAT","Highest","2024-25","687","Laurens County","0110","West Laurens High School","All Students","Evidence Based Reading and Writing - New","2004965.","44721","132","102","521","532.9","536.9","547.3"
"SAT","Highest","2024-25","687","Laurens County","0110","West Laurens High School","All Students","Math Section Score - New","2004965.","44722","132","102","508","504.1","500.5","510.6"
"SAT","Highest","2024-25","687","Laurens County","0197","East Laurens High School","All Students","Combined Test Score","2004965.","44722","132","27","1029","1037","1037.4","977.8"
"SAT","Highest","2024-25","687","Laurens County","0197","East Laurens High School","All Students","Evidence Based Reading and Writing - New","2004965.","44721","132","27","521","532.9","536.9","504.1"
"SAT","Highest","2024-25","687","Laurens County","0197","East Laurens High School","All Students","Math Section Score - New","2004965.","44722","132","27","508","504.1","500.5","473.7"
"SAT","Highest","2024-25","687","Laurens County","0297","East Laurens Middle School","All Students","Combined Test Score","2004965.","44722","132","TFS","1029","1037","1037.4","TFS"
"SAT","Highest","2024-25","687","Laurens County","0297","East Laurens Middle School","All Students","Evidence Based Reading and Writing - New","2004965.","44721","132","TFS","521","532.9","536.9","TFS"
"SAT","Highest","2024-25","687","Laurens County","0297","East Laurens Middle School","All Students","Math Section Score - New","2004965.","44722","132","TFS","508","504.1","500.5","TFS"
"SAT","Highest","2024-25","687","Laurens County","2054","West Laurens Middle School","All Students","Combined Test Score","2004965.","44722","132","TFS","1029","1037","1037.4","TFS"
"SAT","Highest","2024-25","687","Laurens County","2054","West Laurens Middle School","All Students","Evidence Based Reading and Writing - New","2004965.","44721","132","TFS","521","532.9","536.9","TFS"
"SAT","Highest","2024-25","687","Laurens County","2054","West Laurens Middle School","All Students","Math Section Score - New","2004965.","44722","132","TFS","508","504.1","500.5","TFS"
"SAT","Highest","2024-25","688","Lee County","0193","Lee County High School","All Students","Combined Test Score","2004965.","44722","143","143","1029","1037","1039.9","1039.9"
"SAT","Highest","2024-25","688","Lee County","0193","Lee County High School","All Students","Evidence Based Reading and Writing - New","2004965.","44721","143","143","521","532.9","540.5","540.5"
"SAT","Highest","2024-25","688","Lee County","0193","Lee County High School","All Students","Math Section Score - New","2004965.","44722","143","143","508","504.1","499.4","499.4"
"SAT","Highest","2024-25","689","Liberty County","0105","Bradwell Institute","All Students","Combined Test Score","2004965.","44722","156","89","1029","1037","978.5","975.1"
"SAT","Highest","2024-25","689","Liberty County","0105","Bradwell Institute","All Students","Evidence Based Reading and Writing - New","2004965.","44721","156","89","521","532.9","513.1","516.7"
"SAT","Highest","2024-25","689","Liberty County","0105","Bradwell Institute","All Students","Math Section Score - New","2004965.","44722","156","89","508","504.1","465.4","458.3"
"SAT","Highest","2024-25","689","Liberty County","0192","Liberty County High School","All Students","Combined Test Score","2004965.","44722","156","67","1029","1037","978.5","983"
"SAT","Highest","2024-25","689","Liberty County","0192","Liberty County High School","All Students","Evidence Based Reading and Writing - New","2004965.","44721","156","67","521","532.9","513.1","508.2"
"SAT","Highest","2024-25","689","Liberty County","0192","Liberty County High School","All Students","Math Section Score - New","2004965.","44722","156","67","508","504.1","465.4","474.8"
"SAT","Highest","2024-25","690","Lincoln County","0110","Lincoln County High School","All Students","Combined Test Score","2004965.","44722","27","27","1029","1037","1038.1","1038.1"
"SAT","Highest","2024-25","690","Lincoln County","0110","Lincoln County High School","All Students","Evidence Based Reading and Writing - New","2004965.","44721","27","27","521","532.9","531.1","531.1"
"SAT","Highest","2024-25","690","Lincoln County","0110","Lincoln County High School","All Students","Math Section Score - New","2004965.","44722","27","27","508","504.1","507","507"
"SAT","Highest","2024-25","691","Long County","0205","Long County High School","All Students","Combined Test Score","2004965.","44722","92","92","1029","1037","991.2","991.2"
"SAT","Highest","2024-25","691","Long County","0205","Long County High School","All Students","Evidence Based Reading and Writing - New","2004965.","44721","92","92","521","532.9","516.4","516.4"
"SAT","Highest","2024-25","691","Long County","0205","Long County High School","All Students","Math Section Score - New","2004965.","44722","92","92","508","504.1","474.8","474.8"
"SAT","Highest","2024-25","692","Lowndes County","5050","Lowndes High School","All Students","Combined Test Score","2004965.","44722","255","255","1029","1037","1058.9","1058.9"
"SAT","Highest","2024-25","692","Lowndes County","5050","Lowndes High School","All Students","Evidence Based Reading and Writing - New","2004965.","44721","255","255","521","532.9","546.4","546.4"
"SAT","Highest","2024-25","692","Lowndes County","5050","Lowndes High School","All Students","Math Section Score - New","2004965.","44722","255","255","508","504.1","512.4","512.4"
"SAT","Highest","2024-25","693","Lumpkin County","0101","Lumpkin County High School","All Students","Combined Test Score","2004965.","44722","92","92","1029","1037","1082.9","1082.9"
"SAT","Highest","2024-25","693","Lumpkin County","0101","Lumpkin County High School","All Students","Evidence Based Reading and Writing - New","2004965.","44721","92","92","521","532.9","562.4","562.4"
"SAT","Highest","2024-25","693","Lumpkin County","0101","Lumpkin County High School","All Students","Math Section Score - New","2004965.","44722","92","92","508","504.1","520.5","520.5"
"SAT","Highest","2024-25","694","Macon County","2060","Macon County High School","All Students","Combined Test Score","2004965.","44722","TFS","TFS","1029","1037","TFS","TFS"
"SAT","Highest","2024-25","694","Macon County","2060","Macon County High School","All Students","Evidence Based Reading and Writing - New","2004965.","44721","TFS","TFS","521","532.9","TFS","TFS"
"SAT","Highest","2024-25","694","Macon County","2060","Macon County High School","All Students","Math Section Score - New","2004965.","44722","TFS","TFS","508","504.1","TFS","TFS"
"SAT","Highest","2024-25","695","Madison County","5050","Madison County High School","All Students","Combined Test Score","2004965.","44722","80","80","1029","1037","1074.8","1074.8"
"SAT","Highest","2024-25","695","Madison County","5050","Madison County High School","All Students","Evidence Based Reading and Writing - New","2004965.","44721","80","80","521","532.9","557.3","557.3"
"SAT","Highest","2024-25","695","Madison County","5050","Madison County High School","All Students","Math Section Score - New","2004965.","44722","80","80","508","504.1","517.5","517.5"
"SAT","Highest","2024-25","696","Marion County","0275","Marion County Middle/High School","All Students","Combined Test Score","2004965.","44722","30","30","1029","1037","876.3","876.3"
"SAT","Highest","2024-25","696","Marion County","0275","Marion County Middle/High School","All Students","Evidence Based Reading and Writing - New","2004965.","44721","30","30","521","532.9","464.7","464.7"
"SAT","Highest","2024-25","696","Marion County","0275","Marion County Middle/High School","All Students","Math Section Score - New","2004965.","44722","30","30","508","504.1","411.7","411.7"
"SAT","Highest","2024-25","697","McDuffie County","0192","Thomson High School","All Students","Combined Test Score","2004965.","44722","53","53","1029","1037","937.9","937.9"
"SAT","Highest","2024-25","697","McDuffie County","0192","Thomson High School","All Students","Evidence Based Reading and Writing - New","2004965.","44721","53","53","521","532.9","500.8","500.8"
"SAT","Highest","2024-25","697","McDuffie County","0192","Thomson High School","All Students","Math Section Score - New","2004965.","44722","53","53","508","504.1","437.2","437.2"
"SAT","Highest","2024-25","698","McIntosh County","0104","McIntosh Academy","All Students","Combined Test Score","2004965.","44722","15","15","1029","1037","928","928"
"SAT","Highest","2024-25","698","McIntosh County","0104","McIntosh Academy","All Students","Evidence Based Reading and Writing - New","2004965.","44721","15","15","521","532.9","477.3","477.3"
"SAT","Highest","2024-25","698","McIntosh County","0104","McIntosh Academy","All Students","Math Section Score - New","2004965.","44722","15","15","508","504.1","450.7","450.7"
"SAT","Highest","2024-25","699","Meriwether County","0300","Greenville High School","All Students","Combined Test Score","2004965.","44722","88","38","1029","1037","878","856.1"
"SAT","Highest","2024-25","699","Meriwether County","0300","Greenville High School","All Students","Evidence Based Reading and Writing - New","2004965.","44721","88","38","521","532.9","458.4","449.2"
"SAT","Highest","2024-25","699","Meriwether County","0300","Greenville High School","All Students","Math Section Score - New","2004965.","44722","88","38","508","504.1","419.5","406.8"
"SAT","Highest","2024-25","699","Meriwether County","4050","Manchester High School","All Students","Combined Test Score","2004965.","44722","88","50","1029","1037","878","894.6"
"SAT","Highest","2024-25","699","Meriwether County","4050","Manchester High School","All Students","Evidence Based Reading and Writing - New","2004965.","44721","88","50","521","532.9","458.4","465.4"
"SAT","Highest","2024-25","699","Meriwether County","4050","Manchester High School","All Students","Math Section Score - New","2004965.","44722","88","50","508","504.1","419.5","429.2"
"SAT","Highest","2024-25","700","Miller County","0210","Miller County High School","All Students","Combined Test Score","2004965.","44722","18","18","1029","1037","928.9","928.9"
"SAT","Highest","2024-25","700","Miller County","0210","Miller County High School","All Students","Evidence Based Reading and Writing - New","2004965.","44721","18","18","521","532.9","484.4","484.4"
"SAT","Highest","2024-25","700","Miller County","0210","Miller County High School","All Students","Math Section Score - New","2004965.","44722","18","18","508","504.1","444.4","444.4"
"SAT","Highest","2024-25","701","Mitchell County","0105","Baconton Community Charter School","All Students","Combined Test Score","2004965.","44722","31","20","1029","1037","979.7","1010"
"SAT","Highest","2024-25","701","Mitchell County","0105","Baconton Community Charter School","All Students","Evidence Based Reading and Writing - New","2004965.","44721","31","20","521","532.9","512.3","527"
"SAT","Highest","2024-25","701","Mitchell County","0105","Baconton Community Charter School","All Students","Math Section Score - New","2004965.","44722","31","20","508","504.1","467.4","483"
"SAT","Highest","2024-25","701","Mitchell County","0282","Mitchell County High School","All Students","Combined Test Score","2004965.","44722","31","11","1029","1037","979.7","924.5"
"SAT","Highest","2024-25","701","Mitchell County","0282","Mitchell County High School","All Students","Evidence Based Reading and Writing - New","2004965.","44721","31","11","521","532.9","512.3","485.5"
"SAT","Highest","2024-25","701","Mitchell County","0282","Mitchell County High School","All Students","Math Section Score - New","2004965.","44722","31","11","508","504.1","467.4","439.1"
"SAT","Highest","2024-25","702","Monroe County","0184","Mary Persons High School","All Students","Combined Test Score","2004965.","44722","92","92","1029","1037","1040.8","1040.8"
"SAT","Highest","2024-25","702","Monroe County","0184","Mary Persons High School","All Students","Evidence Based Reading and Writing - New","2004965.","44721","92","92","521","532.9","540.1","540.1"
"SAT","Highest","2024-25","702","Monroe County","0184","Mary Persons High School","All Students","Math Section Score - New","2004965.","44722","92","92","508","504.1","500.7","500.7"
"SAT","Highest","2024-25","703","Montgomery County","0201","Montgomery County High School","All Students","Combined Test Score","2004965.","44722","TFS","TFS","1029","1037","TFS","TFS"
"SAT","Highest","2024-25","703","Montgomery County","0201","Montgomery County High School","All Students","Evidence Based Reading and Writing - New","2004965.","44721","TFS","TFS","521","532.9","TFS","TFS"
"SAT","Highest","2024-25","703","Montgomery County","0201","Montgomery County High School","All Students","Math Section Score - New","2004965.","44722","TFS","TFS","508","504.1","TFS","TFS"
"SAT","Highest","2024-25","704","Morgan County","1050","Morgan County High School","All Students","Combined Test Score","2004965.","44722","83","83","1029","1037","1044.8","1044.8"
"SAT","Highest","2024-25","704","Morgan County","1050","Morgan County High School","All Students","Evidence Based Reading and Writing - New","2004965.","44721","83","83","521","532.9","538.2","538.2"
"SAT","Highest","2024-25","704","Morgan County","1050","Morgan County High School","All Students","Math Section Score - New","2004965.","44722","83","83","508","504.1","506.6","506.6"
"SAT","Highest","2024-25","705","Murray County","0112","North Murray High School","All Students","Combined Test Score","2004965.","44722","118","53","1029","1037","998.2","1024"
"SAT","Highest","2024-25","705","Murray County","0112","North Murray High School","All Students","Evidence Based Reading and Writing - New","2004965.","44721","118","53","521","532.9","520.4","529.2"
"SAT","Highest","2024-25","705","Murray County","0112","North Murray High School","All Students","Math Section Score - New","2004965.","44722","118","53","508","504.1","477.8","494.7"
"SAT","Highest","2024-25","705","Murray County","0190","Murray County High School","All Students","Combined Test Score","2004965.","44722","118","65","1029","1037","998.2","977.2"
"SAT","Highest","2024-25","705","Murray County","0190","Murray County High School","All Students","Evidence Based Reading and Writing - New","2004965.","44721","118","65","521","532.9","520.4","513.2"
"SAT","Highest","2024-25","705","Murray County","0190","Murray County High School","All Students","Math Section Score - New","2004965.","44722","118","65","508","504.1","477.8","464"
"SAT","Highest","2024-25","706","Muscogee County","0203","Northside High School","All Students","Combined Test Score","2004965.","44722","553","114","1029","1037","1069.7","1044.4"
"SAT","Highest","2024-25","706","Muscogee County","0203","Northside High School","All Students","Evidence Based Reading and Writing - New","2004965.","44721","553","114","521","532.9","552.7","536.5"
"SAT","Highest","2024-25","706","Muscogee County","0203","Northside High School","All Students","Math Section Score - New","2004965.","44722","553","114","508","504.1","517","507.9"
"SAT","Highest","2024-25","706","Muscogee County","0278","Shaw High School","All Students","Combined Test Score","2004965.","44722","553","50","1029","1037","1069.7","977.8"
"SAT","Highest","2024-25","706","Muscogee County","0278","Shaw High School","All Students","Evidence Based Reading and Writing - New","2004965.","44721","553","50","521","532.9","552.7","510.4"
"SAT","Highest","2024-25","706","Muscogee County","0278","Shaw High School","All Students","Math Section Score - New","2004965.","44722","553","50","508","504.1","517","467.4"
"SAT","Highest","2024-25","706","Muscogee County","0378","Spencer High School","All Students","Combined Test Score","2004965.","44722","553","28","1029","1037","1069.7","965.4"
"SAT","Highest","2024-25","706","Muscogee County","0378","Spencer High School","All Students","Evidence Based Reading and Writing - New","2004965.","44721","553","28","521","532.9","552.7","502.9"
"SAT","Highest","2024-25","706","Muscogee County","0378","Spencer High School","All Students","Math Section Score - New","2004965.","44722","553","28","508","504.1","517","462.5"
"SAT","Highest","2024-25","706","Muscogee County","0502","Rainey McCullers School of the Arts","All Students","Combined Test Score","2004965.","44722","553","26","1029","1037","1069.7","1033.1"
"SAT","Highest","2024-25","706","Muscogee County","0502","Rainey McCullers School of the Arts","All Students","Evidence Based Reading and Writing - New","2004965.","44721","553","26","521","532.9","552.7","543.5"
"SAT","Highest","2024-25","706","Muscogee County","0502","Rainey McCullers School of the Arts","All Students","Math Section Score - New","2004965.","44722","553","26","508","504.1","517","489.6"
"SAT","Highest","2024-25","706","Muscogee County","1064","Kendrick High School","All Students","Combined Test Score","2004965.","44722","553","18","1029","1037","1069.7","959.4"
"SAT","Highest","2024-25","706","Muscogee County","1064","Kendrick High School","All Students","Evidence Based Reading and Writing - New","2004965.","44721","553","18","521","532.9","552.7","502.2"
"SAT","Highest","2024-25","706","Muscogee County","1064","Kendrick High School","All Students","Math Section Score - New","2004965.","44722","553","18","508","504.1","517","457.2"
"SAT","Highest","2024-25","706","Muscogee County","2062","Hardaway High School","All Students","Combined Test Score","2004965.","44722","553","75","1029","1037","1069.7","994.4"
"SAT","Highest","2024-25","706","Muscogee County","2062","Hardaway High School","All Students","Evidence Based Reading and Writing - New","2004965.","44721","553","75","521","532.9","552.7","525.1"
"SAT","Highest","2024-25","706","Muscogee County","2062","Hardaway High School","All Students","Math Section Score - New","2004965.","44722","553","75","508","504.1","517","469.3"
"SAT","Highest","2024-25","706","Muscogee County","3054","Columbus High School","All Students","Combined Test Score","2004965.","44722","553","200","1029","1037","1069.7","1193.9"
"SAT","Highest","2024-25","706","Muscogee County","3054","Columbus High School","All Students","Evidence Based Reading and Writing - New","2004965.","44721","553","200","521","532.9","552.7","611.4"
"SAT","Highest","2024-25","706","Muscogee County","3054","Columbus High School","All Students","Math Section Score - New","2004965.","44722","553","200","508","504.1","517","582.5"
"SAT","Highest","2024-25","706","Muscogee County","5052","Carver High School","All Students","Combined Test Score","2004965.","44722","553","18","1029","1037","1069.7","943.9"
"SAT","Highest","2024-25","706","Muscogee County","5052","Carver High School","All Students","Evidence Based Reading and Writing - New","2004965.","44721","553","18","521","532.9","552.7","487.2"
"SAT","Highest","2024-25","706","Muscogee County","5052","Carver High School","All Students","Math Section Score - New","2004965.","44722","553","18","508","504.1","517","456.7"
"SAT","Highest","2024-25","706","Muscogee County","5062","Jordan Vocational High School","All Students","Combined Test Score","2004965.","44722","553","24","1029","1037","1069.7","920.4"
"SAT","Highest","2024-25","706","Muscogee County","5062","Jordan Vocational High School","All Students","Evidence Based Reading and Writing - New","2004965.","44721","553","24","521","532.9","552.7","471.3"
"SAT","Highest","2024-25","706","Muscogee County","5062","Jordan Vocational High School","All Students","Math Section Score - New","2004965.","44722","553","24","508","504.1","517","449.2"
"SAT","Highest","2024-25","707","Newton County","0173","Newton High School","All Students","Combined Test Score","2004965.","44722","443","187","1029","1037","959.9","921.4"
"SAT","Highest","2024-25","707","Newton County","0173","Newton High School","All Students","Evidence Based Reading and Writing - New","2004965.","44721","443","187","521","532.9","504.1","484.7"
"SAT","Highest","2024-25","707","Newton County","0173","Newton High School","All Students","Math Section Score - New","2004965.","44722","443","187","508","504.1","455.8","436.7"
"SAT","Highest","2024-25","707","Newton County","0206","Alcovy High School","All Students","Combined Test Score","2004965.","44722","443","118","1029","1037","959.9","938.2"
"SAT","Highest","2024-25","707","Newton County","0206","Alcovy High School","All Students","Evidence Based Reading and Writing - New","2004965.","44721","443","118","521","532.9","504.1","493.6"
"SAT","Highest","2024-25","707","Newton County","0206","Alcovy High School","All Students","Math Section Score - New","2004965.","44722","443","118","508","504.1","455.8","444.7"
"SAT","Highest","2024-25","707","Newton County","0295","Eastside High School","All Students","Combined Test Score","2004965.","44722","443","127","1029","1037","959.9","1043.6"
"SAT","Highest","2024-25","707","Newton County","0295","Eastside High School","All Students","Evidence Based Reading and Writing - New","2004965.","44721","443","127","521","532.9","504.1","545.4"
"SAT","Highest","2024-25","707","Newton County","0295","Eastside High School","All Students","Math Section Score - New","2004965.","44722","443","127","508","504.1","455.8","498.2"
"SAT","Highest","2024-25","707","Newton County","6002","Newton College and Career Academy","All Students","Combined Test Score","2004965.","44722","443","11","1029","1037","959.9","881.8"
"SAT","Highest","2024-25","707","Newton County","6002","Newton College and Career Academy","All Students","Evidence Based Reading and Writing - New","2004965.","44721","443","11","521","532.9","504.1","470"
"SAT","Highest","2024-25","707","Newton County","6002","Newton College and Career Academy","All Students","Math Section Score - New","2004965.","44722","443","11","508","504.1","455.8","411.8"
"SAT","Highest","2024-25","708","Oconee County","0105","North Oconee High School","All Students","Combined Test Score","2004965.","44722","326","151","1029","1037","1135.4","1133.6"
"SAT","Highest","2024-25","708","Oconee County","0105","North Oconee High School","All Students","Evidence Based Reading and Writing - New","2004965.","44721","326","151","521","532.9","580.4","570.3"
"SAT","Highest","2024-25","708","Oconee County","0105","North Oconee High School","All Students","Math Section Score - New","2004965.","44722","326","151","508","504.1","555","563.3"
"SAT","Highest","2024-25","708","Oconee County","0293","Oconee County High School","All Students","Combined Test Score","2004965.","44722","326","175","1029","1037","1135.4","1137"
"SAT","Highest","2024-25","708","Oconee County","0293","Oconee County High School","All Students","Evidence Based Reading and Writing - New","2004965.","44721","326","175","521","532.9","580.4","589.2"
"SAT","Highest","2024-25","708","Oconee County","0293","Oconee County High School","All Students","Math Section Score - New","2004965.","44722","326","175","508","504.1","555","547.8"
"SAT","Highest","2024-25","709","Oglethorpe County","2050","Oglethorpe County High School","All Students","Combined Test Score","2004965.","44722","37","37","1029","1037","1025.9","1025.9"
"SAT","Highest","2024-25","709","Oglethorpe County","2050","Oglethorpe County High School","All Students","Evidence Based Reading and Writing - New","2004965.","44721","37","37","521","532.9","526.5","526.5"
"SAT","Highest","2024-25","709","Oglethorpe County","2050","Oglethorpe County High School","All Students","Math Section Score - New","2004965.","44722","37","37","508","504.1","499.5","499.5"
"SAT","Highest","2024-25","710","Paulding County","0101","Hiram High School","All Students","Combined Test Score","2004965.","44722","815","101","1029","1037","1033.3","996.2"
"SAT","Highest","2024-25","710","Paulding County","0101","Hiram High School","All Students","Evidence Based Reading and Writing - New","2004965.","44721","815","101","521","532.9","536.2","508.8"
"SAT","Highest","2024-25","710","Paulding County","0101","Hiram High School","All Students","Math Section Score - New","2004965.","44722","815","101","508","504.1","497.1","487.4"
"SAT","Highest","2024-25","710","Paulding County","0106","South Paulding High School","All Students","Combined Test Score","2004965.","44722","815","105","1029","1037","1033.3","1008.6"
"SAT","Highest","2024-25","710","Paulding County","0106","South Paulding High School","All Students","Evidence Based Reading and Writing - New","2004965.","44721","815","105","521","532.9","536.2","527.3"
"SAT","Highest","2024-25","710","Paulding County","0106","South Paulding High School","All Students","Math Section Score - New","2004965.","44722","815","105","508","504.1","497.1","481.2"
"SAT","Highest","2024-25","710","Paulding County","0109","North Paulding High School","All Students","Combined Test Score","2004965.","44722","815","304","1029","1037","1033.3","1055.4"
"SAT","Highest","2024-25","710","Paulding County","0109","North Paulding High School","All Students","Evidence Based Reading and Writing - New","2004965.","44721","815","304","521","532.9","536.2","545.9"
"SAT","Highest","2024-25","710","Paulding County","0109","North Paulding High School","All Students","Math Section Score - New","2004965.","44722","815","304","508","504.1","497.1","509.5"
"SAT","Highest","2024-25","710","Paulding County","0292","East Paulding High School","All Students","Combined Test Score","2004965.","44722","815","165","1029","1037","1033.3","1015.4"
"SAT","Highest","2024-25","710","Paulding County","0292","East Paulding High School","All Students","Evidence Based Reading and Writing - New","2004965.","44721","815","165","521","532.9","536.2","526.2"
"SAT","Highest","2024-25","710","Paulding County","0292","East Paulding High School","All Students","Math Section Score - New","2004965.","44722","815","165","508","504.1","497.1","489.2"
"SAT","Highest","2024-25","710","Paulding County","2552","Paulding County High School","All Students","Combined Test Score","2004965.","44722","815","140","1029","1037","1033.3","1051.7"
"SAT","Highest","2024-25","710","Paulding County","2552","Paulding County High School","All Students","Evidence Based Reading and Writing - New","2004965.","44721","815","140","521","532.9","536.2","553.4"
"SAT","Highest","2024-25","710","Paulding County","2552","Paulding County High School","All Students","Math Section Score - New","2004965.","44722","815","140","508","504.1","497.1","498.3"
"SAT","Highest","2024-25","711","Peach County","2052","Peach County High School","All Students","Combined Test Score","2004965.","44722","69","69","1029","1037","955.7","955.7"
"SAT","Highest","2024-25","711","Peach County","2052","Peach County High School","All Students","Evidence Based Reading and Writing - New","2004965.","44721","69","69","521","532.9","500","500"
"SAT","Highest","2024-25","711","Peach County","2052","Peach County High School","All Students","Math Section Score - New","2004965.","44722","69","69","508","504.1","455.7","455.7"
"SAT","Highest","2024-25","712","Pickens County","0198","Pickens County High School","All Students","Combined Test Score","2004965.","44722","84","84","1029","1037","1087","1087"
"SAT","Highest","2024-25","712","Pickens County","0198","Pickens County High School","All Students","Evidence Based Reading and Writing - New","2004965.","44721","84","84","521","532.9","561.4","561.4"
"SAT","Highest","2024-25","712","Pickens County","0198","Pickens County High School","All Students","Math Section Score - New","2004965.","44722","84","84","508","504.1","525.6","525.6"
"SAT","Highest","2024-25","713","Pierce County","0182","Pierce County High School","All Students","Combined Test Score","2004965.","44722","56","55","1029","1037","1084.6","1081.6"
"SAT","Highest","2024-25","713","Pierce County","0182","Pierce County High School","All Students","Evidence Based Reading and Writing - New","2004965.","44721","56","55","521","532.9","546.6","544.7"
"SAT","Highest","2024-25","713","Pierce County","0182","Pierce County High School","All Students","Math Section Score - New","2004965.","44722","56","55","508","504.1","538","536.9"
"SAT","Highest","2024-25","713","Pierce County","0197","Pierce County Middle School","All Students","Combined Test Score","2004965.","44722","56","TFS","1029","1037","1084.6","TFS"
"SAT","Highest","2024-25","713","Pierce County","0197","Pierce County Middle School","All Students","Evidence Based Reading and Writing - New","2004965.","44721","56","TFS","521","532.9","546.6","TFS"
"SAT","Highest","2024-25","713","Pierce County","0197","Pierce County Middle School","All Students","Math Section Score - New","2004965.","44722","56","TFS","508","504.1","538","TFS"
"SAT","Highest","2024-25","714","Pike County","0194","Pike County High School","All Students","Combined Test Score","2004965.","44722","59","59","1029","1037","1053.1","1053.1"
"SAT","Highest","2024-25","714","Pike County","0194","Pike County High School","All Students","Evidence Based Reading and Writing - New","2004965.","44721","59","59","521","532.9","546.4","546.4"
"SAT","Highest","2024-25","714","Pike County","0194","Pike County High School","All Students","Math Section Score - New","2004965.","44722","59","59","508","504.1","506.6","506.6"
"SAT","Highest","2024-25","715","Polk County","0102","Rockmart High School","All Students","Combined Test Score","2004965.","44722","112","41","1029","1037","1015.4","1033.4"
"SAT","Highest","2024-25","715","Polk County","0102","Rockmart High School","All Students","Evidence Based Reading and Writing - New","2004965.","44721","112","41","521","532.9","525.1","538.3"
"SAT","Highest","2024-25","715","Polk County","0102","Rockmart High School","All Students","Math Section Score - New","2004965.","44722","112","41","508","504.1","490.4","495.1"
"SAT","Highest","2024-25","715","Polk County","5050","Cedartown High School","All Students","Combined Test Score","2004965.","44722","112","71","1029","1037","1015.4","1005.1"
"SAT","Highest","2024-25","715","Polk County","5050","Cedartown High School","All Students","Evidence Based Reading and Writing - New","2004965.","44721","112","71","521","532.9","525.1","517.5"
"SAT","Highest","2024-25","715","Polk County","5050","Cedartown High School","All Students","Math Section Score - New","2004965.","44722","112","71","508","504.1","490.4","487.6"
"SAT","Highest","2024-25","716","Pulaski County","2050","Hawkinsville High School","All Students","Combined Test Score","2004965.","44722","16","16","1029","1037","1018.1","1018.1"
"SAT","Highest","2024-25","716","Pulaski County","2050","Hawkinsville High School","All Students","Evidence Based Reading and Writing - New","2004965.","44721","16","16","521","532.9","518.8","518.8"
"SAT","Highest","2024-25","716","Pulaski County","2050","Hawkinsville High School","All Students","Math Section Score - New","2004965.","44722","16","16","508","504.1","499.4","499.4"
"SAT","Highest","2024-25","717","Putnam County","0114","Putnam County High School","All Students","Combined Test Score","2004965.","44722","29","29","1029","1037","993.1","993.1"
"SAT","Highest","2024-25","717","Putnam County","0114","Putnam County High School","All Students","Evidence Based Reading and Writing - New","2004965.","44721","29","29","521","532.9","513.1","513.1"
"SAT","Highest","2024-25","717","Putnam County","0114","Putnam County High School","All Students","Math Section Score - New","2004965.","44722","29","29","508","504.1","480","480"
"SAT","Highest","2024-25","719","Rabun County","0177","Rabun County High School","All Students","Combined Test Score","2004965.","44722","54","54","1029","1037","1061.1","1061.1"
"SAT","Highest","2024-25","719","Rabun County","0177","Rabun County High School","All Students","Evidence Based Reading and Writing - New","2004965.","44721","54","54","521","532.9","546.9","546.9"
"SAT","Highest","2024-25","719","Rabun County","0177","Rabun County High School","All Students","Math Section Score - New","2004965.","44722","54","54","508","504.1","514.3","514.3"
"SAT","Highest","2024-25","720","Randolph County","0201","Randolph Clay High School","All Students","Combined Test Score","2004965.","44722","TFS","TFS","1029","1037","TFS","TFS"
"SAT","Highest","2024-25","720","Randolph County","0201","Randolph Clay High School","All Students","Evidence Based Reading and Writing - New","2004965.","44721","TFS","TFS","521","532.9","TFS","TFS"
"SAT","Highest","2024-25","720","Randolph County","0201","Randolph Clay High School","All Students","Math Section Score - New","2004965.","44722","TFS","TFS","508","504.1","TFS","TFS"
"SAT","Highest","2024-25","721","Richmond County","0100","Cross Creek High School","All Students","Combined Test Score","2004965.","44722","527","44","1029","1037","952.1","925.7"
"SAT","Highest","2024-25","721","Richmond County","0100","Cross Creek High School","All Students","Evidence Based Reading and Writing - New","2004965.","44721","527","44","521","532.9","499.1","491.8"
"SAT","Highest","2024-25","721","Richmond County","0100","Cross Creek High School","All Students","Math Section Score - New","2004965.","44722","527","44","508","504.1","453","433.9"
"SAT","Highest","2024-25","721","Richmond County","1052","Butler High School","All Students","Combined Test Score","2004965.","44722","527","62","1029","1037","952.1","841.8"
"SAT","Highest","2024-25","721","Richmond County","1052","Butler High School","All Students","Evidence Based Reading and Writing - New","2004965.","44721","527","62","521","532.9","499.1","439"
"SAT","Highest","2024-25","721","Richmond County","1052","Butler High School","All Students","Math Section Score - New","2004965.","44722","527","62","508","504.1","453","402.7"
"SAT","Highest","2024-25","721","Richmond County","2056","Hephzibah High School","All Students","Combined Test Score","2004965.","44722","527","31","1029","1037","952.1","890"
"SAT","Highest","2024-25","721","Richmond County","2056","Hephzibah High School","All Students","Evidence Based Reading and Writing - New","2004965.","44721","527","31","521","532.9","499.1","468.1"
"SAT","Highest","2024-25","721","Richmond County","2056","Hephzibah High School","All Students","Math Section Score - New","2004965.","44722","527","31","508","504.1","453","421.9"
"SAT","Highest","2024-25","721","Richmond County","2574","Westside High School","All Students","Combined Test Score","2004965.","44722","527","85","1029","1037","952.1","878.1"
"SAT","Highest","2024-25","721","Richmond County","2574","Westside High School","All Students","Evidence Based Reading and Writing - New","2004965.","44721","527","85","521","532.9","499.1","453.8"
"SAT","Highest","2024-25","721","Richmond County","2574","Westside High School","All Students","Math Section Score - New","2004965.","44722","527","85","508","504.1","453","424.4"
"SAT","Highest","2024-25","721","Richmond County","3054","Glenn Hills High School","All Students","Combined Test Score","2004965.","44722","527","49","1029","1037","952.1","837.8"
"SAT","Highest","2024-25","721","Richmond County","3054","Glenn Hills High School","All Students","Evidence Based Reading and Writing - New","2004965.","44721","527","49","521","532.9","499.1","441.6"
"SAT","Highest","2024-25","721","Richmond County","3054","Glenn Hills High School","All Students","Math Section Score - New","2004965.","44722","527","49","508","504.1","453","396.1"
"SAT","Highest","2024-25","721","Richmond County","3556","Johnson Health Science and Engineering Magnet School","All Students","Combined Test Score","2004965.","44722","527","59","1029","1037","952.1","1078.3"
"SAT","Highest","2024-25","721","Richmond County","3556","Johnson Health Science and Engineering Magnet School","All Students","Evidence Based Reading and Writing - New","2004965.","44721","527","59","521","532.9","499.1","562.5"
"SAT","Highest","2024-25","721","Richmond County","3556","Johnson Health Science and Engineering Magnet School","All Students","Math Section Score - New","2004965.","44722","527","59","508","504.1","453","515.8"
"SAT","Highest","2024-25","721","Richmond County","3756","Josey High School","All Students","Combined Test Score","2004965.","44722","527","22","1029","1037","952.1","794.5"
"SAT","Highest","2024-25","721","Richmond County","3756","Josey High School","All Students","Evidence Based Reading and Writing - New","2004965.","44721","527","22","521","532.9","499.1","417.7"
"SAT","Highest","2024-25","721","Richmond County","3756","Josey High School","All Students","Math Section Score - New","2004965.","44722","527","22","508","504.1","453","376.8"
"SAT","Highest","2024-25","721","Richmond County","4060","Academy of Richmond County High School","All Students","Combined Test Score","2004965.","44722","527","77","1029","1037","952.1","983.9"
"SAT","Highest","2024-25","721","Richmond County","4060","Academy of Richmond County High School","All Students","Evidence Based Reading and Writing - New","2004965.","44721","527","77","521","532.9","499.1","519.9"
"SAT","Highest","2024-25","721","Richmond County","4060","Academy of Richmond County High School","All Students","Math Section Score - New","2004965.","44722","527","77","508","504.1","453","464"
"SAT","Highest","2024-25","721","Richmond County","4562","Davidson Fine Arts Magnet","All Students","Combined Test Score","2004965.","44722","527","77","1029","1037","952.1","1169.2"
"SAT","Highest","2024-25","721","Richmond County","4562","Davidson Fine Arts Magnet","All Students","Evidence Based Reading and Writing - New","2004965.","44721","527","77","521","532.9","499.1","612.2"
"SAT","Highest","2024-25","721","Richmond County","4562","Davidson Fine Arts Magnet","All Students","Math Section Score - New","2004965.","44722","527","77","508","504.1","453","557"
"SAT","Highest","2024-25","721","Richmond County","5566","Laney High School","All Students","Combined Test Score","2004965.","44722","527","21","1029","1037","952.1","888.1"
"SAT","Highest","2024-25","721","Richmond County","5566","Laney High School","All Students","Evidence Based Reading and Writing - New","2004965.","44721","527","21","521","532.9","499.1","470"
"SAT","Highest","2024-25","721","Richmond County","5566","Laney High School","All Students","Math Section Score - New","2004965.","44722","527","21","508","504.1","453","418.1"
"SAT","Highest","2024-25","722","Rockdale County","0106","Z_Rockdale Career Academy","All Students","Combined Test Score","2004965.","44722","492","TFS","1029","1037","994.7","TFS"
"SAT","Highest","2024-25","722","Rockdale County","0106","Z_Rockdale Career Academy","All Students","Evidence Based Reading and Writing - New","2004965.","44721","492","TFS","521","532.9","521.9","TFS"
"SAT","Highest","2024-25","722","Rockdale County","0106","Z_Rockdale Career Academy","All Students","Math Section Score - New","2004965.","44722","492","TFS","508","504.1","472.8","TFS"
"SAT","Highest","2024-25","722","Rockdale County","0176","Heritage High School","All Students","Combined Test Score","2004965.","44722","492","181","1029","1037","994.7","980"
"SAT","Highest","2024-25","722","Rockdale County","0176","Heritage High School","All Students","Evidence Based Reading and Writing - New","2004965.","44721","492","181","521","532.9","521.9","517.1"
"SAT","Highest","2024-25","722","Rockdale County","0176","Heritage High School","All Students","Math Section Score - New","2004965.","44722","492","181","508","504.1","472.8","462.9"
"SAT","Highest","2024-25","722","Rockdale County","0192","Salem High School","All Students","Combined Test Score","2004965.","44722","492","85","1029","1037","994.7","919.5"
"SAT","Highest","2024-25","722","Rockdale County","0192","Salem High School","All Students","Evidence Based Reading and Writing - New","2004965.","44721","492","85","521","532.9","521.9","483.5"
"SAT","Highest","2024-25","722","Rockdale County","0192","Salem High School","All Students","Math Section Score - New","2004965.","44722","492","85","508","504.1","472.8","436"
"SAT","Highest","2024-25","722","Rockdale County","0379","Alpha Academy","All Students","Combined Test Score","2004965.","44722","492","TFS","1029","1037","994.7","TFS"
"SAT","Highest","2024-25","722","Rockdale County","0379","Alpha Academy","All Students","Evidence Based Reading and Writing - New","2004965.","44721","492","TFS","521","532.9","521.9","TFS"
"SAT","Highest","2024-25","722","Rockdale County","0379","Alpha Academy","All Students","Math Section Score - New","2004965.","44722","492","TFS","508","504.1","472.8","TFS"
"SAT","Highest","2024-25","722","Rockdale County","3052","Rockdale County High School","All Students","Combined Test Score","2004965.","44722","492","222","1029","1037","994.7","1035.8"
"SAT","Highest","2024-25","722","Rockdale County","3052","Rockdale County High School","All Students","Evidence Based Reading and Writing - New","2004965.","44721","492","222","521","532.9","521.9","540.3"
"SAT","Highest","2024-25","722","Rockdale County","3052","Rockdale County High School","All Students","Math Section Score - New","2004965.","44722","492","222","508","504.1","472.8","495.5"
"SAT","Highest","2024-25","723","Schley County","0101","Schley Middle High School","All Students","Combined Test Score","2004965.","44722","18","18","1029","1037","979.4","979.4"
"SAT","Highest","2024-25","723","Schley County","0101","Schley Middle High School","All Students","Evidence Based Reading and Writing - New","2004965.","44721","18","18","521","532.9","513.3","513.3"
"SAT","Highest","2024-25","723","Schley County","0101","Schley Middle High School","All Students","Math Section Score - New","2004965.","44722","18","18","508","504.1","466.1","466.1"
"SAT","Highest","2024-25","724","Screven County","4052","Screven County High School","All Students","Combined Test Score","2004965.","44722","26","26","1029","1037","1036.2","1036.2"
"SAT","Highest","2024-25","724","Screven County","4052","Screven County High School","All Students","Evidence Based Reading and Writing - New","2004965.","44721","26","26","521","532.9","526.2","526.2"
"SAT","Highest","2024-25","724","Screven County","4052","Screven County High School","All Students","Math Section Score - New","2004965.","44722","26","26","508","504.1","510","510"
"SAT","Highest","2024-25","725","Seminole County","0196","Seminole County Middle/High School","All Students","Combined Test Score","2004965.","44722","36","36","1029","1037","992.8","992.8"
"SAT","Highest","2024-25","725","Seminole County","0196","Seminole County Middle/High School","All Students","Evidence Based Reading and Writing - New","2004965.","44721","36","36","521","532.9","510","510"
"SAT","Highest","2024-25","725","Seminole County","0196","Seminole County Middle/High School","All Students","Math Section Score - New","2004965.","44722","36","36","508","504.1","482.8","482.8"
"SAT","Highest","2024-25","726","Griffin-Spalding County","0101","Spalding High School","All Students","Combined Test Score","2004965.","44722","151","64","1029","1037","958.3","965.2"
"SAT","Highest","2024-25","726","Griffin-Spalding County","0101","Spalding High School","All Students","Evidence Based Reading and Writing - New","2004965.","44721","151","64","521","532.9","500.3","507.7"
"SAT","Highest","2024-25","726","Griffin-Spalding County","0101","Spalding High School","All Students","Math Section Score - New","2004965.","44722","151","64","508","504.1","458.1","457.5"
"SAT","Highest","2024-25","726","Griffin-Spalding County","0187","Griffin High School","All Students","Combined Test Score","2004965.","44722","151","87","1029","1037","958.3","953.3"
"SAT","Highest","2024-25","726","Griffin-Spalding County","0187","Griffin High School","All Students","Evidence Based Reading and Writing - New","2004965.","44721","151","87","521","532.9","500.3","494.8"
"SAT","Highest","2024-25","726","Griffin-Spalding County","0187","Griffin High School","All Students","Math Section Score - New","2004965.","44722","151","87","508","504.1","458.1","458.5"
"SAT","Highest","2024-25","727","Stephens County","5050","Stephens County High School","All Students","Combined Test Score","2004965.","44722","60","60","1029","1037","1021.3","1021.3"
"SAT","Highest","2024-25","727","Stephens County","5050","Stephens County High School","All Students","Evidence Based Reading and Writing - New","2004965.","44721","60","60","521","532.9","538","538"
"SAT","Highest","2024-25","727","Stephens County","5050","Stephens County High School","All Students","Math Section Score - New","2004965.","44722","60","60","508","504.1","483.3","483.3"
"SAT","Highest","2024-25","728","Stewart County","0201","Stewart County High School","All Students","Combined Test Score","2004965.","44722","14","14","1029","1037","965","965"
"SAT","Highest","2024-25","728","Stewart County","0201","Stewart County High School","All Students","Evidence Based Reading and Writing - New","2004965.","44721","14","14","521","532.9","490","490"
"SAT","Highest","2024-25","728","Stewart County","0201","Stewart County High School","All Students","Math Section Score - New","2004965.","44722","14","14","508","504.1","475","475"
"SAT","Highest","2024-25","729","Sumter County","0396","Furlow Charter School","All Students","Combined Test Score","2004965.","44722","51","12","1029","1037","907.8","1027.5"
"SAT","Highest","2024-25","729","Sumter County","0396","Furlow Charter School","All Students","Evidence Based Reading and Writing - New","2004965.","44721","51","12","521","532.9","474.1","535"
"SAT","Highest","2024-25","729","Sumter County","0396","Furlow Charter School","All Students","Math Section Score - New","2004965.","44722","51","12","508","504.1","433.7","492.5"
"SAT","Highest","2024-25","729","Sumter County","0397","Sumter County High School","All Students","Combined Test Score","2004965.","44722","51","39","1029","1037","907.8","871"
"SAT","Highest","2024-25","729","Sumter County","0397","Sumter County High School","All Students","Evidence Based Reading and Writing - New","2004965.","44721","51","39","521","532.9","474.1","455.4"
"SAT","Highest","2024-25","729","Sumter County","0397","Sumter County High School","All Students","Math Section Score - New","2004965.","44722","51","39","508","504.1","433.7","415.6"
"SAT","Highest","2024-25","730","Talbot County","0190","Central Elementary/High School","All Students","Combined Test Score","2004965.","44722","24","24","1029","1037","786.3","786.3"
"SAT","Highest","2024-25","730","Talbot County","0190","Central Elementary/High School","All Students","Evidence Based Reading and Writing - New","2004965.","44721","24","24","521","532.9","393.8","393.8"
"SAT","Highest","2024-25","730","Talbot County","0190","Central Elementary/High School","All Students","Math Section Score - New","2004965.","44722","24","24","508","504.1","392.5","392.5"
"SAT","Highest","2024-25","731","Taliaferro County","0102","Taliaferro County School","All Students","Combined Test Score","2004965.","44722","TFS","TFS","1029","1037","TFS","TFS"
"SAT","Highest","2024-25","731","Taliaferro County","0102","Taliaferro County School","All Students","Evidence Based Reading and Writing - New","2004965.","44721","TFS","TFS","521","532.9","TFS","TFS"
"SAT","Highest","2024-25","731","Taliaferro County","0102","Taliaferro County School","All Students","Math Section Score - New","2004965.","44722","TFS","TFS","508","504.1","TFS","TFS"
"SAT","Highest","2024-25","732","Tattnall County","0194","Tattnall County High School","All Students","Combined Test Score","2004965.","44722","38","38","1029","1037","1059.7","1059.7"
"SAT","Highest","2024-25","732","Tattnall County","0194","Tattnall County High School","All Students","Evidence Based Reading and Writing - New","2004965.","44721","38","38","521","532.9","546.3","546.3"
"SAT","Highest","2024-25","732","Tattnall County","0194","Tattnall County High School","All Students","Math Section Score - New","2004965.","44722","38","38","508","504.1","513.4","513.4"
"SAT","Highest","2024-25","733","Taylor County","0201","Taylor County High School","All Students","Combined Test Score","2004965.","44722","29","29","1029","1037","953.8","953.8"
"SAT","Highest","2024-25","733","Taylor County","0201","Taylor County High School","All Students","Evidence Based Reading and Writing - New","2004965.","44721","29","29","521","532.9","495.5","495.5"
"SAT","Highest","2024-25","733","Taylor County","0201","Taylor County High School","All Students","Math Section Score - New","2004965.","44722","29","29","508","504.1","458.3","458.3"
"SAT","Highest","2024-25","734","Telfair County","0201","Telfair County High School","All Students","Combined Test Score","2004965.","44722","22","22","1029","1037","1005","1005"
"SAT","Highest","2024-25","734","Telfair County","0201","Telfair County High School","All Students","Evidence Based Reading and Writing - New","2004965.","44721","22","22","521","532.9","516.4","516.4"
"SAT","Highest","2024-25","734","Telfair County","0201","Telfair County High School","All Students","Math Section Score - New","2004965.","44722","22","22","508","504.1","488.6","488.6"
"SAT","Highest","2024-25","735","Terrell County","0105","Terrell County High School","All Students","Combined Test Score","2004965.","44722","21","21","1029","1037","834.8","834.8"
"SAT","Highest","2024-25","735","Terrell County","0105","Terrell County High School","All Students","Evidence Based Reading and Writing - New","2004965.","44721","21","21","521","532.9","427.1","427.1"
"SAT","Highest","2024-25","735","Terrell County","0105","Terrell County High School","All Students","Math Section Score - New","2004965.","44722","21","21","508","504.1","407.6","407.6"
"SAT","Highest","2024-25","736","Thomas County","0100","Thomas County Academy","All Students","Combined Test Score","2004965.","44722","120","TFS","1029","1037","1016.2","TFS"
"SAT","Highest","2024-25","736","Thomas County","0100","Thomas County Academy","All Students","Evidence Based Reading and Writing - New","2004965.","44721","120","TFS","521","532.9","529.2","TFS"
"SAT","Highest","2024-25","736","Thomas County","0100","Thomas County Academy","All Students","Math Section Score - New","2004965.","44722","120","TFS","508","504.1","487","TFS"
"SAT","Highest","2024-25","736","Thomas County","0191","Thomas County Central High School","All Students","Combined Test Score","2004965.","44722","120","118","1029","1037","1016.2","1019.1"
"SAT","Highest","2024-25","736","Thomas County","0191","Thomas County Central High School","All Students","Evidence Based Reading and Writing - New","2004965.","44721","120","118","521","532.9","529.2","530.9"
"SAT","Highest","2024-25","736","Thomas County","0191","Thomas County Central High School","All Students","Math Section Score - New","2004965.","44722","120","118","508","504.1","487","488.1"
"SAT","Highest","2024-25","737","Tift County","3052","Northeast Middle School","All Students","Combined Test Score","2004965.","44722","124","124","1029","1037","1026.3","1026.3"
"SAT","Highest","2024-25","737","Tift County","3052","Northeast Middle School","All Students","Evidence Based Reading and Writing - New","2004965.","44721","124","124","521","532.9","535.1","535.1"
"SAT","Highest","2024-25","737","Tift County","3052","Northeast Middle School","All Students","Math Section Score - New","2004965.","44722","124","124","508","504.1","491.2","491.2"
"SAT","Highest","2024-25","738","Toombs County","0192","Toombs County High School","All Students","Combined Test Score","2004965.","44722","38","38","1029","1037","999.5","999.5"
"SAT","Highest","2024-25","738","Toombs County","0192","Toombs County High School","All Students","Evidence Based Reading and Writing - New","2004965.","44721","38","38","521","532.9","511.8","511.8"
"SAT","Highest","2024-25","738","Toombs County","0192","Toombs County High School","All Students","Math Section Score - New","2004965.","44722","38","38","508","504.1","487.6","487.6"
"SAT","Highest","2024-25","739","Towns County","0204","Towns County High School","All Students","Combined Test Score","2004965.","44722","15","15","1029","1037","1149.3","1149.3"
"SAT","Highest","2024-25","739","Towns County","0204","Towns County High School","All Students","Evidence Based Reading and Writing - New","2004965.","44721","15","15","521","532.9","606","606"
"SAT","Highest","2024-25","739","Towns County","0204","Towns County High School","All Students","Math Section Score - New","2004965.","44722","15","15","508","504.1","543.3","543.3"
"SAT","Highest","2024-25","740","Treutlen County","0213","Treutlen Middle/High School","All Students","Combined Test Score","2004965.","44722","TFS","TFS","1029","1037","TFS","TFS"
"SAT","Highest","2024-25","740","Treutlen County","0213","Treutlen Middle/High School","All Students","Evidence Based Reading and Writing - New","2004965.","44721","TFS","TFS","521","532.9","TFS","TFS"
"SAT","Highest","2024-25","740","Treutlen County","0213","Treutlen Middle/High School","All Students","Math Section Score - New","2004965.","44722","TFS","TFS","508","504.1","TFS","TFS"
"SAT","Highest","2024-25","741","Troup County","0201","Callaway High School","All Students","Combined Test Score","2004965.","44722","97","12","1029","1037","1054.5","1040"
"SAT","Highest","2024-25","741","Troup County","0201","Callaway High School","All Students","Evidence Based Reading and Writing - New","2004965.","44721","97","12","521","532.9","544.6","547.5"
"SAT","Highest","2024-25","741","Troup County","0201","Callaway High School","All Students","Math Section Score - New","2004965.","44722","97","12","508","504.1","509.9","492.5"
"SAT","Highest","2024-25","741","Troup County","0387","Troup County High School","All Students","Combined Test Score","2004965.","44722","97","37","1029","1037","1054.5","1022.2"
"SAT","Highest","2024-25","741","Troup County","0387","Troup County High School","All Students","Evidence Based Reading and Writing - New","2004965.","44721","97","37","521","532.9","544.6","535.1"
"SAT","Highest","2024-25","741","Troup County","0387","Troup County High School","All Students","Math Section Score - New","2004965.","44722","97","37","508","504.1","509.9","487"
"SAT","Highest","2024-25","741","Troup County","1052","LaGrange High School","All Students","Combined Test Score","2004965.","44722","97","48","1029","1037","1054.5","1083.1"
"SAT","Highest","2024-25","741","Troup County","1052","LaGrange High School","All Students","Evidence Based Reading and Writing - New","2004965.","44721","97","48","521","532.9","544.6","551.3"
"SAT","Highest","2024-25","741","Troup County","1052","LaGrange High School","All Students","Math Section Score - New","2004965.","44722","97","48","508","504.1","509.9","531.9"
"SAT","Highest","2024-25","742","Turner County","3050","Turner County High School","All Students","Combined Test Score","2004965.","44722","16","16","1029","1037","916.3","916.3"
"SAT","Highest","2024-25","742","Turner County","3050","Turner County High School","All Students","Evidence Based Reading and Writing - New","2004965.","44721","16","16","521","532.9","464.4","464.4"
"SAT","Highest","2024-25","742","Turner County","3050","Turner County High School","All Students","Math Section Score - New","2004965.","44722","16","16","508","504.1","451.9","451.9"
"SAT","Highest","2024-25","743","Twiggs County","0201","Twiggs County High School","All Students","Combined Test Score","2004965.","44722","13","13","1029","1037","863.8","863.8"
"SAT","Highest","2024-25","743","Twiggs County","0201","Twiggs County High School","All Students","Evidence Based Reading and Writing - New","2004965.","44721","13","13","521","532.9","448.5","448.5"
"SAT","Highest","2024-25","743","Twiggs County","0201","Twiggs County High School","All Students","Math Section Score - New","2004965.","44722","13","13","508","504.1","415.4","415.4"
"SAT","Highest","2024-25","744","Union County","0101","Union County High School","All Students","Combined Test Score","2004965.","44722","74","74","1029","1037","1014.6","1014.6"
"SAT","Highest","2024-25","744","Union County","0101","Union County High School","All Students","Evidence Based Reading and Writing - New","2004965.","44721","74","74","521","532.9","533.1","533.1"
"SAT","Highest","2024-25","744","Union County","0101","Union County High School","All Students","Math Section Score - New","2004965.","44722","74","74","508","504.1","481.5","481.5"
"SAT","Highest","2024-25","745","Thomaston-Upson County","0195","Upson-Lee High School","All Students","Combined Test Score","2004965.","44722","75","75","1029","1037","1001.5","1001.5"
"SAT","Highest","2024-25","745","Thomaston-Upson County","0195","Upson-Lee High School","All Students","Evidence Based Reading and Writing - New","2004965.","44721","75","75","521","532.9","521.1","521.1"
"SAT","Highest","2024-25","745","Thomaston-Upson County","0195","Upson-Lee High School","All Students","Math Section Score - New","2004965.","44722","75","75","508","504.1","480.4","480.4"
"SAT","Highest","2024-25","746","Walker County","0190","Ridgeland High School","All Students","Combined Test Score","2004965.","44722","16","TFS","1029","1037","1136.9","TFS"
"SAT","Highest","2024-25","746","Walker County","0190","Ridgeland High School","All Students","Evidence Based Reading and Writing - New","2004965.","44721","16","TFS","521","532.9","604.4","TFS"
"SAT","Highest","2024-25","746","Walker County","0190","Ridgeland High School","All Students","Math Section Score - New","2004965.","44722","16","TFS","508","504.1","532.5","TFS"
"SAT","Highest","2024-25","746","Walker County","0198","LaFayette High School","All Students","Combined Test Score","2004965.","44722","16","TFS","1029","1037","1136.9","TFS"
"SAT","Highest","2024-25","746","Walker County","0198","LaFayette High School","All Students","Evidence Based Reading and Writing - New","2004965.","44721","16","TFS","521","532.9","604.4","TFS"
"SAT","Highest","2024-25","746","Walker County","0198","LaFayette High School","All Students","Math Section Score - New","2004965.","44722","16","TFS","508","504.1","532.5","TFS"
"SAT","Highest","2024-25","747","Walton County","0111","Walnut Grove High School","All Students","Combined Test Score","2004965.","44722","354","115","1029","1037","1042.3","1036.4"
"SAT","Highest","2024-25","747","Walton County","0111","Walnut Grove High School","All Students","Evidence Based Reading and Writing - New","2004965.","44721","354","115","521","532.9","538.2","537"
"SAT","Highest","2024-25","747","Walton County","0111","Walnut Grove High School","All Students","Math Section Score - New","2004965.","44722","354","115","508","504.1","504.1","499.5"
"SAT","Highest","2024-25","747","Walton County","0199","Loganville High School","All Students","Combined Test Score","2004965.","44722","354","159","1029","1037","1042.3","1061.7"
"SAT","Highest","2024-25","747","Walton County","0199","Loganville High School","All Students","Evidence Based Reading and Writing - New","2004965.","44721","354","159","521","532.9","538.2","544.9"
"SAT","Highest","2024-25","747","Walton County","0199","Loganville High School","All Students","Math Section Score - New","2004965.","44722","354","159","508","504.1","504.1","516.8"
"SAT","Highest","2024-25","747","Walton County","0205","Monroe Area High School","All Students","Combined Test Score","2004965.","44722","354","80","1029","1037","1042.3","1012"
"SAT","Highest","2024-25","747","Walton County","0205","Monroe Area High School","All Students","Evidence Based Reading and Writing - New","2004965.","44721","354","80","521","532.9","538.2","526.6"
"SAT","Highest","2024-25","747","Walton County","0205","Monroe Area High School","All Students","Math Section Score - New","2004965.","44722","354","80","508","504.1","504.1","485.4"
"SAT","Highest","2024-25","748","Ware County","0195","Ware County High School","All Students","Combined Test Score","2004965.","44722","77","77","1029","1037","1008.3","1008.3"
"SAT","Highest","2024-25","748","Ware County","0195","Ware County High School","All Students","Evidence Based Reading and Writing - New","2004965.","44721","77","77","521","532.9","530.1","530.1"
"SAT","Highest","2024-25","748","Ware County","0195","Ware County High School","All Students","Math Section Score - New","2004965.","44722","77","77","508","504.1","478.2","478.2"
"SAT","Highest","2024-25","749","Warren County","0205","Warren County High School","All Students","Combined Test Score","2004965.","44722","33","33","1029","1037","869.4","869.4"
"SAT","Highest","2024-25","749","Warren County","0205","Warren County High School","All Students","Evidence Based Reading and Writing - New","2004965.","44721","33","33","521","532.9","459.1","459.1"
"SAT","Highest","2024-25","749","Warren County","0205","Warren County High School","All Students","Math Section Score - New","2004965.","44722","33","33","508","504.1","410.3","410.3"
"SAT","Highest","2024-25","750","Washington County","1052","Washington County High School","All Students","Combined Test Score","2004965.","44722","41","41","1029","1037","951.2","951.2"
"SAT","Highest","2024-25","750","Washington County","1052","Washington County High School","All Students","Evidence Based Reading and Writing - New","2004965.","44721","41","41","521","532.9","490.2","490.2"
"SAT","Highest","2024-25","750","Washington County","1052","Washington County High School","All Students","Math Section Score - New","2004965.","44722","41","41","508","504.1","461","461"
"SAT","Highest","2024-25","751","Wayne County","0101","Wayne County High School","All Students","Combined Test Score","2004965.","44722","96","96","1029","1037","993.4","993.4"
"SAT","Highest","2024-25","751","Wayne County","0101","Wayne County High School","All Students","Evidence Based Reading and Writing - New","2004965.","44721","96","96","521","532.9","507.1","507.1"
"SAT","Highest","2024-25","751","Wayne County","0101","Wayne County High School","All Students","Math Section Score - New","2004965.","44722","96","96","508","504.1","486.4","486.4"
"SAT","Highest","2024-25","752","Webster County","0108","Webster County High School","All Students","Combined Test Score","2004965.","44722","10","10","1029","1037","878","878"
"SAT","Highest","2024-25","752","Webster County","0108","Webster County High School","All Students","Evidence Based Reading and Writing - New","2004965.","44721","10","10","521","532.9","457","457"
"SAT","Highest","2024-25","752","Webster County","0108","Webster County High School","All Students","Math Section Score - New","2004965.","44722","10","10","508","504.1","421","421"
"SAT","Highest","2024-25","753","Wheeler County","3052","Wheeler County High School","All Students","Combined Test Score","2004965.","44722","12","12","1029","1037","980","980"
"SAT","Highest","2024-25","753","Wheeler County","3052","Wheeler County High School","All Students","Evidence Based Reading and Writing - New","2004965.","44721","12","12","521","532.9","513.3","513.3"
"SAT","Highest","2024-25","753","Wheeler County","3052","Wheeler County High School","All Students","Math Section Score - New","2004965.","44722","12","12","508","504.1","466.7","466.7"
"SAT","Highest","2024-25","754","White County","0105","White County High School","All Students","Combined Test Score","2004965.","44722","78","78","1029","1037","1054.7","1054.7"
"SAT","Highest","2024-25","754","White County","0105","White County High School","All Students","Evidence Based Reading and Writing - New","2004965.","44721","78","78","521","532.9","546","546"
"SAT","Highest","2024-25","754","White County","0105","White County High School","All Students","Math Section Score - New","2004965.","44722","78","78","508","504.1","508.7","508.7"
"SAT","Highest","2024-25","755","Whitfield County","0112","Coahulla Creek High School","All Students","Combined Test Score","2004965.","44722","172","49","1029","1037","1053.8","1047.3"
"SAT","Highest","2024-25","755","Whitfield County","0112","Coahulla Creek High School","All Students","Essay Analysis Score - New","251537.0","9","TFS","TFS","3","3.2","TFS","TFS"
"SAT","Highest","2024-25","755","Whitfield County","0112","Coahulla Creek High School","All Students","Essay Reading Score - New","251537.0","9","TFS","TFS","4","4.9","TFS","TFS"
"SAT","Highest","2024-25","755","Whitfield County","0112","Coahulla Creek High School","All Students","Essay Total","251537.0","9","TFS","TFS","11","13.1","TFS","TFS"
"SAT","Highest","2024-25","755","Whitfield County","0112","Coahulla Creek High School","All Students","Essay Writing Score - New","251537.0","9","TFS","TFS","4","5","TFS","TFS"
"SAT","Highest","2024-25","755","Whitfield County","0112","Coahulla Creek High School","All Students","Evidence Based Reading and Writing - New","2004965.","44721","172","49","521","532.9","540.4","540.6"
"SAT","Highest","2024-25","755","Whitfield County","0112","Coahulla Creek High School","All Students","Math Section Score - New","2004965.","44722","172","49","508","504.1","513.4","506.7"
"SAT","Highest","2024-25","755","Whitfield County","0175","Northwest Whitfield County High School","All Students","Combined Test Score","2004965.","44722","172","65","1029","1037","1053.8","1067.4"
"SAT","Highest","2024-25","755","Whitfield County","0175","Northwest Whitfield County High School","All Students","Evidence Based Reading and Writing - New","2004965.","44721","172","65","521","532.9","540.4","543.8"
"SAT","Highest","2024-25","755","Whitfield County","0175","Northwest Whitfield County High School","All Students","Math Section Score - New","2004965.","44722","172","65","508","504.1","513.4","523.5"
"SAT","Highest","2024-25","755","Whitfield County","0275","Southeast Whitfield County High School","All Students","Combined Test Score","2004965.","44722","172","58","1029","1037","1053.8","1044.1"
"SAT","Highest","2024-25","755","Whitfield County","0275","Southeast Whitfield County High School","All Students","Evidence Based Reading and Writing - New","2004965.","44721","172","58","521","532.9","540.4","536.4"
"SAT","Highest","2024-25","755","Whitfield County","0275","Southeast Whitfield County High School","All Students","Math Section Score - New","2004965.","44722","172","58","508","504.1","513.4","507.8"
"SAT","Highest","2024-25","756","Wilcox County","0201","Wilcox County High School","All Students","Combined Test Score","2004965.","44722","22","22","1029","1037","973.2","973.2"
"SAT","Highest","2024-25","756","Wilcox County","0201","Wilcox County High School","All Students","Evidence Based Reading and Writing - New","2004965.","44721","22","22","521","532.9","508.6","508.6"
"SAT","Highest","2024-25","756","Wilcox County","0201","Wilcox County High School","All Students","Math Section Score - New","2004965.","44722","22","22","508","504.1","464.5","464.5"
"SAT","Highest","2024-25","757","Wilkes County","0110","Washington-Wilkes Comprehensive High School","All Students","Combined Test Score","2004965.","44722","25","25","1029","1037","1008","1008"
"SAT","Highest","2024-25","757","Wilkes County","0110","Washington-Wilkes Comprehensive High School","All Students","Evidence Based Reading and Writing - New","2004965.","44721","25","25","521","532.9","514.8","514.8"
"SAT","Highest","2024-25","757","Wilkes County","0110","Washington-Wilkes Comprehensive High School","All Students","Math Section Score - New","2004965.","44722","25","25","508","504.1","493.2","493.2"
"SAT","Highest","2024-25","758","Wilkinson County","3050","Wilkinson County High School","All Students","Combined Test Score","2004965.","44722","22","22","1029","1037","873.2","873.2"
"SAT","Highest","2024-25","758","Wilkinson County","3050","Wilkinson County High School","All Students","Evidence Based Reading and Writing - New","2004965.","44721","22","22","521","532.9","461.4","461.4"
"SAT","Highest","2024-25","758","Wilkinson County","3050","Wilkinson County High School","All Students","Math Section Score - New","2004965.","44722","22","22","508","504.1","411.8","411.8"
"SAT","Highest","2024-25","759","Worth County","0176","Worth County High School","All Students","Combined Test Score","2004965.","44722","68","68","1029","1037","968.1","968.1"
"SAT","Highest","2024-25","759","Worth County","0176","Worth County High School","All Students","Evidence Based Reading and Writing - New","2004965.","44721","68","68","521","532.9","508.8","508.8"
"SAT","Highest","2024-25","759","Worth County","0176","Worth County High School","All Students","Math Section Score - New","2004965.","44722","68","68","508","504.1","459.3","459.3"
"SAT","Highest","2024-25","761","Atlanta Public Schools","0106","Carver High School Early College","All Students","Combined Test Score","2004965.","44722","858","22","1029","1037","1033.3","962.7"
"SAT","Highest","2024-25","761","Atlanta Public Schools","0106","Carver High School Early College","All Students","Evidence Based Reading and Writing - New","2004965.","44721","858","22","521","532.9","536.1","505.9"
"SAT","Highest","2024-25","761","Atlanta Public Schools","0106","Carver High School Early College","All Students","Math Section Score - New","2004965.","44722","858","22","508","504.1","497.2","456.8"
"SAT","Highest","2024-25","761","Atlanta Public Schools","0108","South Atlanta School of Health and Medical Science","All Students","Combined Test Score","2004965.","44722","858","58","1029","1037","1033.3","890.5"
"SAT","Highest","2024-25","761","Atlanta Public Schools","0108","South Atlanta School of Health and Medical Science","All Students","Evidence Based Reading and Writing - New","2004965.","44721","858","58","521","532.9","536.1","470"
"SAT","Highest","2024-25","761","Atlanta Public Schools","0108","South Atlanta School of Health and Medical Science","All Students","Math Section Score - New","2004965.","44722","858","58","508","504.1","497.2","420.5"
"SAT","Highest","2024-25","761","Atlanta Public Schools","0118","The Best Academy High School at Benjamin S. Carson","All Students","Combined Test Score","2004965.","44722","858","TFS","1029","1037","1033.3","TFS"
"SAT","Highest","2024-25","761","Atlanta Public Schools","0118","The Best Academy High School at Benjamin S. Carson","All Students","Evidence Based Reading and Writing - New","2004965.","44721","858","TFS","521","532.9","536.1","TFS"
"SAT","Highest","2024-25","761","Atlanta Public Schools","0118","The Best Academy High School at Benjamin S. Carson","All Students","Math Section Score - New","2004965.","44722","858","TFS","508","504.1","497.2","TFS"
"SAT","Highest","2024-25","761","Atlanta Public Schools","0121","Coretta Scott King Young Women's Academy High School","All Students","Combined Test Score","2004965.","44722","858","16","1029","1037","1033.3","1020.6"
"SAT","Highest","2024-25","761","Atlanta Public Schools","0121","Coretta Scott King Young Women's Academy High School","All Students","Evidence Based Reading and Writing - New","2004965.","44721","858","16","521","532.9","536.1","540.6"
"SAT","Highest","2024-25","761","Atlanta Public Schools","0121","Coretta Scott King Young Women's Academy High School","All Students","Math Section Score - New","2004965.","44722","858","16","508","504.1","497.2","480"
"SAT","Highest","2024-25","761","Atlanta Public Schools","0133","Atlanta Classical Charter Academy Facility","All Students","Combined Test Score","2004965.","44722","858","12","1029","1037","1033.3","1266.7"
"SAT","Highest","2024-25","761","Atlanta Public Schools","0133","Atlanta Classical Charter Academy Facility","All Students","Evidence Based Reading and Writing - New","2004965.","44721","858","12","521","532.9","536.1","660.8"
"SAT","Highest","2024-25","761","Atlanta Public Schools","0133","Atlanta Classical Charter Academy Facility","All Students","Math Section Score - New","2004965.","44722","858","12","508","504.1","497.2","605.8"
"SAT","Highest","2024-25","761","Atlanta Public Schools","0182","Benjamin E. Mays High School","All Students","Combined Test Score","2004965.","44722","858","40","1029","1037","1033.3","936"
"SAT","Highest","2024-25","761","Atlanta Public Schools","0182","Benjamin E. Mays High School","All Students","Evidence Based Reading and Writing - New","2004965.","44721","858","40","521","532.9","536.1","468.8"
"SAT","Highest","2024-25","761","Atlanta Public Schools","0182","Benjamin E. Mays High School","All Students","Math Section Score - New","2004965.","44722","858","40","508","504.1","497.2","467.3"
"SAT","Highest","2024-25","761","Atlanta Public Schools","0186","Maynard Jackson High School","All Students","Combined Test Score","2004965.","44722","858","115","1029","1037","1033.3","1050.7"
"SAT","Highest","2024-25","761","Atlanta Public Schools","0186","Maynard Jackson High School","All Students","Evidence Based Reading and Writing - New","2004965.","44721","858","115","521","532.9","536.1","549"
"SAT","Highest","2024-25","761","Atlanta Public Schools","0186","Maynard Jackson High School","All Students","Math Section Score - New","2004965.","44722","858","115","508","504.1","497.2","501.7"
"SAT","Highest","2024-25","761","Atlanta Public Schools","0192","North Atlanta High School","All Students","Combined Test Score","2004965.","44722","858","216","1029","1037","1033.3","1105.7"
"SAT","Highest","2024-25","761","Atlanta Public Schools","0192","North Atlanta High School","All Students","Evidence Based Reading and Writing - New","2004965.","44721","858","216","521","532.9","536.1","571.4"
"SAT","Highest","2024-25","761","Atlanta Public Schools","0192","North Atlanta High School","All Students","Math Section Score - New","2004965.","44722","858","216","508","504.1","497.2","534.3"
"SAT","Highest","2024-25","761","Atlanta Public Schools","0212","Kipp Atlanta Collegiate Charter School","All Students","Combined Test Score","2004965.","44722","858","24","1029","1037","1033.3","946.3"
"SAT","Highest","2024-25","761","Atlanta Public Schools","0212","Kipp Atlanta Collegiate Charter School","All Students","Evidence Based Reading and Writing - New","2004965.","44721","858","24","521","532.9","536.1","478.3"
"SAT","Highest","2024-25","761","Atlanta Public Schools","0212","Kipp Atlanta Collegiate Charter School","All Students","Math Section Score - New","2004965.","44722","858","24","508","504.1","497.2","467.9"
"SAT","Highest","2024-25","761","Atlanta Public Schools","0306","School of Technology at Carver","All Students","Combined Test Score","2004965.","44722","858","TFS","1029","1037","1033.3","TFS"
"SAT","Highest","2024-25","761","Atlanta Public Schools","0306","School of Technology at Carver","All Students","Evidence Based Reading and Writing - New","2004965.","44721","858","TFS","521","532.9","536.1","TFS"
"SAT","Highest","2024-25","761","Atlanta Public Schools","0306","School of Technology at Carver","All Students","Math Section Score - New","2004965.","44722","858","TFS","508","504.1","497.2","TFS"
"SAT","Highest","2024-25","761","Atlanta Public Schools","0315","Booker T. Washington High School","All Students","Combined Test Score","2004965.","44722","858","38","1029","1037","1033.3","878.7"
"SAT","Highest","2024-25","761","Atlanta Public Schools","0315","Booker T. Washington High School","All Students","Evidence Based Reading and Writing - New","2004965.","44721","858","38","521","532.9","536.1","452.4"
"SAT","Highest","2024-25","761","Atlanta Public Schools","0315","Booker T. Washington High School","All Students","Math Section Score - New","2004965.","44722","858","38","508","504.1","497.2","426.3"
"SAT","Highest","2024-25","761","Atlanta Public Schools","0403","Hank Aaron New Beginnings Academy","All Students","Combined Test Score","2004965.","44722","858","TFS","1029","1037","1033.3","TFS"
"SAT","Highest","2024-25","761","Atlanta Public Schools","0403","Hank Aaron New Beginnings Academy","All Students","Evidence Based Reading and Writing - New","2004965.","44721","858","TFS","521","532.9","536.1","TFS"
"SAT","Highest","2024-25","761","Atlanta Public Schools","0403","Hank Aaron New Beginnings Academy","All Students","Math Section Score - New","2004965.","44722","858","TFS","508","504.1","497.2","TFS"
"SAT","Highest","2024-25","761","Atlanta Public Schools","0406","School of Health Sciences and Research at Carver","All Students","Combined Test Score","2004965.","44722","858","14","1029","1037","1033.3","879.3"
"SAT","Highest","2024-25","761","Atlanta Public Schools","0406","School of Health Sciences and Research at Carver","All Students","Evidence Based Reading and Writing - New","2004965.","44721","858","14","521","532.9","536.1","459.3"
"SAT","Highest","2024-25","761","Atlanta Public Schools","0406","School of Health Sciences and Research at Carver","All Students","Math Section Score - New","2004965.","44722","858","14","508","504.1","497.2","420"
"SAT","Highest","2024-25","761","Atlanta Public Schools","0515","Charles Drew Charter JA/SR Academy","All Students","Combined Test Score","2004965.","44722","858","72","1029","1037","1033.3","1020.4"
"SAT","Highest","2024-25","761","Atlanta Public Schools","0515","Charles Drew Charter JA/SR Academy","All Students","Evidence Based Reading and Writing - New","2004965.","44721","858","72","521","532.9","536.1","536.5"
"SAT","Highest","2024-25","761","Atlanta Public Schools","0515","Charles Drew Charter JA/SR Academy","All Students","Math Section Score - New","2004965.","44722","858","72","508","504.1","497.2","483.9"
"SAT","Highest","2024-25","761","Atlanta Public Schools","0708","Therrell School of Health and Science","All Students","Combined Test Score","2004965.","44722","858","33","1029","1037","1033.3","922.4"
"SAT","Highest","2024-25","761","Atlanta Public Schools","0708","Therrell School of Health and Science","All Students","Evidence Based Reading and Writing - New","2004965.","44721","858","33","521","532.9","536.1","479.7"
"SAT","Highest","2024-25","761","Atlanta Public Schools","0708","Therrell School of Health and Science","All Students","Math Section Score - New","2004965.","44722","858","33","508","504.1","497.2","442.7"
"SAT","Highest","2024-25","761","Atlanta Public Schools","4058","Frederick Douglass High School","All Students","Combined Test Score","2004965.","44722","858","34","1029","1037","1033.3","862.1"
"SAT","Highest","2024-25","761","Atlanta Public Schools","4058","Frederick Douglass High School","All Students","Evidence Based Reading and Writing - New","2004965.","44721","858","34","521","532.9","536.1","456.8"
"SAT","Highest","2024-25","761","Atlanta Public Schools","4058","Frederick Douglass High School","All Students","Math Section Score - New","2004965.","44722","858","34","508","504.1","497.2","405.3"
"SAT","Highest","2024-25","761","Atlanta Public Schools","4560","Midtown High School","All Students","Combined Test Score","2004965.","44722","858","159","1029","1037","1033.3","1124.3"
"SAT","Highest","2024-25","761","Atlanta Public Schools","4560","Midtown High School","All Students","Evidence Based Reading and Writing - New","2004965.","44721","858","159","521","532.9","536.1","579.7"
"SAT","Highest","2024-25","761","Atlanta Public Schools","4560","Midtown High School","All Students","Math Section Score - New","2004965.","44722","858","159","508","504.1","497.2","544.6"
"SAT","Highest","2024-25","763","Bremen City","0201","Bremen High School","All Students","Combined Test Score","2004965.","44722","72","72","1029","1037","1097.8","1097.8"
"SAT","Highest","2024-25","763","Bremen City","0201","Bremen High School","All Students","Evidence Based Reading and Writing - New","2004965.","44721","72","72","521","532.9","557.8","557.8"
"SAT","Highest","2024-25","763","Bremen City","0201","Bremen High School","All Students","Math Section Score - New","2004965.","44722","72","72","508","504.1","540","540"
"SAT","Highest","2024-25","764","Buford City","0191","Buford High School","All Students","Combined Test Score","2004965.","44722","213","213","1029","1037","1113.3","1113.3"
"SAT","Highest","2024-25","764","Buford City","0191","Buford High School","All Students","Essay Analysis Score - New","251537.0","9","TFS","TFS","3","3.2","TFS","TFS"
"SAT","Highest","2024-25","764","Buford City","0191","Buford High School","All Students","Essay Reading Score - New","251537.0","9","TFS","TFS","4","4.9","TFS","TFS"
"SAT","Highest","2024-25","764","Buford City","0191","Buford High School","All Students","Essay Total","251537.0","9","TFS","TFS","11","13.1","TFS","TFS"
"SAT","Highest","2024-25","764","Buford City","0191","Buford High School","All Students","Essay Writing Score - New","251537.0","9","TFS","TFS","4","5","TFS","TFS"
"SAT","Highest","2024-25","764","Buford City","0191","Buford High School","All Students","Evidence Based Reading and Writing - New","2004965.","44721","213","213","521","532.9","567.6","567.6"
"SAT","Highest","2024-25","764","Buford City","0191","Buford High School","All Students","Math Section Score - New","2004965.","44722","213","213","508","504.1","545.7","545.7"
"SAT","Highest","2024-25","765","Calhoun City","3050","Calhoun High School","All Students","Combined Test Score","2004965.","44722","61","61","1029","1037","1053.4","1053.4"
"SAT","Highest","2024-25","765","Calhoun City","3050","Calhoun High School","All Students","Evidence Based Reading and Writing - New","2004965.","44721","61","61","521","532.9","538.7","538.7"
"SAT","Highest","2024-25","765","Calhoun City","3050","Calhoun High School","All Students","Math Section Score - New","2004965.","44722","61","61","508","504.1","514.8","514.8"
"SAT","Highest","2024-25","766","Carrollton City","1050","Carrollton High School","All Students","Combined Test Score","2004965.","44722","181","181","1029","1037","1052.9","1052.9"
"SAT","Highest","2024-25","766","Carrollton City","1050","Carrollton High School","All Students","Evidence Based Reading and Writing - New","2004965.","44721","181","181","521","532.9","543.3","543.3"
"SAT","Highest","2024-25","766","Carrollton City","1050","Carrollton High School","All Students","Math Section Score - New","2004965.","44722","181","181","508","504.1","509.6","509.6"
"SAT","Highest","2024-25","767","Cartersville City","2050","Cartersville High School","All Students","Combined Test Score","2004965.","44722","101","101","1029","1037","1056.5","1056.5"
"SAT","Highest","2024-25","767","Cartersville City","2050","Cartersville High School","All Students","Evidence Based Reading and Writing - New","2004965.","44721","101","101","521","532.9","538","538"
"SAT","Highest","2024-25","767","Cartersville City","2050","Cartersville High School","All Students","Math Section Score - New","2004965.","44722","101","101","508","504.1","518.5","518.5"
"SAT","Highest","2024-25","769","Chickamauga City","0211","Gordon Lee High School","All Students","Combined Test Score","2004965.","44722","13","13","1029","1037","1040.8","1040.8"
"SAT","Highest","2024-25","769","Chickamauga City","0211","Gordon Lee High School","All Students","Evidence Based Reading and Writing - New","2004965.","44721","13","13","521","532.9","521.5","521.5"
"SAT","Highest","2024-25","769","Chickamauga City","0211","Gordon Lee High School","All Students","Math Section Score - New","2004965.","44722","13","13","508","504.1","519.2","519.2"
"SAT","Highest","2024-25","771","Commerce City","0112","Commerce High School","All Students","Combined Test Score","2004965.","44722","35","35","1029","1037","1069.4","1069.4"
"SAT","Highest","2024-25","771","Commerce City","0112","Commerce High School","All Students","Evidence Based Reading and Writing - New","2004965.","44721","35","35","521","532.9","548","548"
"SAT","Highest","2024-25","771","Commerce City","0112","Commerce High School","All Students","Math Section Score - New","2004965.","44722","35","35","508","504.1","521.4","521.4"
"SAT","Highest","2024-25","772","Dalton Public Schools","4050","Dalton High School","All Students","Combined Test Score","2004965.","44722","116","116","1029","1037","1045","1045"
"SAT","Highest","2024-25","772","Dalton Public Schools","4050","Dalton High School","All Students","Evidence Based Reading and Writing - New","2004965.","44721","116","116","521","532.9","543.8","543.8"
"SAT","Highest","2024-25","772","Dalton Public Schools","4050","Dalton High School","All Students","Math Section Score - New","2004965.","44722","116","116","508","504.1","501.2","501.2"
"SAT","Highest","2024-25","773","City Schools of Decatur","3050","Decatur High School","All Students","Combined Test Score","2004965.","44722","242","242","1029","1037","1155.2","1155.2"
"SAT","Highest","2024-25","773","City Schools of Decatur","3050","Decatur High School","All Students","Evidence Based Reading and Writing - New","2004965.","44721","242","242","521","532.9","596.2","596.2"
"SAT","Highest","2024-25","773","City Schools of Decatur","3050","Decatur High School","All Students","Math Section Score - New","2004965.","44722","242","242","508","504.1","559","559"
"SAT","Highest","2024-25","774","Dublin City","0211","Dublin High School","All Students","Combined Test Score","2004965.","44722","37","37","1029","1037","923.2","923.2"
"SAT","Highest","2024-25","774","Dublin City","0211","Dublin High School","All Students","Essay Analysis Score - New","251537.0","9","TFS","TFS","3","3.2","TFS","TFS"
"SAT","Highest","2024-25","774","Dublin City","0211","Dublin High School","All Students","Essay Reading Score - New","251537.0","9","TFS","TFS","4","4.9","TFS","TFS"
"SAT","Highest","2024-25","774","Dublin City","0211","Dublin High School","All Students","Essay Total","251537.0","9","TFS","TFS","11","13.1","TFS","TFS"
"SAT","Highest","2024-25","774","Dublin City","0211","Dublin High School","All Students","Essay Writing Score - New","251537.0","9","TFS","TFS","4","5","TFS","TFS"
"SAT","Highest","2024-25","774","Dublin City","0211","Dublin High School","All Students","Evidence Based Reading and Writing - New","2004965.","44721","37","37","521","532.9","480.3","480.3"
"SAT","Highest","2024-25","774","Dublin City","0211","Dublin High School","All Students","Math Section Score - New","2004965.","44722","37","37","508","504.1","443","443"
"SAT","Highest","2024-25","776","Gainesville City","3050","Gainesville High School","All Students","Combined Test Score","2004965.","44722","174","174","1029","1037","1010.9","1010.9"
"SAT","Highest","2024-25","776","Gainesville City","3050","Gainesville High School","All Students","Evidence Based Reading and Writing - New","2004965.","44721","174","174","521","532.9","514.3","514.3"
"SAT","Highest","2024-25","776","Gainesville City","3050","Gainesville High School","All Students","Math Section Score - New","2004965.","44722","174","174","508","504.1","496.6","496.6"
"SAT","Highest","2024-25","779","Jefferson City","0174","Jefferson High School","All Students","Combined Test Score","2004965.","44722","132","132","1029","1037","1093.6","1093.6"
"SAT","Highest","2024-25","779","Jefferson City","0174","Jefferson High School","All Students","Evidence Based Reading and Writing - New","2004965.","44721","132","132","521","532.9","552.3","552.3"
"SAT","Highest","2024-25","779","Jefferson City","0174","Jefferson High School","All Students","Math Section Score - New","2004965.","44722","132","132","508","504.1","541.3","541.3"
"SAT","Highest","2024-25","781","Marietta City","0101","Marietta High School","All Students","Combined Test Score","2004965.","44722","181","181","1029","1037","1078.4","1078.4"
"SAT","Highest","2024-25","781","Marietta City","0101","Marietta High School","All Students","Evidence Based Reading and Writing - New","2004965.","44721","181","181","521","532.9","556.2","556.2"
"SAT","Highest","2024-25","781","Marietta City","0101","Marietta High School","All Students","Math Section Score - New","2004965.","44722","181","181","508","504.1","522.2","522.2"
"SAT","Highest","2024-25","7820108","State Charter Schools- Mountain Education Center School","0108","Mountain Education High School","All Students","Combined Test Score","2004965.","44722","TFS","TFS","1029","1037","TFS","TFS"
"SAT","Highest","2024-25","7820108","State Charter Schools- Mountain Education Center School","0108","Mountain Education High School","All Students","Evidence Based Reading and Writing - New","2004965.","44721","TFS","TFS","521","532.9","TFS","TFS"
"SAT","Highest","2024-25","7820108","State Charter Schools- Mountain Education Center School","0108","Mountain Education High School","All Students","Math Section Score - New","2004965.","44722","TFS","TFS","508","504.1","TFS","TFS"
"SAT","Highest","2024-25","7820412","State Charter Schools- Georgia Connections Academy","0412","Georgia Connections Academy (Virtual)","All Students","Combined Test Score","2004965.","44722","119","119","1029","1037","1049.7","1049.7"
"SAT","Highest","2024-25","7820412","State Charter Schools- Georgia Connections Academy","0412","Georgia Connections Academy (Virtual)","All Students","Evidence Based Reading and Writing - New","2004965.","44721","119","119","521","532.9","560.5","560.5"
"SAT","Highest","2024-25","7820412","State Charter Schools- Georgia Connections Academy","0412","Georgia Connections Academy (Virtual)","All Students","Math Section Score - New","2004965.","44722","119","119","508","504.1","489.2","489.2"
"SAT","Highest","2024-25","7820613","State Charter Schools- Foothills Charter High School (Madison Campus)","0613","Foothills Regional High School","All Students","Combined Test Score","2004965.","44722","TFS","TFS","1029","1037","TFS","TFS"
"SAT","Highest","2024-25","7820613","State Charter Schools- Foothills Charter High School (Madison Campus)","0613","Foothills Regional High School","All Students","Evidence Based Reading and Writing - New","2004965.","44721","TFS","TFS","521","532.9","TFS","TFS"
"SAT","Highest","2024-25","7820613","State Charter Schools- Foothills Charter High School (Madison Campus)","0613","Foothills Regional High School","All Students","Math Section Score - New","2004965.","44722","TFS","TFS","508","504.1","TFS","TFS"
"SAT","Highest","2024-25","7820618","State Charter Schools- Coastal Plains Charter High School - Candler Campus","0618","Coastal Plains High School","All Students","Combined Test Score","2004965.","44722","TFS","TFS","1029","1037","TFS","TFS"
"SAT","Highest","2024-25","7820618","State Charter Schools- Coastal Plains Charter High School - Candler Campus","0618","Coastal Plains High School","All Students","Evidence Based Reading and Writing - New","2004965.","44721","TFS","TFS","521","532.9","TFS","TFS"
"SAT","Highest","2024-25","7820618","State Charter Schools- Coastal Plains Charter High School - Candler Campus","0618","Coastal Plains High School","All Students","Math Section Score - New","2004965.","44722","TFS","TFS","508","504.1","TFS","TFS"
"SAT","Highest","2024-25","7830103","State Charter Schools II- Statesboro STEAM Academy","0103","Statesboro STEAM Academy","All Students","Combined Test Score","2004965.","44722","TFS","TFS","1029","1037","TFS","TFS"
"SAT","Highest","2024-25","7830103","State Charter Schools II- Statesboro STEAM Academy","0103","Statesboro STEAM Academy","All Students","Evidence Based Reading and Writing - New","2004965.","44721","TFS","TFS","521","532.9","TFS","TFS"
"SAT","Highest","2024-25","7830103","State Charter Schools II- Statesboro STEAM Academy","0103","Statesboro STEAM Academy","All Students","Math Section Score - New","2004965.","44722","TFS","TFS","508","504.1","TFS","TFS"
"SAT","Highest","2024-25","7830210","State Charter Schools II- Pataula Charter Academy","0210","Pataula Charter Academy","All Students","Combined Test Score","2004965.","44722","24","24","1029","1037","959.6","959.6"
"SAT","Highest","2024-25","7830210","State Charter Schools II- Pataula Charter Academy","0210","Pataula Charter Academy","All Students","Evidence Based Reading and Writing - New","2004965.","44721","24","24","521","532.9","506.3","506.3"
"SAT","Highest","2024-25","7830210","State Charter Schools II- Pataula Charter Academy","0210","Pataula Charter Academy","All Students","Math Section Score - New","2004965.","44722","24","24","508","504.1","453.3","453.3"
"SAT","Highest","2024-25","7830634","State Charter Schools II- Georgia Fugees Academy Charter School","0634","Georgia Fugees Academy Charter School","All Students","Combined Test Score","2004965.","44722","TFS","TFS","1029","1037","TFS","TFS"
"SAT","Highest","2024-25","7830634","State Charter Schools II- Georgia Fugees Academy Charter School","0634","Georgia Fugees Academy Charter School","All Students","Evidence Based Reading and Writing - New","2004965.","44721","TFS","TFS","521","532.9","TFS","TFS"
"SAT","Highest","2024-25","7830634","State Charter Schools II- Georgia Fugees Academy Charter School","0634","Georgia Fugees Academy Charter School","All Students","Math Section Score - New","2004965.","44722","TFS","TFS","508","504.1","TFS","TFS"
"SAT","Highest","2024-25","784","Pelham City","0111","Pelham High School","All Students","Combined Test Score","2004965.","44722","13","13","1029","1037","904.6","904.6"
"SAT","Highest","2024-25","784","Pelham City","0111","Pelham High School","All Students","Evidence Based Reading and Writing - New","2004965.","44721","13","13","521","532.9","461.5","461.5"
"SAT","Highest","2024-25","784","Pelham City","0111","Pelham High School","All Students","Math Section Score - New","2004965.","44722","13","13","508","504.1","443.1","443.1"
"SAT","Highest","2024-25","785","Rome City","0193","Rome High School","All Students","Combined Test Score","2004965.","44722","101","101","1029","1037","1037.7","1037.7"
"SAT","Highest","2024-25","785","Rome City","0193","Rome High School","All Students","Evidence Based Reading and Writing - New","2004965.","44721","101","101","521","532.9","530","530"
"SAT","Highest","2024-25","785","Rome City","0193","Rome High School","All Students","Math Section Score - New","2004965.","44722","101","101","508","504.1","507.7","507.7"
"SAT","Highest","2024-25","786","Social Circle City","0201","Social Circle High School","All Students","Combined Test Score","2004965.","44722","53","53","1029","1037","1015.3","1015.3"
"SAT","Highest","2024-25","786","Social Circle City","0201","Social Circle High School","All Students","Evidence Based Reading and Writing - New","2004965.","44721","53","53","521","532.9","526.2","526.2"
"SAT","Highest","2024-25","786","Social Circle City","0201","Social Circle High School","All Students","Math Section Score - New","2004965.","44722","53","53","508","504.1","489.1","489.1"
"SAT","Highest","2024-25","789","Thomasville City","4052","Thomasville High School","All Students","Combined Test Score","2004965.","44722","51","51","1029","1037","1019.6","1019.6"
"SAT","Highest","2024-25","789","Thomasville City","4052","Thomasville High School","All Students","Evidence Based Reading and Writing - New","2004965.","44721","51","51","521","532.9","537.3","537.3"
"SAT","Highest","2024-25","789","Thomasville City","4052","Thomasville High School","All Students","Math Section Score - New","2004965.","44722","51","51","508","504.1","482.4","482.4"
"SAT","Highest","2024-25","791","Trion City","0301","Trion High School","All Students","Combined Test Score","2004965.","44722","26","26","1029","1037","1072.7","1072.7"
"SAT","Highest","2024-25","791","Trion City","0301","Trion High School","All Students","Evidence Based Reading and Writing - New","2004965.","44721","26","26","521","532.9","565.4","565.4"
"SAT","Highest","2024-25","791","Trion City","0301","Trion High School","All Students","Math Section Score - New","2004965.","44722","26","26","508","504.1","507.3","507.3"
"SAT","Highest","2024-25","792","Valdosta City","0273","Valdosta High School","All Students","Combined Test Score","2004965.","44722","175","171","1029","1037","970","968.3"
"SAT","Highest","2024-25","792","Valdosta City","0273","Valdosta High School","All Students","Evidence Based Reading and Writing - New","2004965.","44721","175","171","521","532.9","506.3","505.3"
"SAT","Highest","2024-25","792","Valdosta City","0273","Valdosta High School","All Students","Math Section Score - New","2004965.","44722","175","171","508","504.1","463.7","463"
"SAT","Highest","2024-25","792","Valdosta City","6001","Valdosta Early College Academy","All Students","Combined Test Score","2004965.","44722","175","TFS","1029","1037","970","TFS"
"SAT","Highest","2024-25","792","Valdosta City","6001","Valdosta Early College Academy","All Students","Evidence Based Reading and Writing - New","2004965.","44721","175","TFS","521","532.9","506.3","TFS"
"SAT","Highest","2024-25","792","Valdosta City","6001","Valdosta Early College Academy","All Students","Math Section Score - New","2004965.","44722","175","TFS","508","504.1","463.7","TFS"
"SAT","Highest","2024-25","793","Vidalia City","0273","Vidalia Comprehensive High School","All Students","Combined Test Score","2004965.","44722","59","59","1029","1037","1006.9","1006.9"
"SAT","Highest","2024-25","793","Vidalia City","0273","Vidalia Comprehensive High School","All Students","Evidence Based Reading and Writing - New","2004965.","44721","59","59","521","532.9","526.1","526.1"
"SAT","Highest","2024-25","793","Vidalia City","0273","Vidalia Comprehensive High School","All Students","Math Section Score - New","2004965.","44722","59","59","508","504.1","480.8","480.8"
