place_geoid,place_name,state_fips,district_geoid,district_name,place_area_share_pct,crosswalk_method,crosswalk_confidence,crosswalk_validation_status,test_type,metric_name,metric_value,score_year,students_tested,participation_rate,aggregation_method,source_type,source_id,performance_confidence,performance_notes
1600000US1339216,Hoboken city,13,9700000US1300480,Brantley County School District,100.000,census_tiger_2023_polygon_intersection,medium,candidate_spatial,SAT,average_composite,1036,2024-25,20,,official_district_average,official_state_export,georgia_goews_2024_25_scores_crosswalked,high,Georgia GOSA district average; All Students; highest/recent score export.
1600000US1354124,Nahunta city,13,9700000US1300480,Brantley County School District,100.000,census_tiger_2023_polygon_intersection,medium,candidate_spatial,SAT,average_composite,1036,2024-25,20,,official_district_average,official_state_export,georgia_goews_2024_25_scores_crosswalked,high,Georgia GOSA district average; All Students; highest/recent score export.
1600000US1378996,Varnell city,13,9700000US1305700,Whitfield County School District,100.000,census_tiger_2023_polygon_intersection,medium,candidate_spatial,ACT,average_composite,19.4,2024-25,88,,official_district_average,official_state_export,georgia_goews_2024_25_scores_crosswalked,high,Georgia GOSA district average; All Students; highest/recent score export.
1600000US1378996,Varnell city,13,9700000US1305700,Whitfield County School District,100.000,census_tiger_2023_polygon_intersection,medium,candidate_spatial,SAT,average_composite,1053.8,2024-25,172,,official_district_average,official_state_export,georgia_goews_2024_25_scores_crosswalked,high,Georgia GOSA district average; All Students; highest/recent score export.
1600000US1319168,Concord city,13,9700000US1304170,Pike County School District,100.000,census_tiger_2023_polygon_intersection,medium,candidate_spatial,SAT,average_composite,1053.1,2024-25,59,,official_district_average,official_state_export,georgia_goews_2024_25_scores_crosswalked,high,Georgia GOSA district average; All Students; highest/recent score export.
1600000US1350596,Meansville city,13,9700000US1304170,Pike County School District,100.000,census_tiger_2023_polygon_intersection,medium,candidate_spatial,SAT,average_composite,1053.1,2024-25,59,,official_district_average,official_state_export,georgia_goews_2024_25_scores_crosswalked,high,Georgia GOSA district average; All Students; highest/recent score export.
1600000US1352108,Molena city,13,9700000US1304170,Pike County School District,100.000,census_tiger_2023_polygon_intersection,medium,candidate_spatial,SAT,average_composite,1053.1,2024-25,59,,official_district_average,official_state_export,georgia_goews_2024_25_scores_crosswalked,high,Georgia GOSA district average; All Students; highest/recent score export.
1600000US1383084,Williamson city,13,9700000US1304170,Pike County School District,100.000,census_tiger_2023_polygon_intersection,medium,candidate_spatial,SAT,average_composite,1053.1,2024-25,59,,official_district_average,official_state_export,georgia_goews_2024_25_scores_crosswalked,high,Georgia GOSA district average; All Students; highest/recent score export.
1600000US1371282,Sky Valley city,13,9700000US1304320,Rabun County School District,100.000,census_tiger_2023_polygon_intersection,medium,candidate_spatial,SAT,average_composite,1061.1,2024-25,54,,official_district_average,official_state_export,georgia_goews_2024_25_scores_crosswalked,high,Georgia GOSA district average; All Students; highest/recent score export.
1600000US1385128,Zebulon city,13,9700000US1304170,Pike County School District,100.000,census_tiger_2023_polygon_intersection,medium,candidate_spatial,SAT,average_composite,1053.1,2024-25,59,,official_district_average,official_state_export,georgia_goews_2024_25_scores_crosswalked,high,Georgia GOSA district average; All Students; highest/recent score export.
1600000US1351670,Milton city,13,9700000US1302280,Fulton County School District,100.000,census_tiger_2023_polygon_intersection,medium,candidate_spatial,ACT,average_composite,24,2024-25,1303,,official_district_average,official_state_export,georgia_goews_2024_25_scores_crosswalked,high,Georgia GOSA district average; All Students; highest/recent score export.
1600000US1351670,Milton city,13,9700000US1302280,Fulton County School District,100.000,census_tiger_2023_polygon_intersection,medium,candidate_spatial,SAT,average_composite,1034,2024-25,4167.5,,official_district_average,official_state_export,georgia_goews_2024_25_scores_crosswalked,high,Georgia GOSA district average; All Students; highest/recent score export.
1600000US1317496,Cohutta city,13,9700000US1305700,Whitfield County School District,100.000,census_tiger_2023_polygon_intersection,medium,candidate_spatial,ACT,average_composite,19.4,2024-25,88,,official_district_average,official_state_export,georgia_goews_2024_25_scores_crosswalked,high,Georgia GOSA district average; All Students; highest/recent score export.
1600000US1317496,Cohutta city,13,9700000US1305700,Whitfield County School District,100.000,census_tiger_2023_polygon_intersection,medium,candidate_spatial,SAT,average_composite,1053.8,2024-25,172,,official_district_average,official_state_export,georgia_goews_2024_25_scores_crosswalked,high,Georgia GOSA district average; All Students; highest/recent score export.
1600000US1342268,Jesup city,13,9700000US1305550,Wayne County School District,100.000,census_tiger_2023_polygon_intersection,medium,candidate_spatial,ACT,average_composite,18.4,2024-25,18,,official_district_average,official_state_export,georgia_goews_2024_25_scores_crosswalked,high,Georgia GOSA district average; All Students; highest/recent score export.
1600000US1342268,Jesup city,13,9700000US1305550,Wayne County School District,100.000,census_tiger_2023_polygon_intersection,medium,candidate_spatial,SAT,average_composite,993.4,2024-25,96,,official_district_average,official_state_export,georgia_goews_2024_25_scores_crosswalked,high,Georgia GOSA district average; All Students; highest/recent score export.
1600000US1300408,Acworth city,13,9700000US1301290,Cobb County School District,100.000,census_tiger_2023_polygon_intersection,medium,candidate_spatial,ACT,average_composite,23,2024-25,1245,,official_district_average,official_state_export,georgia_goews_2024_25_scores_crosswalked,high,Georgia GOSA district average; All Students; highest/recent score export.
1600000US1300408,Acworth city,13,9700000US1301290,Cobb County School District,100.000,census_tiger_2023_polygon_intersection,medium,candidate_spatial,SAT,average_composite,1092.9,2024-25,3758,,official_district_average,official_state_export,georgia_goews_2024_25_scores_crosswalked,high,Georgia GOSA district average; All Students; highest/recent score export.
1600000US1339524,Holly Springs city,13,9700000US1301110,Cherokee County School District,100.000,census_tiger_2023_polygon_intersection,medium,candidate_spatial,ACT,average_composite,23,2024-25,448,,official_district_average,official_state_export,georgia_goews_2024_25_scores_crosswalked,high,Georgia GOSA district average; All Students; highest/recent score export.
1600000US1339524,Holly Springs city,13,9700000US1301110,Cherokee County School District,100.000,census_tiger_2023_polygon_intersection,medium,candidate_spatial,SAT,average_composite,1079.6,2024-25,1428.5,,official_district_average,official_state_export,georgia_goews_2024_25_scores_crosswalked,high,Georgia GOSA district average; All Students; highest/recent score export.
1600000US1343640,Kingsland city,13,9700000US1300780,Camden County School District,100.000,census_tiger_2023_polygon_intersection,medium,candidate_spatial,ACT,average_composite,22.8,2024-25,37,,official_district_average,official_state_export,georgia_goews_2024_25_scores_crosswalked,high,Georgia GOSA district average; All Students; highest/recent score export.
1600000US1343640,Kingsland city,13,9700000US1300780,Camden County School District,100.000,census_tiger_2023_polygon_intersection,medium,candidate_spatial,SAT,average_composite,1081.3,2024-25,222,,official_district_average,official_state_export,georgia_goews_2024_25_scores_crosswalked,high,Georgia GOSA district average; All Students; highest/recent score export.
1600000US1365296,Rincon city,13,9700000US1301980,Effingham County School District,100.000,census_tiger_2023_polygon_intersection,medium,candidate_spatial,ACT,average_composite,20.8,2024-25,48,,official_district_average,official_state_export,georgia_goews_2024_25_scores_crosswalked,high,Georgia GOSA district average; All Students; highest/recent score export.
1600000US1365296,Rincon city,13,9700000US1301980,Effingham County School District,100.000,census_tiger_2023_polygon_intersection,medium,candidate_spatial,SAT,average_composite,1060.4,2024-25,282,,official_district_average,official_state_export,georgia_goews_2024_25_scores_crosswalked,high,Georgia GOSA district average; All Students; highest/recent score export.
1600000US1366276,Rockmart city,13,9700000US1304200,Polk County School District,100.000,census_tiger_2023_polygon_intersection,medium,candidate_spatial,ACT,average_composite,20,2024-25,26,,official_district_average,official_state_export,georgia_goews_2024_25_scores_crosswalked,high,Georgia GOSA district average; All Students; highest/recent score export.
1600000US1366276,Rockmart city,13,9700000US1304200,Polk County School District,100.000,census_tiger_2023_polygon_intersection,medium,candidate_spatial,SAT,average_composite,1015.4,2024-25,112,,official_district_average,official_state_export,georgia_goews_2024_25_scores_crosswalked,high,Georgia GOSA district average; All Students; highest/recent score export.
1600000US1349196,Madison city,13,9700000US1303780,Morgan County School District,100.000,census_tiger_2023_polygon_intersection,medium,candidate_spatial,ACT,average_composite,22.1,2024-25,44,,official_district_average,official_state_export,georgia_goews_2024_25_scores_crosswalked,high,Georgia GOSA district average; All Students; highest/recent score export.
1600000US1349196,Madison city,13,9700000US1303780,Morgan County School District,100.000,census_tiger_2023_polygon_intersection,medium,candidate_spatial,SAT,average_composite,1044.8,2024-25,83,,official_district_average,official_state_export,georgia_goews_2024_25_scores_crosswalked,high,Georgia GOSA district average; All Students; highest/recent score export.
1600000US1372122,South Fulton city,13,9700000US1302280,Fulton County School District,100.000,census_tiger_2023_polygon_intersection,medium,candidate_spatial,ACT,average_composite,24,2024-25,1303,,official_district_average,official_state_export,georgia_goews_2024_25_scores_crosswalked,high,Georgia GOSA district average; All Students; highest/recent score export.
1600000US1372122,South Fulton city,13,9700000US1302280,Fulton County School District,100.000,census_tiger_2023_polygon_intersection,medium,candidate_spatial,SAT,average_composite,1034,2024-25,4167.5,,official_district_average,official_state_export,georgia_goews_2024_25_scores_crosswalked,high,Georgia GOSA district average; All Students; highest/recent score export.
1600000US1377736,Tunnel Hill city,13,9700000US1305700,Whitfield County School District,100.000,census_tiger_2023_polygon_intersection,medium,candidate_spatial,ACT,average_composite,19.4,2024-25,88,,official_district_average,official_state_export,georgia_goews_2024_25_scores_crosswalked,high,Georgia GOSA district average; All Students; highest/recent score export.
1600000US1377736,Tunnel Hill city,13,9700000US1305700,Whitfield County School District,100.000,census_tiger_2023_polygon_intersection,medium,candidate_spatial,SAT,average_composite,1053.8,2024-25,172,,official_district_average,official_state_export,georgia_goews_2024_25_scores_crosswalked,high,Georgia GOSA district average; All Students; highest/recent score export.
1600000US1305708,Barwick city,13,9700000US1300540,Brooks County School District,55.084,census_tiger_2023_polygon_intersection,medium,candidate_spatial,SAT,average_composite,931.3,2024-25,30,,official_district_average,official_state_export,georgia_goews_2024_25_scores_crosswalked,high,Georgia GOSA district average; All Students; highest/recent score export.
1600000US1305708,Barwick city,13,9700000US1304890,Thomas County School District,44.916,census_tiger_2023_polygon_intersection,low,candidate_spatial,ACT,average_composite,19.9,2024-25,38,,official_district_average,official_state_export,georgia_goews_2024_25_scores_crosswalked,high,Georgia GOSA district average; All Students; highest/recent score export.
1600000US1305708,Barwick city,13,9700000US1304890,Thomas County School District,44.916,census_tiger_2023_polygon_intersection,low,candidate_spatial,SAT,average_composite,1016.2,2024-25,120,,official_district_average,official_state_export,georgia_goews_2024_25_scores_crosswalked,high,Georgia GOSA district average; All Students; highest/recent score export.
1600000US1353032,Morven city,13,9700000US1300540,Brooks County School District,100.000,census_tiger_2023_polygon_intersection,medium,candidate_spatial,SAT,average_composite,931.3,2024-25,30,,official_district_average,official_state_export,georgia_goews_2024_25_scores_crosswalked,high,Georgia GOSA district average; All Students; highest/recent score export.
1600000US1363224,Quitman city,13,9700000US1300540,Brooks County School District,100.000,census_tiger_2023_polygon_intersection,medium,candidate_spatial,SAT,average_composite,931.3,2024-25,30,,official_district_average,official_state_export,georgia_goews_2024_25_scores_crosswalked,high,Georgia GOSA district average; All Students; highest/recent score export.
1600000US1314920,Centerville city,13,9700000US1302880,Houston County School District,100.000,census_tiger_2023_polygon_intersection,medium,candidate_spatial,ACT,average_composite,21.3,2024-25,169,,official_district_average,official_state_export,georgia_goews_2024_25_scores_crosswalked,high,Georgia GOSA district average; All Students; highest/recent score export.
1600000US1314920,Centerville city,13,9700000US1302880,Houston County School District,100.000,census_tiger_2023_polygon_intersection,medium,candidate_spatial,SAT,average_composite,1061.4,2024-25,758,,official_district_average,official_state_export,georgia_goews_2024_25_scores_crosswalked,high,Georgia GOSA district average; All Students; highest/recent score export.
1600000US1331908,Gainesville city,13,9700000US1302310,Gainesville City School District,98.938,census_tiger_2023_polygon_intersection,medium,candidate_spatial,ACT,average_composite,21.4,2024-25,25,,official_district_average,official_state_export,georgia_goews_2024_25_scores_crosswalked,high,Georgia GOSA district average; All Students; highest/recent score export.
1600000US1331908,Gainesville city,13,9700000US1302310,Gainesville City School District,98.938,census_tiger_2023_polygon_intersection,medium,candidate_spatial,SAT,average_composite,1010.9,2024-25,174,,official_district_average,official_state_export,georgia_goews_2024_25_scores_crosswalked,high,Georgia GOSA district average; All Students; highest/recent score export.
1600000US1331908,Gainesville city,13,9700000US1302610,Hall County School District,1.062,census_tiger_2023_polygon_intersection,low,candidate_spatial,ACT,average_composite,20.8,2024-25,85,,official_district_average,official_state_export,georgia_goews_2024_25_scores_crosswalked,high,Georgia GOSA district average; All Students; highest/recent score export.
1600000US1331908,Gainesville city,13,9700000US1302610,Hall County School District,1.062,census_tiger_2023_polygon_intersection,low,candidate_spatial,SAT,average_composite,1038.5,2024-25,611,,official_district_average,official_state_export,georgia_goews_2024_25_scores_crosswalked,high,Georgia GOSA district average; All Students; highest/recent score export.
1600000US1379864,Wadley city,13,9700000US1303060,Jefferson County School District,100.000,census_tiger_2023_polygon_intersection,medium,candidate_spatial,SAT,average_composite,981.9,2024-25,21,,official_district_average,official_state_export,georgia_goews_2024_25_scores_crosswalked,high,Georgia GOSA district average; All Students; highest/recent score export.
1600000US1337564,Hazlehurst city,13,9700000US1303000,Jeff Davis County School District,100.000,census_tiger_2023_polygon_intersection,medium,candidate_spatial,SAT,average_composite,1097.4,2024-25,27,,official_district_average,official_state_export,georgia_goews_2024_25_scores_crosswalked,high,Georgia GOSA district average; All Students; highest/recent score export.
1600000US1309068,Bogart town,13,9700000US1303960,Oconee County School District,90.539,census_tiger_2023_polygon_intersection,medium,candidate_spatial,ACT,average_composite,24.4,2024-25,83,,official_district_average,official_state_export,georgia_goews_2024_25_scores_crosswalked,high,Georgia GOSA district average; All Students; highest/recent score export.
1600000US1309068,Bogart town,13,9700000US1303960,Oconee County School District,90.539,census_tiger_2023_polygon_intersection,medium,candidate_spatial,SAT,average_composite,1135.4,2024-25,326,,official_district_average,official_state_export,georgia_goews_2024_25_scores_crosswalked,high,Georgia GOSA district average; All Students; highest/recent score export.
1600000US1309068,Bogart town,13,9700000US1301170,Clarke County School District,9.461,census_tiger_2023_polygon_intersection,low,candidate_spatial,ACT,average_composite,19.2,2024-25,71,,official_district_average,official_state_export,georgia_goews_2024_25_scores_crosswalked,high,Georgia GOSA district average; All Students; highest/recent score export.
1600000US1309068,Bogart town,13,9700000US1301170,Clarke County School District,9.461,census_tiger_2023_polygon_intersection,low,candidate_spatial,SAT,average_composite,1014.9,2024-25,211,,official_district_average,official_state_export,georgia_goews_2024_25_scores_crosswalked,high,Georgia GOSA district average; All Students; highest/recent score export.
1600000US1383728,Winterville city,13,9700000US1301170,Clarke County School District,100.000,census_tiger_2023_polygon_intersection,medium,candidate_spatial,ACT,average_composite,19.2,2024-25,71,,official_district_average,official_state_export,georgia_goews_2024_25_scores_crosswalked,high,Georgia GOSA district average; All Students; highest/recent score export.
1600000US1383728,Winterville city,13,9700000US1301170,Clarke County School District,100.000,census_tiger_2023_polygon_intersection,medium,candidate_spatial,SAT,average_composite,1014.9,2024-25,211,,official_district_average,official_state_export,georgia_goews_2024_25_scores_crosswalked,high,Georgia GOSA district average; All Students; highest/recent score export.
1600000US1313492,Carrollton city,13,9700000US1300870,Carrollton City School District,99.498,census_tiger_2023_polygon_intersection,medium,candidate_spatial,ACT,average_composite,21.5,2024-25,37,,official_district_average,official_state_export,georgia_goews_2024_25_scores_crosswalked,high,Georgia GOSA district average; All Students; highest/recent score export.
1600000US1313492,Carrollton city,13,9700000US1300870,Carrollton City School District,99.498,census_tiger_2023_polygon_intersection,medium,candidate_spatial,SAT,average_composite,1052.9,2024-25,181,,official_district_average,official_state_export,georgia_goews_2024_25_scores_crosswalked,high,Georgia GOSA district average; All Students; highest/recent score export.
1600000US1313492,Carrollton city,13,9700000US1300840,Carroll County School District,0.502,census_tiger_2023_polygon_intersection,low,candidate_spatial,ACT,average_composite,20.9,2024-25,60,,official_district_average,official_state_export,georgia_goews_2024_25_scores_crosswalked,high,Georgia GOSA district average; All Students; highest/recent score export.
1600000US1313492,Carrollton city,13,9700000US1300840,Carroll County School District,0.502,census_tiger_2023_polygon_intersection,low,candidate_spatial,SAT,average_composite,1041.8,2024-25,310,,official_district_average,official_state_export,georgia_goews_2024_25_scores_crosswalked,high,Georgia GOSA district average; All Students; highest/recent score export.
1600000US1366696,Roopville town,13,9700000US1300840,Carroll County School District,100.000,census_tiger_2023_polygon_intersection,medium,candidate_spatial,ACT,average_composite,20.9,2024-25,60,,official_district_average,official_state_export,georgia_goews_2024_25_scores_crosswalked,high,Georgia GOSA district average; All Students; highest/recent score export.
1600000US1366696,Roopville town,13,9700000US1300840,Carroll County School District,100.000,census_tiger_2023_polygon_intersection,medium,candidate_spatial,SAT,average_composite,1041.8,2024-25,310,,official_district_average,official_state_export,georgia_goews_2024_25_scores_crosswalked,high,Georgia GOSA district average; All Students; highest/recent score export.
1600000US1377652,Tucker city,13,9700000US1301740,DeKalb County School District,99.972,census_tiger_2023_polygon_intersection,medium,candidate_spatial,ACT,average_composite,21.6,2024-25,602,,official_district_average,official_state_export,georgia_goews_2024_25_scores_crosswalked,high,Georgia GOSA district average; All Students; highest/recent score export.
1600000US1377652,Tucker city,13,9700000US1301740,DeKalb County School District,99.972,census_tiger_2023_polygon_intersection,medium,candidate_spatial,SAT,average_composite,922.6,2024-25,4213.5,,official_district_average,official_state_export,georgia_goews_2024_25_scores_crosswalked,high,Georgia GOSA district average; All Students; highest/recent score export.
1600000US1377652,Tucker city,13,9700000US1302550,Gwinnett County School District,0.028,census_tiger_2023_polygon_intersection,low,candidate_spatial,ACT,average_composite,22.8,2024-25,920,,official_district_average,official_state_export,georgia_goews_2024_25_scores_crosswalked,high,Georgia GOSA district average; All Students; highest/recent score export.
1600000US1377652,Tucker city,13,9700000US1302550,Gwinnett County School District,0.028,census_tiger_2023_polygon_intersection,low,candidate_spatial,SAT,average_composite,1109.9,2024-25,4964,,official_district_average,official_state_export,georgia_goews_2024_25_scores_crosswalked,high,Georgia GOSA district average; All Students; highest/recent score export.
1600000US1341596,Jackson city,13,9700000US1300690,Butts County School District,100.000,census_tiger_2023_polygon_intersection,medium,candidate_spatial,SAT,average_composite,956.7,2024-25,61,,official_district_average,official_state_export,georgia_goews_2024_25_scores_crosswalked,high,Georgia GOSA district average; All Students; highest/recent score export.
1600000US1340840,Ila city,13,9700000US1303480,Madison County School District,100.000,census_tiger_2023_polygon_intersection,medium,candidate_spatial,ACT,average_composite,21.6,2024-25,24,,official_district_average,official_state_export,georgia_goews_2024_25_scores_crosswalked,high,Georgia GOSA district average; All Students; highest/recent score export.
1600000US1340840,Ila city,13,9700000US1303480,Madison County School District,100.000,census_tiger_2023_polygon_intersection,medium,candidate_spatial,SAT,average_composite,1074.8,2024-25,80,,official_district_average,official_state_export,georgia_goews_2024_25_scores_crosswalked,high,Georgia GOSA district average; All Students; highest/recent score export.
1600000US1315648,Chauncey city,13,9700000US1301770,Dodge County School District,100.000,census_tiger_2023_polygon_intersection,medium,candidate_spatial,SAT,average_composite,1066.1,2024-25,31,,official_district_average,official_state_export,georgia_goews_2024_25_scores_crosswalked,high,Georgia GOSA district average; All Students; highest/recent score export.
1600000US1315900,Chester town,13,9700000US1301770,Dodge County School District,100.000,census_tiger_2023_polygon_intersection,medium,candidate_spatial,SAT,average_composite,1066.1,2024-25,31,,official_district_average,official_state_export,georgia_goews_2024_25_scores_crosswalked,high,Georgia GOSA district average; All Students; highest/recent score export.
1600000US1308284,Blackshear city,13,9700000US1304140,Pierce County School District,100.000,census_tiger_2023_polygon_intersection,medium,candidate_spatial,ACT,average_composite,19.9,2024-25,15,,official_district_average,official_state_export,georgia_goews_2024_25_scores_crosswalked,high,Georgia GOSA district average; All Students; highest/recent score export.
1600000US1308284,Blackshear city,13,9700000US1304140,Pierce County School District,100.000,census_tiger_2023_polygon_intersection,medium,candidate_spatial,SAT,average_composite,1084.6,2024-25,56,,official_district_average,official_state_export,georgia_goews_2024_25_scores_crosswalked,high,Georgia GOSA district average; All Students; highest/recent score export.
1600000US1364932,Rhine town,13,9700000US1301770,Dodge County School District,100.000,census_tiger_2023_polygon_intersection,medium,candidate_spatial,SAT,average_composite,1066.1,2024-25,31,,official_district_average,official_state_export,georgia_goews_2024_25_scores_crosswalked,high,Georgia GOSA district average; All Students; highest/recent score export.
1600000US1343360,Keysville city,13,9700000US1300660,Burke County School District,100.000,census_tiger_2023_polygon_intersection,medium,candidate_spatial,SAT,average_composite,939.7,2024-25,74,,official_district_average,official_state_export,georgia_goews_2024_25_scores_crosswalked,high,Georgia GOSA district average; All Students; highest/recent score export.
1600000US1351240,Midville city,13,9700000US1300660,Burke County School District,100.000,census_tiger_2023_polygon_intersection,medium,candidate_spatial,SAT,average_composite,939.7,2024-25,74,,official_district_average,official_state_export,georgia_goews_2024_25_scores_crosswalked,high,Georgia GOSA district average; All Students; highest/recent score export.
1600000US1380984,Waynesboro city,13,9700000US1300660,Burke County School District,100.000,census_tiger_2023_polygon_intersection,medium,candidate_spatial,SAT,average_composite,939.7,2024-25,74,,official_district_average,official_state_export,georgia_goews_2024_25_scores_crosswalked,high,Georgia GOSA district average; All Students; highest/recent score export.
1600000US1303440,Athens-Clarke County unified government (balance),13,9700000US1301170,Clarke County School District,100.000,census_tiger_2023_polygon_intersection,medium,candidate_spatial,ACT,average_composite,19.2,2024-25,71,,official_district_average,official_state_export,georgia_goews_2024_25_scores_crosswalked,high,Georgia GOSA district average; All Students; highest/recent score export.
1600000US1303440,Athens-Clarke County unified government (balance),13,9700000US1301170,Clarke County School District,100.000,census_tiger_2023_polygon_intersection,medium,candidate_spatial,SAT,average_composite,1014.9,2024-25,211,,official_district_average,official_state_export,georgia_goews_2024_25_scores_crosswalked,high,Georgia GOSA district average; All Students; highest/recent score export.
1600000US1321716,Darien city,13,9700000US1303600,McIntosh County School District,100.000,census_tiger_2023_polygon_intersection,medium,candidate_spatial,SAT,average_composite,928,2024-25,15,,official_district_average,official_state_export,georgia_goews_2024_25_scores_crosswalked,high,Georgia GOSA district average; All Students; highest/recent score export.
1600000US1302060,Ambrose city,13,9700000US1301350,Coffee County School District,100.000,census_tiger_2023_polygon_intersection,medium,candidate_spatial,ACT,average_composite,19,2024-25,44,,official_district_average,official_state_export,georgia_goews_2024_25_scores_crosswalked,high,Georgia GOSA district average; All Students; highest/recent score export.
1600000US1302060,Ambrose city,13,9700000US1301350,Coffee County School District,100.000,census_tiger_2023_polygon_intersection,medium,candidate_spatial,SAT,average_composite,995.9,2024-25,104,,official_district_average,official_state_export,georgia_goews_2024_25_scores_crosswalked,high,Georgia GOSA district average; All Students; highest/recent score export.
1600000US1311504,Broxton city,13,9700000US1301350,Coffee County School District,100.000,census_tiger_2023_polygon_intersection,medium,candidate_spatial,ACT,average_composite,19,2024-25,44,,official_district_average,official_state_export,georgia_goews_2024_25_scores_crosswalked,high,Georgia GOSA district average; All Students; highest/recent score export.
1600000US1311504,Broxton city,13,9700000US1301350,Coffee County School District,100.000,census_tiger_2023_polygon_intersection,medium,candidate_spatial,SAT,average_composite,995.9,2024-25,104,,official_district_average,official_state_export,georgia_goews_2024_25_scores_crosswalked,high,Georgia GOSA district average; All Students; highest/recent score export.
1600000US1375160,Sylvania city,13,9700000US1304500,Screven County School District,100.000,census_tiger_2023_polygon_intersection,medium,candidate_spatial,SAT,average_composite,1036.2,2024-25,26,,official_district_average,official_state_export,georgia_goews_2024_25_scores_crosswalked,high,Georgia GOSA district average; All Students; highest/recent score export.
1600000US1358100,Oliver city,13,9700000US1304500,Screven County School District,100.000,census_tiger_2023_polygon_intersection,medium,candidate_spatial,SAT,average_composite,1036.2,2024-25,26,,official_district_average,official_state_export,georgia_goews_2024_25_scores_crosswalked,high,Georgia GOSA district average; All Students; highest/recent score export.
1600000US1365856,Roberta city,13,9700000US1301530,Crawford County School District,100.000,census_tiger_2023_polygon_intersection,medium,candidate_spatial,SAT,average_composite,918.6,2024-25,28,,official_district_average,official_state_export,georgia_goews_2024_25_scores_crosswalked,high,Georgia GOSA district average; All Students; highest/recent score export.
1600000US1322388,Denton city,13,9700000US1303000,Jeff Davis County School District,100.000,census_tiger_2023_polygon_intersection,medium,candidate_spatial,SAT,average_composite,1097.4,2024-25,27,,official_district_average,official_state_export,georgia_goews_2024_25_scores_crosswalked,high,Georgia GOSA district average; All Students; highest/recent score export.
1600000US1301612,Alma city,13,9700000US1300150,Bacon County School District,100.000,census_tiger_2023_polygon_intersection,medium,candidate_spatial,SAT,average_composite,1007.6,2024-25,17,,official_district_average,official_state_export,georgia_goews_2024_25_scores_crosswalked,high,Georgia GOSA district average; All Students; highest/recent score export.
1600000US1351520,Millen city,13,9700000US1303090,Jenkins County School District,100.000,census_tiger_2023_polygon_intersection,medium,candidate_spatial,SAT,average_composite,983.1,2024-25,16,,official_district_average,official_state_export,georgia_goews_2024_25_scores_crosswalked,high,Georgia GOSA district average; All Students; highest/recent score export.
1600000US1368740,Sardis city,13,9700000US1300660,Burke County School District,100.000,census_tiger_2023_polygon_intersection,medium,candidate_spatial,SAT,average_composite,939.7,2024-25,74,,official_district_average,official_state_export,georgia_goews_2024_25_scores_crosswalked,high,Georgia GOSA district average; All Students; highest/recent score export.
1600000US1338124,Hiawassee city,13,9700000US1305070,Towns County School District,100.000,census_tiger_2023_polygon_intersection,medium,candidate_spatial,SAT,average_composite,1149.3,2024-25,15,,official_district_average,official_state_export,georgia_goews_2024_25_scores_crosswalked,high,Georgia GOSA district average; All Students; highest/recent score export.
1600000US1379808,Waco city,13,9700000US1302670,Haralson County School District,100.000,census_tiger_2023_polygon_intersection,medium,candidate_spatial,SAT,average_composite,978.8,2024-25,74,,official_district_average,official_state_export,georgia_goews_2024_25_scores_crosswalked,high,Georgia GOSA district average; All Students; highest/recent score export.
1600000US1328968,Fayetteville city,13,9700000US1302130,Fayette County School District,100.000,census_tiger_2023_polygon_intersection,medium,candidate_spatial,ACT,average_composite,23,2024-25,344,,official_district_average,official_state_export,georgia_goews_2024_25_scores_crosswalked,high,Georgia GOSA district average; All Students; highest/recent score export.
1600000US1328968,Fayetteville city,13,9700000US1302130,Fayette County School District,100.000,census_tiger_2023_polygon_intersection,medium,candidate_spatial,SAT,average_composite,1104.8,2024-25,776,,official_district_average,official_state_export,georgia_goews_2024_25_scores_crosswalked,high,Georgia GOSA district average; All Students; highest/recent score export.
1600000US1359724,Peachtree City city,13,9700000US1302130,Fayette County School District,100.000,census_tiger_2023_polygon_intersection,medium,candidate_spatial,ACT,average_composite,23,2024-25,344,,official_district_average,official_state_export,georgia_goews_2024_25_scores_crosswalked,high,Georgia GOSA district average; All Students; highest/recent score export.
1600000US1359724,Peachtree City city,13,9700000US1302130,Fayette County School District,100.000,census_tiger_2023_polygon_intersection,medium,candidate_spatial,SAT,average_composite,1104.8,2024-25,776,,official_district_average,official_state_export,georgia_goews_2024_25_scores_crosswalked,high,Georgia GOSA district average; All Students; highest/recent score export.
1600000US1378044,Tyrone town,13,9700000US1302130,Fayette County School District,100.000,census_tiger_2023_polygon_intersection,medium,candidate_spatial,ACT,average_composite,23,2024-25,344,,official_district_average,official_state_export,georgia_goews_2024_25_scores_crosswalked,high,Georgia GOSA district average; All Students; highest/recent score export.
1600000US1378044,Tyrone town,13,9700000US1302130,Fayette County School District,100.000,census_tiger_2023_polygon_intersection,medium,candidate_spatial,SAT,average_composite,1104.8,2024-25,776,,official_district_average,official_state_export,georgia_goews_2024_25_scores_crosswalked,high,Georgia GOSA district average; All Students; highest/recent score export.
1600000US1363000,Pulaski town,13,9700000US1300810,Candler County School District,100.000,census_tiger_2023_polygon_intersection,medium,candidate_spatial,SAT,average_composite,956.1,2024-25,38,,official_district_average,official_state_export,georgia_goews_2024_25_scores_crosswalked,high,Georgia GOSA district average; All Students; highest/recent score export.
1600000US1343892,Kite city,13,9700000US1303120,Johnson County School District,100.000,census_tiger_2023_polygon_intersection,medium,candidate_spatial,SAT,average_composite,926.1,2024-25,33,,official_district_average,official_state_export,georgia_goews_2024_25_scores_crosswalked,high,Georgia GOSA district average; All Students; highest/recent score export.
1600000US1384512,Wrightsville city,13,9700000US1303120,Johnson County School District,100.000,census_tiger_2023_polygon_intersection,medium,candidate_spatial,SAT,average_composite,926.1,2024-25,33,,official_district_average,official_state_export,georgia_goews_2024_25_scores_crosswalked,high,Georgia GOSA district average; All Students; highest/recent score export.
1600000US1330536,Forest Park city,13,9700000US1301230,Clayton County School District,100.000,census_tiger_2023_polygon_intersection,medium,candidate_spatial,ACT,average_composite,16.9,2024-25,215,,official_district_average,official_state_export,georgia_goews_2024_25_scores_crosswalked,high,Georgia GOSA district average; All Students; highest/recent score export.
1600000US1330536,Forest Park city,13,9700000US1301230,Clayton County School District,100.000,census_tiger_2023_polygon_intersection,medium,candidate_spatial,SAT,average_composite,955.9,2024-25,780,,official_district_average,official_state_export,georgia_goews_2024_25_scores_crosswalked,high,Georgia GOSA district average; All Students; highest/recent score export.
1600000US1365464,Riverdale city,13,9700000US1301230,Clayton County School District,100.000,census_tiger_2023_polygon_intersection,medium,candidate_spatial,ACT,average_composite,16.9,2024-25,215,,official_district_average,official_state_export,georgia_goews_2024_25_scores_crosswalked,high,Georgia GOSA district average; All Students; highest/recent score export.
1600000US1365464,Riverdale city,13,9700000US1301230,Clayton County School District,100.000,census_tiger_2023_polygon_intersection,medium,candidate_spatial,SAT,average_composite,955.9,2024-25,780,,official_district_average,official_state_export,georgia_goews_2024_25_scores_crosswalked,high,Georgia GOSA district average; All Students; highest/recent score export.
1600000US1367984,St. Marys city,13,9700000US1300780,Camden County School District,100.000,census_tiger_2023_polygon_intersection,medium,candidate_spatial,ACT,average_composite,22.8,2024-25,37,,official_district_average,official_state_export,georgia_goews_2024_25_scores_crosswalked,high,Georgia GOSA district average; All Students; highest/recent score export.
1600000US1367984,St. Marys city,13,9700000US1300780,Camden County School District,100.000,census_tiger_2023_polygon_intersection,medium,candidate_spatial,SAT,average_composite,1081.3,2024-25,222,,official_district_average,official_state_export,georgia_goews_2024_25_scores_crosswalked,high,Georgia GOSA district average; All Students; highest/recent score export.
1600000US1383868,Woodbine city,13,9700000US1300780,Camden County School District,100.000,census_tiger_2023_polygon_intersection,medium,candidate_spatial,ACT,average_composite,22.8,2024-25,37,,official_district_average,official_state_export,georgia_goews_2024_25_scores_crosswalked,high,Georgia GOSA district average; All Students; highest/recent score export.
1600000US1383868,Woodbine city,13,9700000US1300780,Camden County School District,100.000,census_tiger_2023_polygon_intersection,medium,candidate_spatial,SAT,average_composite,1081.3,2024-25,222,,official_district_average,official_state_export,georgia_goews_2024_25_scores_crosswalked,high,Georgia GOSA district average; All Students; highest/recent score export.
1600000US1325552,Eastman city,13,9700000US1301770,Dodge County School District,100.000,census_tiger_2023_polygon_intersection,medium,candidate_spatial,SAT,average_composite,1066.1,2024-25,31,,official_district_average,official_state_export,georgia_goews_2024_25_scores_crosswalked,high,Georgia GOSA district average; All Students; highest/recent score export.
1600000US1369980,Sharpsburg town,13,9700000US1301500,Coweta County School District,100.000,census_tiger_2023_polygon_intersection,medium,candidate_spatial,ACT,average_composite,21.5,2024-25,184,,official_district_average,official_state_export,georgia_goews_2024_25_scores_crosswalked,high,Georgia GOSA district average; All Students; highest/recent score export.
1600000US1369980,Sharpsburg town,13,9700000US1301500,Coweta County School District,100.000,census_tiger_2023_polygon_intersection,medium,candidate_spatial,SAT,average_composite,1063.9,2024-25,564,,official_district_average,official_state_export,georgia_goews_2024_25_scores_crosswalked,high,Georgia GOSA district average; All Students; highest/recent score export.
1600000US1381128,Webster County unified government,13,9700000US1305580,Webster County School District,100.000,census_tiger_2023_polygon_intersection,medium,candidate_spatial,SAT,average_composite,878,2024-25,10,,official_district_average,official_state_export,georgia_goews_2024_25_scores_crosswalked,high,Georgia GOSA district average; All Students; highest/recent score export.
1600000US1308928,Blue Ridge city,13,9700000US1302100,Fannin County School District,100.000,census_tiger_2023_polygon_intersection,medium,candidate_spatial,ACT,average_composite,19.8,2024-25,10,,official_district_average,official_state_export,georgia_goews_2024_25_scores_crosswalked,high,Georgia GOSA district average; All Students; highest/recent score export.
1600000US1308928,Blue Ridge city,13,9700000US1302100,Fannin County School District,100.000,census_tiger_2023_polygon_intersection,medium,candidate_spatial,SAT,average_composite,1039.8,2024-25,61,,official_district_average,official_state_export,georgia_goews_2024_25_scores_crosswalked,high,Georgia GOSA district average; All Students; highest/recent score export.
1600000US1304840,Baconton city,13,9700000US1303690,Mitchell County School District,100.000,census_tiger_2023_polygon_intersection,medium,candidate_spatial,SAT,average_composite,979.7,2024-25,31,,official_district_average,official_state_export,georgia_goews_2024_25_scores_crosswalked,high,Georgia GOSA district average; All Students; highest/recent score export.
1600000US1352724,Morganton city,13,9700000US1302100,Fannin County School District,100.000,census_tiger_2023_polygon_intersection,medium,candidate_spatial,ACT,average_composite,19.8,2024-25,10,,official_district_average,official_state_export,georgia_goews_2024_25_scores_crosswalked,high,Georgia GOSA district average; All Students; highest/recent score export.
1600000US1352724,Morganton city,13,9700000US1302100,Fannin County School District,100.000,census_tiger_2023_polygon_intersection,medium,candidate_spatial,SAT,average_composite,1039.8,2024-25,61,,official_district_average,official_state_export,georgia_goews_2024_25_scores_crosswalked,high,Georgia GOSA district average; All Students; highest/recent score export.
1600000US1376168,Thomaston city,13,9700000US1305280,Upson County School District,100.000,census_tiger_2023_polygon_intersection,medium,candidate_spatial,ACT,average_composite,21.3,2024-25,11,,official_district_average,official_state_export,georgia_goews_2024_25_scores_crosswalked,high,Georgia GOSA district average; All Students; highest/recent score export.
1600000US1376168,Thomaston city,13,9700000US1305280,Upson County School District,100.000,census_tiger_2023_polygon_intersection,medium,candidate_spatial,SAT,average_composite,1001.5,2024-25,75,,official_district_average,official_state_export,georgia_goews_2024_25_scores_crosswalked,high,Georgia GOSA district average; All Students; highest/recent score export.
1600000US1351492,Milledgeville city,13,9700000US1300210,Baldwin County School District,100.000,census_tiger_2023_polygon_intersection,medium,candidate_spatial,ACT,average_composite,18.3,2024-25,19,,official_district_average,official_state_export,georgia_goews_2024_25_scores_crosswalked,high,Georgia GOSA district average; All Students; highest/recent score export.
1600000US1351492,Milledgeville city,13,9700000US1300210,Baldwin County School District,100.000,census_tiger_2023_polygon_intersection,medium,candidate_spatial,SAT,average_composite,944.1,2024-25,88,,official_district_average,official_state_export,georgia_goews_2024_25_scores_crosswalked,high,Georgia GOSA district average; All Students; highest/recent score export.
1600000US1305036,Ball Ground city,13,9700000US1301110,Cherokee County School District,100.000,census_tiger_2023_polygon_intersection,medium,candidate_spatial,ACT,average_composite,23,2024-25,448,,official_district_average,official_state_export,georgia_goews_2024_25_scores_crosswalked,high,Georgia GOSA district average; All Students; highest/recent score export.
1600000US1305036,Ball Ground city,13,9700000US1301110,Cherokee County School District,100.000,census_tiger_2023_polygon_intersection,medium,candidate_spatial,SAT,average_composite,1079.6,2024-25,1428.5,,official_district_average,official_state_export,georgia_goews_2024_25_scores_crosswalked,high,Georgia GOSA district average; All Students; highest/recent score export.
1600000US1384176,Woodstock city,13,9700000US1301110,Cherokee County School District,100.000,census_tiger_2023_polygon_intersection,medium,candidate_spatial,ACT,average_composite,23,2024-25,448,,official_district_average,official_state_export,georgia_goews_2024_25_scores_crosswalked,high,Georgia GOSA district average; All Students; highest/recent score export.
1600000US1384176,Woodstock city,13,9700000US1301110,Cherokee County School District,100.000,census_tiger_2023_polygon_intersection,medium,candidate_spatial,SAT,average_composite,1079.6,2024-25,1428.5,,official_district_average,official_state_export,georgia_goews_2024_25_scores_crosswalked,high,Georgia GOSA district average; All Students; highest/recent score export.
1600000US1325356,East Ellijay city,13,9700000US1302340,Gilmer County School District,100.000,census_tiger_2023_polygon_intersection,medium,candidate_spatial,ACT,average_composite,19.9,2024-25,73,,official_district_average,official_state_export,georgia_goews_2024_25_scores_crosswalked,high,Georgia GOSA district average; All Students; highest/recent score export.
1600000US1325356,East Ellijay city,13,9700000US1302340,Gilmer County School District,100.000,census_tiger_2023_polygon_intersection,medium,candidate_spatial,SAT,average_composite,1033.9,2024-25,66,,official_district_average,official_state_export,georgia_goews_2024_25_scores_crosswalked,high,Georgia GOSA district average; All Students; highest/recent score export.
1600000US1327092,Ellijay city,13,9700000US1302340,Gilmer County School District,100.000,census_tiger_2023_polygon_intersection,medium,candidate_spatial,ACT,average_composite,19.9,2024-25,73,,official_district_average,official_state_export,georgia_goews_2024_25_scores_crosswalked,high,Georgia GOSA district average; All Students; highest/recent score export.
1600000US1327092,Ellijay city,13,9700000US1302340,Gilmer County School District,100.000,census_tiger_2023_polygon_intersection,medium,candidate_spatial,SAT,average_composite,1033.9,2024-25,66,,official_district_average,official_state_export,georgia_goews_2024_25_scores_crosswalked,high,Georgia GOSA district average; All Students; highest/recent score export.
1600000US1351072,Metter city,13,9700000US1300810,Candler County School District,100.000,census_tiger_2023_polygon_intersection,medium,candidate_spatial,SAT,average_composite,956.1,2024-25,38,,official_district_average,official_state_export,georgia_goews_2024_25_scores_crosswalked,high,Georgia GOSA district average; All Students; highest/recent score export.
1600000US1347560,Louisville city,13,9700000US1303060,Jefferson County School District,100.000,census_tiger_2023_polygon_intersection,medium,candidate_spatial,SAT,average_composite,981.9,2024-25,21,,official_district_average,official_state_export,georgia_goews_2024_25_scores_crosswalked,high,Georgia GOSA district average; All Students; highest/recent score export.
1600000US1316600,Claxton city,13,9700000US1302070,Evans County School District,100.000,census_tiger_2023_polygon_intersection,medium,candidate_spatial,SAT,average_composite,975,2024-25,14,,official_district_average,official_state_export,georgia_goews_2024_25_scores_crosswalked,high,Georgia GOSA district average; All Students; highest/recent score export.
1600000US1321268,Daisy city,13,9700000US1302070,Evans County School District,100.000,census_tiger_2023_polygon_intersection,medium,candidate_spatial,SAT,average_composite,975,2024-25,14,,official_district_average,official_state_export,georgia_goews_2024_25_scores_crosswalked,high,Georgia GOSA district average; All Students; highest/recent score export.
1600000US1343192,Kennesaw city,13,9700000US1301290,Cobb County School District,100.000,census_tiger_2023_polygon_intersection,medium,candidate_spatial,ACT,average_composite,23,2024-25,1245,,official_district_average,official_state_export,georgia_goews_2024_25_scores_crosswalked,high,Georgia GOSA district average; All Students; highest/recent score export.
1600000US1343192,Kennesaw city,13,9700000US1301290,Cobb County School District,100.000,census_tiger_2023_polygon_intersection,medium,candidate_spatial,SAT,average_composite,1092.9,2024-25,3758,,official_district_average,official_state_export,georgia_goews_2024_25_scores_crosswalked,high,Georgia GOSA district average; All Students; highest/recent score export.
1600000US1326616,Elberton city,13,9700000US1302010,Elbert County School District,100.000,census_tiger_2023_polygon_intersection,medium,candidate_spatial,SAT,average_composite,1026.4,2024-25,44,,official_district_average,official_state_export,georgia_goews_2024_25_scores_crosswalked,high,Georgia GOSA district average; All Students; highest/recent score export.
1600000US1342184,Jersey city,13,9700000US1305390,Walton County School District,100.000,census_tiger_2023_polygon_intersection,medium,candidate_spatial,ACT,average_composite,21.1,2024-25,72,,official_district_average,official_state_export,georgia_goews_2024_25_scores_crosswalked,high,Georgia GOSA district average; All Students; highest/recent score export.
1600000US1342184,Jersey city,13,9700000US1305390,Walton County School District,100.000,census_tiger_2023_polygon_intersection,medium,candidate_spatial,SAT,average_composite,1042.3,2024-25,354,,official_district_average,official_state_export,georgia_goews_2024_25_scores_crosswalked,high,Georgia GOSA district average; All Students; highest/recent score export.
1600000US1355244,Newton city,13,9700000US1300180,Baker County School District,100.000,census_tiger_2023_polygon_intersection,medium,candidate_spatial,SAT,average_composite,822.7,2024-25,15,,official_district_average,official_state_export,georgia_goews_2024_25_scores_crosswalked,high,Georgia GOSA district average; All Students; highest/recent score export.
1600000US1320064,Covington city,13,9700000US1303930,Newton County School District,100.000,census_tiger_2023_polygon_intersection,medium,candidate_spatial,ACT,average_composite,17.3,2024-25,151,,official_district_average,official_state_export,georgia_goews_2024_25_scores_crosswalked,high,Georgia GOSA district average; All Students; highest/recent score export.
1600000US1320064,Covington city,13,9700000US1303930,Newton County School District,100.000,census_tiger_2023_polygon_intersection,medium,candidate_spatial,SAT,average_composite,959.9,2024-25,443,,official_district_average,official_state_export,georgia_goews_2024_25_scores_crosswalked,high,Georgia GOSA district average; All Students; highest/recent score export.
1600000US1362244,Porterdale city,13,9700000US1303930,Newton County School District,100.000,census_tiger_2023_polygon_intersection,medium,candidate_spatial,ACT,average_composite,17.3,2024-25,151,,official_district_average,official_state_export,georgia_goews_2024_25_scores_crosswalked,high,Georgia GOSA district average; All Students; highest/recent score export.
1600000US1362244,Porterdale city,13,9700000US1303930,Newton County School District,100.000,census_tiger_2023_polygon_intersection,medium,candidate_spatial,SAT,average_composite,959.9,2024-25,443,,official_district_average,official_state_export,georgia_goews_2024_25_scores_crosswalked,high,Georgia GOSA district average; All Students; highest/recent score export.
1600000US1371660,Social Circle city,13,9700000US1304540,Social Circle City School District,100.000,census_tiger_2023_polygon_intersection,medium,candidate_spatial,SAT,average_composite,1015.3,2024-25,53,,official_district_average,official_state_export,georgia_goews_2024_25_scores_crosswalked,high,Georgia GOSA district average; All Students; highest/recent score export.
1600000US1302256,Andersonville city,13,9700000US1304620,Sumter County School District,100.000,census_tiger_2023_polygon_intersection,medium,candidate_spatial,ACT,average_composite,14.8,2024-25,26,,official_district_average,official_state_export,georgia_goews_2024_25_scores_crosswalked,high,Georgia GOSA district average; All Students; highest/recent score export.
1600000US1302256,Andersonville city,13,9700000US1304620,Sumter County School District,100.000,census_tiger_2023_polygon_intersection,medium,candidate_spatial,SAT,average_composite,907.8,2024-25,51,,official_district_average,official_state_export,georgia_goews_2024_25_scores_crosswalked,high,Georgia GOSA district average; All Students; highest/recent score export.
1600000US1322472,De Soto city,13,9700000US1304620,Sumter County School District,100.000,census_tiger_2023_polygon_intersection,medium,candidate_spatial,ACT,average_composite,14.8,2024-25,26,,official_district_average,official_state_export,georgia_goews_2024_25_scores_crosswalked,high,Georgia GOSA district average; All Students; highest/recent score export.
1600000US1322472,De Soto city,13,9700000US1304620,Sumter County School District,100.000,census_tiger_2023_polygon_intersection,medium,candidate_spatial,SAT,average_composite,907.8,2024-25,51,,official_district_average,official_state_export,georgia_goews_2024_25_scores_crosswalked,high,Georgia GOSA district average; All Students; highest/recent score export.
1600000US1346020,Leslie city,13,9700000US1304620,Sumter County School District,100.000,census_tiger_2023_polygon_intersection,medium,candidate_spatial,ACT,average_composite,14.8,2024-25,26,,official_district_average,official_state_export,georgia_goews_2024_25_scores_crosswalked,high,Georgia GOSA district average; All Students; highest/recent score export.
1600000US1346020,Leslie city,13,9700000US1304620,Sumter County School District,100.000,census_tiger_2023_polygon_intersection,medium,candidate_spatial,SAT,average_composite,907.8,2024-25,51,,official_district_average,official_state_export,georgia_goews_2024_25_scores_crosswalked,high,Georgia GOSA district average; All Students; highest/recent score export.
1600000US1361628,Plains city,13,9700000US1304620,Sumter County School District,100.000,census_tiger_2023_polygon_intersection,medium,candidate_spatial,ACT,average_composite,14.8,2024-25,26,,official_district_average,official_state_export,georgia_goews_2024_25_scores_crosswalked,high,Georgia GOSA district average; All Students; highest/recent score export.
1600000US1361628,Plains city,13,9700000US1304620,Sumter County School District,100.000,census_tiger_2023_polygon_intersection,medium,candidate_spatial,SAT,average_composite,907.8,2024-25,51,,official_district_average,official_state_export,georgia_goews_2024_25_scores_crosswalked,high,Georgia GOSA district average; All Students; highest/recent score export.
1600000US1342100,Jeffersonville city,13,9700000US1305220,Twiggs County School District,100.000,census_tiger_2023_polygon_intersection,medium,candidate_spatial,SAT,average_composite,863.8,2024-25,13,,official_district_average,official_state_export,georgia_goews_2024_25_scores_crosswalked,high,Georgia GOSA district average; All Students; highest/recent score export.
1600000US1365044,Richmond Hill city,13,9700000US1300570,Bryan County School District,100.000,census_tiger_2023_polygon_intersection,medium,candidate_spatial,ACT,average_composite,20.5,2024-25,49,,official_district_average,official_state_export,georgia_goews_2024_25_scores_crosswalked,high,Georgia GOSA district average; All Students; highest/recent score export.
1600000US1365044,Richmond Hill city,13,9700000US1300570,Bryan County School District,100.000,census_tiger_2023_polygon_intersection,medium,candidate_spatial,SAT,average_composite,1056.5,2024-25,302,,official_district_average,official_state_export,georgia_goews_2024_25_scores_crosswalked,high,Georgia GOSA district average; All Students; highest/recent score export.
1600000US1312260,Byron city,13,9700000US1304050,Peach County School District,100.000,census_tiger_2023_polygon_intersection,medium,candidate_spatial,ACT,average_composite,17.9,2024-25,20,,official_district_average,official_state_export,georgia_goews_2024_25_scores_crosswalked,high,Georgia GOSA district average; All Students; highest/recent score export.
1600000US1312260,Byron city,13,9700000US1304050,Peach County School District,100.000,census_tiger_2023_polygon_intersection,medium,candidate_spatial,SAT,average_composite,955.7,2024-25,69,,official_district_average,official_state_export,georgia_goews_2024_25_scores_crosswalked,high,Georgia GOSA district average; All Students; highest/recent score export.
1600000US1307640,Between town,13,9700000US1305390,Walton County School District,100.000,census_tiger_2023_polygon_intersection,medium,candidate_spatial,ACT,average_composite,21.1,2024-25,72,,official_district_average,official_state_export,georgia_goews_2024_25_scores_crosswalked,high,Georgia GOSA district average; All Students; highest/recent score export.
1600000US1307640,Between town,13,9700000US1305390,Walton County School District,100.000,census_tiger_2023_polygon_intersection,medium,candidate_spatial,SAT,average_composite,1042.3,2024-25,354,,official_district_average,official_state_export,georgia_goews_2024_25_scores_crosswalked,high,Georgia GOSA district average; All Students; highest/recent score export.
1600000US1333896,Good Hope city,13,9700000US1305390,Walton County School District,100.000,census_tiger_2023_polygon_intersection,medium,candidate_spatial,ACT,average_composite,21.1,2024-25,72,,official_district_average,official_state_export,georgia_goews_2024_25_scores_crosswalked,high,Georgia GOSA district average; All Students; highest/recent score export.
1600000US1333896,Good Hope city,13,9700000US1305390,Walton County School District,100.000,census_tiger_2023_polygon_intersection,medium,candidate_spatial,SAT,average_composite,1042.3,2024-25,354,,official_district_average,official_state_export,georgia_goews_2024_25_scores_crosswalked,high,Georgia GOSA district average; All Students; highest/recent score export.
1600000US1380228,Walnut Grove city,13,9700000US1305390,Walton County School District,100.000,census_tiger_2023_polygon_intersection,medium,candidate_spatial,ACT,average_composite,21.1,2024-25,72,,official_district_average,official_state_export,georgia_goews_2024_25_scores_crosswalked,high,Georgia GOSA district average; All Students; highest/recent score export.
1600000US1380228,Walnut Grove city,13,9700000US1305390,Walton County School District,100.000,census_tiger_2023_polygon_intersection,medium,candidate_spatial,SAT,average_composite,1042.3,2024-25,354,,official_district_average,official_state_export,georgia_goews_2024_25_scores_crosswalked,high,Georgia GOSA district average; All Students; highest/recent score export.
1600000US1336024,Hagan city,13,9700000US1302070,Evans County School District,100.000,census_tiger_2023_polygon_intersection,medium,candidate_spatial,SAT,average_composite,975,2024-25,14,,official_district_average,official_state_export,georgia_goews_2024_25_scores_crosswalked,high,Georgia GOSA district average; All Students; highest/recent score export.
1600000US1345460,Lavonia city,13,9700000US1302730,Hart County School District,0.307,census_tiger_2023_polygon_intersection,low,candidate_spatial,SAT,average_composite,1023.7,2024-25,89,,official_district_average,official_state_export,georgia_goews_2024_25_scores_crosswalked,high,Georgia GOSA district average; All Students; highest/recent score export.
1600000US1345460,Lavonia city,13,9700000US1302250,Franklin County School District,99.693,census_tiger_2023_polygon_intersection,medium,candidate_spatial,ACT,average_composite,20.7,2024-25,13,,official_district_average,official_state_export,georgia_goews_2024_25_scores_crosswalked,high,Georgia GOSA district average; All Students; highest/recent score export.
1600000US1345460,Lavonia city,13,9700000US1302250,Franklin County School District,99.693,census_tiger_2023_polygon_intersection,medium,candidate_spatial,SAT,average_composite,1056.3,2024-25,72,,official_district_average,official_state_export,georgia_goews_2024_25_scores_crosswalked,high,Georgia GOSA district average; All Students; highest/recent score export.
1600000US1304980,Baldwin city,13,9700000US1300240,Banks County School District,39.381,census_tiger_2023_polygon_intersection,low,candidate_spatial,SAT,average_composite,994.2,2024-25,57,,official_district_average,official_state_export,georgia_goews_2024_25_scores_crosswalked,high,Georgia GOSA district average; All Students; highest/recent score export.
1600000US1304980,Baldwin city,13,9700000US1302580,Habersham County School District,60.619,census_tiger_2023_polygon_intersection,medium,candidate_spatial,SAT,average_composite,1082,2024-25,109,,official_district_average,official_state_export,georgia_goews_2024_25_scores_crosswalked,high,Georgia GOSA district average; All Students; highest/recent score export.
1600000US1325720,East Point city,13,9700000US1302280,Fulton County School District,100.000,census_tiger_2023_polygon_intersection,medium,candidate_spatial,ACT,average_composite,24,2024-25,1303,,official_district_average,official_state_export,georgia_goews_2024_25_scores_crosswalked,high,Georgia GOSA district average; All Students; highest/recent score export.
1600000US1325720,East Point city,13,9700000US1302280,Fulton County School District,100.000,census_tiger_2023_polygon_intersection,medium,candidate_spatial,SAT,average_composite,1034,2024-25,4167.5,,official_district_average,official_state_export,georgia_goews_2024_25_scores_crosswalked,high,Georgia GOSA district average; All Students; highest/recent score export.
1600000US1368516,Sandy Springs city,13,9700000US1300120,Atlanta City School District,0.002,census_tiger_2023_polygon_intersection,low,candidate_spatial,ACT,average_composite,20.4,2024-25,480,,official_district_average,official_state_export,georgia_goews_2024_25_scores_crosswalked,high,Georgia GOSA district average; All Students; highest/recent score export.
1600000US1368516,Sandy Springs city,13,9700000US1300120,Atlanta City School District,0.002,census_tiger_2023_polygon_intersection,low,candidate_spatial,SAT,average_composite,1033.3,2024-25,858,,official_district_average,official_state_export,georgia_goews_2024_25_scores_crosswalked,high,Georgia GOSA district average; All Students; highest/recent score export.
1600000US1368516,Sandy Springs city,13,9700000US1302280,Fulton County School District,99.992,census_tiger_2023_polygon_intersection,medium,candidate_spatial,ACT,average_composite,24,2024-25,1303,,official_district_average,official_state_export,georgia_goews_2024_25_scores_crosswalked,high,Georgia GOSA district average; All Students; highest/recent score export.
1600000US1368516,Sandy Springs city,13,9700000US1302280,Fulton County School District,99.992,census_tiger_2023_polygon_intersection,medium,candidate_spatial,SAT,average_composite,1034,2024-25,4167.5,,official_district_average,official_state_export,georgia_goews_2024_25_scores_crosswalked,high,Georgia GOSA district average; All Students; highest/recent score export.
1600000US1368516,Sandy Springs city,13,9700000US1302550,Gwinnett County School District,0.006,census_tiger_2023_polygon_intersection,low,candidate_spatial,ACT,average_composite,22.8,2024-25,920,,official_district_average,official_state_export,georgia_goews_2024_25_scores_crosswalked,high,Georgia GOSA district average; All Students; highest/recent score export.
1600000US1368516,Sandy Springs city,13,9700000US1302550,Gwinnett County School District,0.006,census_tiger_2023_polygon_intersection,low,candidate_spatial,SAT,average_composite,1109.9,2024-25,4964,,official_district_average,official_state_export,georgia_goews_2024_25_scores_crosswalked,high,Georgia GOSA district average; All Students; highest/recent score export.
1600000US1349616,Mansfield city,13,9700000US1303930,Newton County School District,100.000,census_tiger_2023_polygon_intersection,medium,candidate_spatial,ACT,average_composite,17.3,2024-25,151,,official_district_average,official_state_export,georgia_goews_2024_25_scores_crosswalked,high,Georgia GOSA district average; All Students; highest/recent score export.
1600000US1349616,Mansfield city,13,9700000US1303930,Newton County School District,100.000,census_tiger_2023_polygon_intersection,medium,candidate_spatial,SAT,average_composite,959.9,2024-25,443,,official_district_average,official_state_export,georgia_goews_2024_25_scores_crosswalked,high,Georgia GOSA district average; All Students; highest/recent score export.
1600000US1354656,Newborn town,13,9700000US1303930,Newton County School District,100.000,census_tiger_2023_polygon_intersection,medium,candidate_spatial,ACT,average_composite,17.3,2024-25,151,,official_district_average,official_state_export,georgia_goews_2024_25_scores_crosswalked,high,Georgia GOSA district average; All Students; highest/recent score export.
1600000US1354656,Newborn town,13,9700000US1303930,Newton County School District,100.000,census_tiger_2023_polygon_intersection,medium,candidate_spatial,SAT,average_composite,959.9,2024-25,443,,official_district_average,official_state_export,georgia_goews_2024_25_scores_crosswalked,high,Georgia GOSA district average; All Students; highest/recent score export.
1600000US1358744,Oxford city,13,9700000US1303930,Newton County School District,100.000,census_tiger_2023_polygon_intersection,medium,candidate_spatial,ACT,average_composite,17.3,2024-25,151,,official_district_average,official_state_export,georgia_goews_2024_25_scores_crosswalked,high,Georgia GOSA district average; All Students; highest/recent score export.
1600000US1358744,Oxford city,13,9700000US1303930,Newton County School District,100.000,census_tiger_2023_polygon_intersection,medium,candidate_spatial,SAT,average_composite,959.9,2024-25,443,,official_district_average,official_state_export,georgia_goews_2024_25_scores_crosswalked,high,Georgia GOSA district average; All Students; highest/recent score export.
1600000US1335324,Griffin city,13,9700000US1302520,Spalding County School District,100.000,census_tiger_2023_polygon_intersection,medium,candidate_spatial,ACT,average_composite,18.3,2024-25,32,,official_district_average,official_state_export,georgia_goews_2024_25_scores_crosswalked,high,Georgia GOSA district average; All Students; highest/recent score export.
1600000US1335324,Griffin city,13,9700000US1302520,Spalding County School District,100.000,census_tiger_2023_polygon_intersection,medium,candidate_spatial,SAT,average_composite,958.3,2024-25,151,,official_district_average,official_state_export,georgia_goews_2024_25_scores_crosswalked,high,Georgia GOSA district average; All Students; highest/recent score export.
1600000US1319616,Cordele city,13,9700000US1301560,Crisp County School District,100.000,census_tiger_2023_polygon_intersection,medium,candidate_spatial,SAT,average_composite,948.3,2024-25,78,,official_district_average,official_state_export,georgia_goews_2024_25_scores_crosswalked,high,Georgia GOSA district average; All Students; highest/recent score export.
1600000US1352416,Monticello city,13,9700000US1302970,Jasper County School District,100.000,census_tiger_2023_polygon_intersection,medium,candidate_spatial,SAT,average_composite,981,2024-25,39,,official_district_average,official_state_export,georgia_goews_2024_25_scores_crosswalked,high,Georgia GOSA district average; All Students; highest/recent score export.
1600000US1323900,Douglasville city,13,9700000US1301860,Douglas County School District,100.000,census_tiger_2023_polygon_intersection,medium,candidate_spatial,ACT,average_composite,18.7,2024-25,230,,official_district_average,official_state_export,georgia_goews_2024_25_scores_crosswalked,high,Georgia GOSA district average; All Students; highest/recent score export.
1600000US1323900,Douglasville city,13,9700000US1301860,Douglas County School District,100.000,census_tiger_2023_polygon_intersection,medium,candidate_spatial,SAT,average_composite,994,2024-25,790,,official_district_average,official_state_export,georgia_goews_2024_25_scores_crosswalked,high,Georgia GOSA district average; All Students; highest/recent score export.
1600000US1379528,Villa Rica city,13,9700000US1300840,Carroll County School District,68.412,census_tiger_2023_polygon_intersection,medium,candidate_spatial,ACT,average_composite,20.9,2024-25,60,,official_district_average,official_state_export,georgia_goews_2024_25_scores_crosswalked,high,Georgia GOSA district average; All Students; highest/recent score export.
1600000US1379528,Villa Rica city,13,9700000US1300840,Carroll County School District,68.412,census_tiger_2023_polygon_intersection,medium,candidate_spatial,SAT,average_composite,1041.8,2024-25,310,,official_district_average,official_state_export,georgia_goews_2024_25_scores_crosswalked,high,Georgia GOSA district average; All Students; highest/recent score export.
1600000US1379528,Villa Rica city,13,9700000US1301860,Douglas County School District,31.588,census_tiger_2023_polygon_intersection,low,candidate_spatial,ACT,average_composite,18.7,2024-25,230,,official_district_average,official_state_export,georgia_goews_2024_25_scores_crosswalked,high,Georgia GOSA district average; All Students; highest/recent score export.
1600000US1379528,Villa Rica city,13,9700000US1301860,Douglas County School District,31.588,census_tiger_2023_polygon_intersection,low,candidate_spatial,SAT,average_composite,994,2024-25,790,,official_district_average,official_state_export,georgia_goews_2024_25_scores_crosswalked,high,Georgia GOSA district average; All Students; highest/recent score export.
1600000US1311728,Buena Vista city,13,9700000US1303540,Marion County School District,100.000,census_tiger_2023_polygon_intersection,medium,candidate_spatial,SAT,average_composite,876.3,2024-25,30,,official_district_average,official_state_export,georgia_goews_2024_25_scores_crosswalked,high,Georgia GOSA district average; All Students; highest/recent score export.
1600000US1359735,Peachtree Corners city,13,9700000US1302550,Gwinnett County School District,100.000,census_tiger_2023_polygon_intersection,medium,candidate_spatial,ACT,average_composite,22.8,2024-25,920,,official_district_average,official_state_export,georgia_goews_2024_25_scores_crosswalked,high,Georgia GOSA district average; All Students; highest/recent score export.
1600000US1359735,Peachtree Corners city,13,9700000US1302550,Gwinnett County School District,100.000,census_tiger_2023_polygon_intersection,medium,candidate_spatial,SAT,average_composite,1109.9,2024-25,4964,,official_district_average,official_state_export,georgia_goews_2024_25_scores_crosswalked,high,Georgia GOSA district average; All Students; highest/recent score export.
1600000US1335884,Guyton city,13,9700000US1301980,Effingham County School District,100.000,census_tiger_2023_polygon_intersection,medium,candidate_spatial,ACT,average_composite,20.8,2024-25,48,,official_district_average,official_state_export,georgia_goews_2024_25_scores_crosswalked,high,Georgia GOSA district average; All Students; highest/recent score export.
1600000US1335884,Guyton city,13,9700000US1301980,Effingham County School District,100.000,census_tiger_2023_polygon_intersection,medium,candidate_spatial,SAT,average_composite,1060.4,2024-25,282,,official_district_average,official_state_export,georgia_goews_2024_25_scores_crosswalked,high,Georgia GOSA district average; All Students; highest/recent score export.
1600000US1350848,Menlo city,13,9700000US1301080,Chattooga County School District,100.000,census_tiger_2023_polygon_intersection,medium,candidate_spatial,ACT,average_composite,21,2024-25,23,,official_district_average,official_state_export,georgia_goews_2024_25_scores_crosswalked,high,Georgia GOSA district average; All Students; highest/recent score export.
1600000US1350848,Menlo city,13,9700000US1301080,Chattooga County School District,100.000,census_tiger_2023_polygon_intersection,medium,candidate_spatial,SAT,average_composite,1072,2024-25,10,,official_district_average,official_state_export,georgia_goews_2024_25_scores_crosswalked,high,Georgia GOSA district average; All Students; highest/recent score export.
1600000US1374376,Summerville city,13,9700000US1301080,Chattooga County School District,100.000,census_tiger_2023_polygon_intersection,medium,candidate_spatial,ACT,average_composite,21,2024-25,23,,official_district_average,official_state_export,georgia_goews_2024_25_scores_crosswalked,high,Georgia GOSA district average; All Students; highest/recent score export.
1600000US1374376,Summerville city,13,9700000US1301080,Chattooga County School District,100.000,census_tiger_2023_polygon_intersection,medium,candidate_spatial,SAT,average_composite,1072,2024-25,10,,official_district_average,official_state_export,georgia_goews_2024_25_scores_crosswalked,high,Georgia GOSA district average; All Students; highest/recent score export.
1600000US1316460,Clarkesville city,13,9700000US1302580,Habersham County School District,100.000,census_tiger_2023_polygon_intersection,medium,candidate_spatial,SAT,average_composite,1082,2024-25,109,,official_district_average,official_state_export,georgia_goews_2024_25_scores_crosswalked,high,Georgia GOSA district average; All Students; highest/recent score export.
1600000US1319728,Cornelia city,13,9700000US1302580,Habersham County School District,100.000,census_tiger_2023_polygon_intersection,medium,candidate_spatial,SAT,average_composite,1082,2024-25,109,,official_district_average,official_state_export,georgia_goews_2024_25_scores_crosswalked,high,Georgia GOSA district average; All Students; highest/recent score export.
1600000US1348232,Lyons city,13,9700000US1305040,Toombs County School District,100.000,census_tiger_2023_polygon_intersection,medium,candidate_spatial,SAT,average_composite,999.5,2024-25,38,,official_district_average,official_state_export,georgia_goews_2024_25_scores_crosswalked,high,Georgia GOSA district average; All Students; highest/recent score export.
1600000US1319112,Commerce city,13,9700000US1301440,Commerce City School District,100.000,census_tiger_2023_polygon_intersection,medium,candidate_spatial,SAT,average_composite,1069.4,2024-25,35,,official_district_average,official_state_export,georgia_goews_2024_25_scores_crosswalked,high,Georgia GOSA district average; All Students; highest/recent score export.
1600000US1367452,Royston city,13,9700000US1303480,Madison County School District,0.142,census_tiger_2023_polygon_intersection,low,candidate_spatial,ACT,average_composite,21.6,2024-25,24,,official_district_average,official_state_export,georgia_goews_2024_25_scores_crosswalked,high,Georgia GOSA district average; All Students; highest/recent score export.
1600000US1367452,Royston city,13,9700000US1303480,Madison County School District,0.142,census_tiger_2023_polygon_intersection,low,candidate_spatial,SAT,average_composite,1074.8,2024-25,80,,official_district_average,official_state_export,georgia_goews_2024_25_scores_crosswalked,high,Georgia GOSA district average; All Students; highest/recent score export.
1600000US1367452,Royston city,13,9700000US1302730,Hart County School District,34.165,census_tiger_2023_polygon_intersection,low,candidate_spatial,SAT,average_composite,1023.7,2024-25,89,,official_district_average,official_state_export,georgia_goews_2024_25_scores_crosswalked,high,Georgia GOSA district average; All Students; highest/recent score export.
1600000US1367452,Royston city,13,9700000US1302250,Franklin County School District,65.693,census_tiger_2023_polygon_intersection,medium,candidate_spatial,ACT,average_composite,20.7,2024-25,13,,official_district_average,official_state_export,georgia_goews_2024_25_scores_crosswalked,high,Georgia GOSA district average; All Students; highest/recent score export.
1600000US1367452,Royston city,13,9700000US1302250,Franklin County School District,65.693,census_tiger_2023_polygon_intersection,medium,candidate_spatial,SAT,average_composite,1056.3,2024-25,72,,official_district_average,official_state_export,georgia_goews_2024_25_scores_crosswalked,high,Georgia GOSA district average; All Students; highest/recent score export.
1600000US1347252,Lone Oak town,13,9700000US1303630,Meriwether County School District,100.000,census_tiger_2023_polygon_intersection,medium,candidate_spatial,SAT,average_composite,878,2024-25,88,,official_district_average,official_state_export,georgia_goews_2024_25_scores_crosswalked,high,Georgia GOSA district average; All Students; highest/recent score export.
1600000US1301948,Alto town,13,9700000US1300240,Banks County School District,55.437,census_tiger_2023_polygon_intersection,medium,candidate_spatial,SAT,average_composite,994.2,2024-25,57,,official_district_average,official_state_export,georgia_goews_2024_25_scores_crosswalked,high,Georgia GOSA district average; All Students; highest/recent score export.
1600000US1301948,Alto town,13,9700000US1302580,Habersham County School District,44.563,census_tiger_2023_polygon_intersection,low,candidate_spatial,SAT,average_composite,1082,2024-25,109,,official_district_average,official_state_export,georgia_goews_2024_25_scores_crosswalked,high,Georgia GOSA district average; All Students; highest/recent score export.
1600000US1332860,Gillsville city,13,9700000US1302610,Hall County School District,62.379,census_tiger_2023_polygon_intersection,medium,candidate_spatial,ACT,average_composite,20.8,2024-25,85,,official_district_average,official_state_export,georgia_goews_2024_25_scores_crosswalked,high,Georgia GOSA district average; All Students; highest/recent score export.
1600000US1332860,Gillsville city,13,9700000US1302610,Hall County School District,62.379,census_tiger_2023_polygon_intersection,medium,candidate_spatial,SAT,average_composite,1038.5,2024-25,611,,official_district_average,official_state_export,georgia_goews_2024_25_scores_crosswalked,high,Georgia GOSA district average; All Students; highest/recent score export.
1600000US1332860,Gillsville city,13,9700000US1300240,Banks County School District,37.621,census_tiger_2023_polygon_intersection,low,candidate_spatial,SAT,average_composite,994.2,2024-25,57,,official_district_average,official_state_export,georgia_goews_2024_25_scores_crosswalked,high,Georgia GOSA district average; All Students; highest/recent score export.
1600000US1339720,Homer town,13,9700000US1300240,Banks County School District,100.000,census_tiger_2023_polygon_intersection,medium,candidate_spatial,SAT,average_composite,994.2,2024-25,57,,official_district_average,official_state_export,georgia_goews_2024_25_scores_crosswalked,high,Georgia GOSA district average; All Students; highest/recent score export.
1600000US1330956,Fort Oglethorpe city,13,9700000US1305370,Walker County School District,18.576,census_tiger_2023_polygon_intersection,low,candidate_spatial,ACT,average_composite,21.1,2024-25,105,,official_district_average,official_state_export,georgia_goews_2024_25_scores_crosswalked,high,Georgia GOSA district average; All Students; highest/recent score export.
1600000US1330956,Fort Oglethorpe city,13,9700000US1305370,Walker County School District,18.576,census_tiger_2023_polygon_intersection,low,candidate_spatial,SAT,average_composite,1136.9,2024-25,16,,official_district_average,official_state_export,georgia_goews_2024_25_scores_crosswalked,high,Georgia GOSA district average; All Students; highest/recent score export.
1600000US1330956,Fort Oglethorpe city,13,9700000US1300930,Catoosa County School District,81.424,census_tiger_2023_polygon_intersection,medium,candidate_spatial,ACT,average_composite,21.1,2024-25,166,,official_district_average,official_state_export,georgia_goews_2024_25_scores_crosswalked,high,Georgia GOSA district average; All Students; highest/recent score export.
1600000US1330956,Fort Oglethorpe city,13,9700000US1300930,Catoosa County School District,81.424,census_tiger_2023_polygon_intersection,medium,candidate_spatial,SAT,average_composite,1098.2,2024-25,97,,official_district_average,official_state_export,georgia_goews_2024_25_scores_crosswalked,high,Georgia GOSA district average; All Students; highest/recent score export.
1600000US1349532,Manchester city,13,9700000US1304650,Talbot County School District,3.088,census_tiger_2023_polygon_intersection,low,candidate_spatial,SAT,average_composite,786.3,2024-25,24,,official_district_average,official_state_export,georgia_goews_2024_25_scores_crosswalked,high,Georgia GOSA district average; All Students; highest/recent score export.
1600000US1349532,Manchester city,13,9700000US1303630,Meriwether County School District,96.912,census_tiger_2023_polygon_intersection,medium,candidate_spatial,SAT,average_composite,878,2024-25,88,,official_district_average,official_state_export,georgia_goews_2024_25_scores_crosswalked,high,Georgia GOSA district average; All Students; highest/recent score export.
1600000US1319000,Columbus city,13,9700000US1303870,Muscogee County School District,66.401,census_tiger_2023_polygon_intersection,medium,candidate_spatial,ACT,average_composite,19.8,2024-25,314,,official_district_average,official_state_export,georgia_goews_2024_25_scores_crosswalked,high,Georgia GOSA district average; All Students; highest/recent score export.
1600000US1319000,Columbus city,13,9700000US1303870,Muscogee County School District,66.401,census_tiger_2023_polygon_intersection,medium,candidate_spatial,SAT,average_composite,1069.7,2024-25,553,,official_district_average,official_state_export,georgia_goews_2024_25_scores_crosswalked,high,Georgia GOSA district average; All Students; highest/recent score export.
1600000US1378036,Tybee Island city,13,9700000US1301020,Chatham County School District,100.000,census_tiger_2023_polygon_intersection,medium,candidate_spatial,ACT,average_composite,19.6,2024-25,114,,official_district_average,official_state_export,georgia_goews_2024_25_scores_crosswalked,high,Georgia GOSA district average; All Students; highest/recent score export.
1600000US1378036,Tybee Island city,13,9700000US1301020,Chatham County School District,100.000,census_tiger_2023_polygon_intersection,medium,candidate_spatial,SAT,average_composite,1000.3,2024-25,822,,official_district_average,official_state_export,georgia_goews_2024_25_scores_crosswalked,high,Georgia GOSA district average; All Students; highest/recent score export.
1600000US1357540,Odum city,13,9700000US1305550,Wayne County School District,100.000,census_tiger_2023_polygon_intersection,medium,candidate_spatial,ACT,average_composite,18.4,2024-25,18,,official_district_average,official_state_export,georgia_goews_2024_25_scores_crosswalked,high,Georgia GOSA district average; All Students; highest/recent score export.
1600000US1357540,Odum city,13,9700000US1305550,Wayne County School District,100.000,census_tiger_2023_polygon_intersection,medium,candidate_spatial,SAT,average_composite,993.4,2024-25,96,,official_district_average,official_state_export,georgia_goews_2024_25_scores_crosswalked,high,Georgia GOSA district average; All Students; highest/recent score export.
1600000US1369448,Screven city,13,9700000US1305550,Wayne County School District,100.000,census_tiger_2023_polygon_intersection,medium,candidate_spatial,ACT,average_composite,18.4,2024-25,18,,official_district_average,official_state_export,georgia_goews_2024_25_scores_crosswalked,high,Georgia GOSA district average; All Students; highest/recent score export.
1600000US1369448,Screven city,13,9700000US1305550,Wayne County School District,100.000,census_tiger_2023_polygon_intersection,medium,candidate_spatial,SAT,average_composite,993.4,2024-25,96,,official_district_average,official_state_export,georgia_goews_2024_25_scores_crosswalked,high,Georgia GOSA district average; All Students; highest/recent score export.
1600000US1306688,Bellville city,13,9700000US1302070,Evans County School District,100.000,census_tiger_2023_polygon_intersection,medium,candidate_spatial,SAT,average_composite,975,2024-25,14,,official_district_average,official_state_export,georgia_goews_2024_25_scores_crosswalked,high,Georgia GOSA district average; All Students; highest/recent score export.
1600000US1377764,Turin town,13,9700000US1301500,Coweta County School District,100.000,census_tiger_2023_polygon_intersection,medium,candidate_spatial,ACT,average_composite,21.5,2024-25,184,,official_district_average,official_state_export,georgia_goews_2024_25_scores_crosswalked,high,Georgia GOSA district average; All Students; highest/recent score export.
1600000US1377764,Turin town,13,9700000US1301500,Coweta County School District,100.000,census_tiger_2023_polygon_intersection,medium,candidate_spatial,SAT,average_composite,1063.9,2024-25,564,,official_district_average,official_state_export,georgia_goews_2024_25_scores_crosswalked,high,Georgia GOSA district average; All Students; highest/recent score export.
1600000US1369672,Senoia city,13,9700000US1301500,Coweta County School District,100.000,census_tiger_2023_polygon_intersection,medium,candidate_spatial,ACT,average_composite,21.5,2024-25,184,,official_district_average,official_state_export,georgia_goews_2024_25_scores_crosswalked,high,Georgia GOSA district average; All Students; highest/recent score export.
1600000US1369672,Senoia city,13,9700000US1301500,Coweta County School District,100.000,census_tiger_2023_polygon_intersection,medium,candidate_spatial,SAT,average_composite,1063.9,2024-25,564,,official_district_average,official_state_export,georgia_goews_2024_25_scores_crosswalked,high,Georgia GOSA district average; All Students; highest/recent score export.
1600000US1382720,Whitesburg city,13,9700000US1300840,Carroll County School District,100.000,census_tiger_2023_polygon_intersection,medium,candidate_spatial,ACT,average_composite,20.9,2024-25,60,,official_district_average,official_state_export,georgia_goews_2024_25_scores_crosswalked,high,Georgia GOSA district average; All Students; highest/recent score export.
1600000US1382720,Whitesburg city,13,9700000US1300840,Carroll County School District,100.000,census_tiger_2023_polygon_intersection,medium,candidate_spatial,SAT,average_composite,1041.8,2024-25,310,,official_district_average,official_state_export,georgia_goews_2024_25_scores_crosswalked,high,Georgia GOSA district average; All Students; highest/recent score export.
1600000US1334876,Greensboro city,13,9700000US1302490,Greene County School District,100.000,census_tiger_2023_polygon_intersection,medium,candidate_spatial,ACT,average_composite,14.9,2024-25,11,,official_district_average,official_state_export,georgia_goews_2024_25_scores_crosswalked,high,Georgia GOSA district average; All Students; highest/recent score export.
1600000US1334876,Greensboro city,13,9700000US1302490,Greene County School District,100.000,census_tiger_2023_polygon_intersection,medium,candidate_spatial,SAT,average_composite,973,2024-25,10,,official_district_average,official_state_export,georgia_goews_2024_25_scores_crosswalked,high,Georgia GOSA district average; All Students; highest/recent score export.
1600000US1347196,Loganville city,13,9700000US1305390,Walton County School District,78.659,census_tiger_2023_polygon_intersection,medium,candidate_spatial,ACT,average_composite,21.1,2024-25,72,,official_district_average,official_state_export,georgia_goews_2024_25_scores_crosswalked,high,Georgia GOSA district average; All Students; highest/recent score export.
1600000US1347196,Loganville city,13,9700000US1305390,Walton County School District,78.659,census_tiger_2023_polygon_intersection,medium,candidate_spatial,SAT,average_composite,1042.3,2024-25,354,,official_district_average,official_state_export,georgia_goews_2024_25_scores_crosswalked,high,Georgia GOSA district average; All Students; highest/recent score export.
1600000US1347196,Loganville city,13,9700000US1302550,Gwinnett County School District,21.341,census_tiger_2023_polygon_intersection,low,candidate_spatial,ACT,average_composite,22.8,2024-25,920,,official_district_average,official_state_export,georgia_goews_2024_25_scores_crosswalked,high,Georgia GOSA district average; All Students; highest/recent score export.
1600000US1347196,Loganville city,13,9700000US1302550,Gwinnett County School District,21.341,census_tiger_2023_polygon_intersection,low,candidate_spatial,SAT,average_composite,1109.9,2024-25,4964,,official_district_average,official_state_export,georgia_goews_2024_25_scores_crosswalked,high,Georgia GOSA district average; All Students; highest/recent score export.
1600000US1352192,Monroe city,13,9700000US1305390,Walton County School District,100.000,census_tiger_2023_polygon_intersection,medium,candidate_spatial,ACT,average_composite,21.1,2024-25,72,,official_district_average,official_state_export,georgia_goews_2024_25_scores_crosswalked,high,Georgia GOSA district average; All Students; highest/recent score export.
1600000US1352192,Monroe city,13,9700000US1305390,Walton County School District,100.000,census_tiger_2023_polygon_intersection,medium,candidate_spatial,SAT,average_composite,1042.3,2024-25,354,,official_district_average,official_state_export,georgia_goews_2024_25_scores_crosswalked,high,Georgia GOSA district average; All Students; highest/recent score export.
1600000US1320932,Cumming city,13,9700000US1302220,Forsyth County School District,100.000,census_tiger_2023_polygon_intersection,medium,candidate_spatial,ACT,average_composite,24.5,2024-25,990,,official_district_average,official_state_export,georgia_goews_2024_25_scores_crosswalked,high,Georgia GOSA district average; All Students; highest/recent score export.
1600000US1320932,Cumming city,13,9700000US1302220,Forsyth County School District,100.000,census_tiger_2023_polygon_intersection,medium,candidate_spatial,SAT,average_composite,1147,2024-25,1922,,official_district_average,official_state_export,georgia_goews_2024_25_scores_crosswalked,high,Georgia GOSA district average; All Students; highest/recent score export.
1600000US1332048,Garden City city,13,9700000US1301020,Chatham County School District,100.000,census_tiger_2023_polygon_intersection,medium,candidate_spatial,ACT,average_composite,19.6,2024-25,114,,official_district_average,official_state_export,georgia_goews_2024_25_scores_crosswalked,high,Georgia GOSA district average; All Students; highest/recent score export.
1600000US1332048,Garden City city,13,9700000US1301020,Chatham County School District,100.000,census_tiger_2023_polygon_intersection,medium,candidate_spatial,SAT,average_composite,1000.3,2024-25,822,,official_district_average,official_state_export,georgia_goews_2024_25_scores_crosswalked,high,Georgia GOSA district average; All Students; highest/recent score export.
1600000US1362104,Pooler city,13,9700000US1301020,Chatham County School District,100.000,census_tiger_2023_polygon_intersection,medium,candidate_spatial,ACT,average_composite,19.6,2024-25,114,,official_district_average,official_state_export,georgia_goews_2024_25_scores_crosswalked,high,Georgia GOSA district average; All Students; highest/recent score export.
1600000US1362104,Pooler city,13,9700000US1301020,Chatham County School District,100.000,census_tiger_2023_polygon_intersection,medium,candidate_spatial,SAT,average_composite,1000.3,2024-25,822,,official_district_average,official_state_export,georgia_goews_2024_25_scores_crosswalked,high,Georgia GOSA district average; All Students; highest/recent score export.
1600000US1324768,Dunwoody city,13,9700000US1301740,DeKalb County School District,99.836,census_tiger_2023_polygon_intersection,medium,candidate_spatial,ACT,average_composite,21.6,2024-25,602,,official_district_average,official_state_export,georgia_goews_2024_25_scores_crosswalked,high,Georgia GOSA district average; All Students; highest/recent score export.
1600000US1324768,Dunwoody city,13,9700000US1301740,DeKalb County School District,99.836,census_tiger_2023_polygon_intersection,medium,candidate_spatial,SAT,average_composite,922.6,2024-25,4213.5,,official_district_average,official_state_export,georgia_goews_2024_25_scores_crosswalked,high,Georgia GOSA district average; All Students; highest/recent score export.
1600000US1324768,Dunwoody city,13,9700000US1302550,Gwinnett County School District,0.164,census_tiger_2023_polygon_intersection,low,candidate_spatial,ACT,average_composite,22.8,2024-25,920,,official_district_average,official_state_export,georgia_goews_2024_25_scores_crosswalked,high,Georgia GOSA district average; All Students; highest/recent score export.
1600000US1324768,Dunwoody city,13,9700000US1302550,Gwinnett County School District,0.164,census_tiger_2023_polygon_intersection,low,candidate_spatial,SAT,average_composite,1109.9,2024-25,4964,,official_district_average,official_state_export,georgia_goews_2024_25_scores_crosswalked,high,Georgia GOSA district average; All Students; highest/recent score export.
1600000US1340056,Hoschton city,13,9700000US1302940,Jackson County School District,100.000,census_tiger_2023_polygon_intersection,medium,candidate_spatial,ACT,average_composite,20.7,2024-25,145,,official_district_average,official_state_export,georgia_goews_2024_25_scores_crosswalked,high,Georgia GOSA district average; All Students; highest/recent score export.
1600000US1340056,Hoschton city,13,9700000US1302940,Jackson County School District,100.000,census_tiger_2023_polygon_intersection,medium,candidate_spatial,SAT,average_composite,1061.6,2024-25,197,,official_district_average,official_state_export,georgia_goews_2024_25_scores_crosswalked,high,Georgia GOSA district average; All Students; highest/recent score export.
1600000US1379164,Vernonburg town,13,9700000US1301020,Chatham County School District,100.000,census_tiger_2023_polygon_intersection,medium,candidate_spatial,ACT,average_composite,19.6,2024-25,114,,official_district_average,official_state_export,georgia_goews_2024_25_scores_crosswalked,high,Georgia GOSA district average; All Students; highest/recent score export.
1600000US1379164,Vernonburg town,13,9700000US1301020,Chatham County School District,100.000,census_tiger_2023_polygon_intersection,medium,candidate_spatial,SAT,average_composite,1000.3,2024-25,822,,official_district_average,official_state_export,georgia_goews_2024_25_scores_crosswalked,high,Georgia GOSA district average; All Students; highest/recent score export.
1600000US1362328,Port Wentworth city,13,9700000US1301020,Chatham County School District,100.000,census_tiger_2023_polygon_intersection,medium,candidate_spatial,ACT,average_composite,19.6,2024-25,114,,official_district_average,official_state_export,georgia_goews_2024_25_scores_crosswalked,high,Georgia GOSA district average; All Students; highest/recent score export.
1600000US1362328,Port Wentworth city,13,9700000US1301020,Chatham County School District,100.000,census_tiger_2023_polygon_intersection,medium,candidate_spatial,SAT,average_composite,1000.3,2024-25,822,,official_district_average,official_state_export,georgia_goews_2024_25_scores_crosswalked,high,Georgia GOSA district average; All Students; highest/recent score export.
1600000US1346188,Lexington city,13,9700000US1303990,Oglethorpe County School District,100.000,census_tiger_2023_polygon_intersection,medium,candidate_spatial,ACT,average_composite,22.4,2024-25,15,,official_district_average,official_state_export,georgia_goews_2024_25_scores_crosswalked,high,Georgia GOSA district average; All Students; highest/recent score export.
1600000US1346188,Lexington city,13,9700000US1303990,Oglethorpe County School District,100.000,census_tiger_2023_polygon_intersection,medium,candidate_spatial,SAT,average_composite,1025.9,2024-25,37,,official_district_average,official_state_export,georgia_goews_2024_25_scores_crosswalked,high,Georgia GOSA district average; All Students; highest/recent score export.
1600000US1313688,Cartersville city,13,9700000US1300900,Cartersville City School District,100.000,census_tiger_2023_polygon_intersection,medium,candidate_spatial,ACT,average_composite,21.6,2024-25,35,,official_district_average,official_state_export,georgia_goews_2024_25_scores_crosswalked,high,Georgia GOSA district average; All Students; highest/recent score export.
1600000US1313688,Cartersville city,13,9700000US1300900,Cartersville City School District,100.000,census_tiger_2023_polygon_intersection,medium,candidate_spatial,SAT,average_composite,1056.5,2024-25,101,,official_district_average,official_state_export,georgia_goews_2024_25_scores_crosswalked,high,Georgia GOSA district average; All Students; highest/recent score export.
1600000US1327344,Emerson city,13,9700000US1300330,Bartow County School District,100.000,census_tiger_2023_polygon_intersection,medium,candidate_spatial,ACT,average_composite,20.4,2024-25,51,,official_district_average,official_state_export,georgia_goews_2024_25_scores_crosswalked,high,Georgia GOSA district average; All Students; highest/recent score export.
1600000US1327344,Emerson city,13,9700000US1300330,Bartow County School District,100.000,census_tiger_2023_polygon_intersection,medium,candidate_spatial,SAT,average_composite,1030,2024-25,293,,official_district_average,official_state_export,georgia_goews_2024_25_scores_crosswalked,high,Georgia GOSA district average; All Students; highest/recent score export.
1600000US1341988,Jefferson city,13,9700000US1303030,Jefferson City School District,100.000,census_tiger_2023_polygon_intersection,medium,candidate_spatial,ACT,average_composite,23.2,2024-25,29,,official_district_average,official_state_export,georgia_goews_2024_25_scores_crosswalked,high,Georgia GOSA district average; All Students; highest/recent score export.
1600000US1341988,Jefferson city,13,9700000US1303030,Jefferson City School District,100.000,census_tiger_2023_polygon_intersection,medium,candidate_spatial,SAT,average_composite,1093.6,2024-25,132,,official_district_average,official_state_export,georgia_goews_2024_25_scores_crosswalked,high,Georgia GOSA district average; All Students; highest/recent score export.
1600000US1360032,Pendergrass town,13,9700000US1302940,Jackson County School District,100.000,census_tiger_2023_polygon_intersection,medium,candidate_spatial,ACT,average_composite,20.7,2024-25,145,,official_district_average,official_state_export,georgia_goews_2024_25_scores_crosswalked,high,Georgia GOSA district average; All Students; highest/recent score export.
1600000US1360032,Pendergrass town,13,9700000US1302940,Jackson County School District,100.000,census_tiger_2023_polygon_intersection,medium,candidate_spatial,SAT,average_composite,1061.6,2024-25,197,,official_district_average,official_state_export,georgia_goews_2024_25_scores_crosswalked,high,Georgia GOSA district average; All Students; highest/recent score export.
1600000US1375412,Talmo town,13,9700000US1302940,Jackson County School District,100.000,census_tiger_2023_polygon_intersection,medium,candidate_spatial,ACT,average_composite,20.7,2024-25,145,,official_district_average,official_state_export,georgia_goews_2024_25_scores_crosswalked,high,Georgia GOSA district average; All Students; highest/recent score export.
1600000US1375412,Talmo town,13,9700000US1302940,Jackson County School District,100.000,census_tiger_2023_polygon_intersection,medium,candidate_spatial,SAT,average_composite,1061.6,2024-25,197,,official_district_average,official_state_export,georgia_goews_2024_25_scores_crosswalked,high,Georgia GOSA district average; All Students; highest/recent score export.
1600000US1339244,Hogansville city,13,9700000US1300001,Troup County School District,100.000,census_tiger_2023_polygon_intersection,medium,candidate_spatial,ACT,average_composite,19.7,2024-25,120,,official_district_average,official_state_export,georgia_goews_2024_25_scores_crosswalked,high,Georgia GOSA district average; All Students; highest/recent score export.
1600000US1339244,Hogansville city,13,9700000US1300001,Troup County School District,100.000,census_tiger_2023_polygon_intersection,medium,candidate_spatial,SAT,average_composite,1054.5,2024-25,97,,official_district_average,official_state_export,georgia_goews_2024_25_scores_crosswalked,high,Georgia GOSA district average; All Students; highest/recent score export.
1600000US1377372,Trenton city,13,9700000US1301590,Dade County School District,100.000,census_tiger_2023_polygon_intersection,medium,candidate_spatial,ACT,average_composite,18.8,2024-25,25,,official_district_average,official_state_export,georgia_goews_2024_25_scores_crosswalked,high,Georgia GOSA district average; All Students; highest/recent score export.
1600000US1377372,Trenton city,13,9700000US1301590,Dade County School District,100.000,census_tiger_2023_polygon_intersection,medium,candidate_spatial,SAT,average_composite,1026.3,2024-25,16,,official_district_average,official_state_export,georgia_goews_2024_25_scores_crosswalked,high,Georgia GOSA district average; All Students; highest/recent score export.
1600000US1336276,Hampton city,13,9700000US1302820,Henry County School District,100.000,census_tiger_2023_polygon_intersection,medium,candidate_spatial,ACT,average_composite,17.8,2024-25,505,,official_district_average,official_state_export,georgia_goews_2024_25_scores_crosswalked,high,Georgia GOSA district average; All Students; highest/recent score export.
1600000US1336276,Hampton city,13,9700000US1302820,Henry County School District,100.000,census_tiger_2023_polygon_intersection,medium,candidate_spatial,SAT,average_composite,979.9,2024-25,1490,,official_district_average,official_state_export,georgia_goews_2024_25_scores_crosswalked,high,Georgia GOSA district average; All Students; highest/recent score export.
1600000US1309544,Bowdon city,13,9700000US1300840,Carroll County School District,100.000,census_tiger_2023_polygon_intersection,medium,candidate_spatial,ACT,average_composite,20.9,2024-25,60,,official_district_average,official_state_export,georgia_goews_2024_25_scores_crosswalked,high,Georgia GOSA district average; All Students; highest/recent score export.
1600000US1309544,Bowdon city,13,9700000US1300840,Carroll County School District,100.000,census_tiger_2023_polygon_intersection,medium,candidate_spatial,SAT,average_composite,1041.8,2024-25,310,,official_district_average,official_state_export,georgia_goews_2024_25_scores_crosswalked,high,Georgia GOSA district average; All Students; highest/recent score export.
1600000US1326448,Edison city,13,9700000US1300750,Calhoun County School District,100.000,census_tiger_2023_polygon_intersection,medium,candidate_spatial,ACT,average_composite,13.7,2024-25,13,,official_district_average,official_state_export,georgia_goews_2024_25_scores_crosswalked,high,Georgia GOSA district average; All Students; highest/recent score export.
1600000US1352696,Morgan city,13,9700000US1300750,Calhoun County School District,100.000,census_tiger_2023_polygon_intersection,medium,candidate_spatial,ACT,average_composite,13.7,2024-25,13,,official_district_average,official_state_export,georgia_goews_2024_25_scores_crosswalked,high,Georgia GOSA district average; All Students; highest/recent score export.
1600000US1310944,Brookhaven city,13,9700000US1301740,DeKalb County School District,100.000,census_tiger_2023_polygon_intersection,medium,candidate_spatial,ACT,average_composite,21.6,2024-25,602,,official_district_average,official_state_export,georgia_goews_2024_25_scores_crosswalked,high,Georgia GOSA district average; All Students; highest/recent score export.
1600000US1310944,Brookhaven city,13,9700000US1301740,DeKalb County School District,100.000,census_tiger_2023_polygon_intersection,medium,candidate_spatial,SAT,average_composite,922.6,2024-25,4213.5,,official_district_average,official_state_export,georgia_goews_2024_25_scores_crosswalked,high,Georgia GOSA district average; All Students; highest/recent score export.
1600000US1344508,Lake City city,13,9700000US1301230,Clayton County School District,100.000,census_tiger_2023_polygon_intersection,medium,candidate_spatial,ACT,average_composite,16.9,2024-25,215,,official_district_average,official_state_export,georgia_goews_2024_25_scores_crosswalked,high,Georgia GOSA district average; All Students; highest/recent score export.
1600000US1344508,Lake City city,13,9700000US1301230,Clayton County School District,100.000,census_tiger_2023_polygon_intersection,medium,candidate_spatial,SAT,average_composite,955.9,2024-25,780,,official_district_average,official_state_export,georgia_goews_2024_25_scores_crosswalked,high,Georgia GOSA district average; All Students; highest/recent score export.
1600000US1357260,Oakwood city,13,9700000US1302310,Gainesville City School District,0.732,census_tiger_2023_polygon_intersection,low,candidate_spatial,ACT,average_composite,21.4,2024-25,25,,official_district_average,official_state_export,georgia_goews_2024_25_scores_crosswalked,high,Georgia GOSA district average; All Students; highest/recent score export.
1600000US1357260,Oakwood city,13,9700000US1302310,Gainesville City School District,0.732,census_tiger_2023_polygon_intersection,low,candidate_spatial,SAT,average_composite,1010.9,2024-25,174,,official_district_average,official_state_export,georgia_goews_2024_25_scores_crosswalked,high,Georgia GOSA district average; All Students; highest/recent score export.
1600000US1357260,Oakwood city,13,9700000US1302610,Hall County School District,99.268,census_tiger_2023_polygon_intersection,medium,candidate_spatial,ACT,average_composite,20.8,2024-25,85,,official_district_average,official_state_export,georgia_goews_2024_25_scores_crosswalked,high,Georgia GOSA district average; All Students; highest/recent score export.
1600000US1357260,Oakwood city,13,9700000US1302610,Hall County School District,99.268,census_tiger_2023_polygon_intersection,medium,candidate_spatial,SAT,average_composite,1038.5,2024-25,611,,official_district_average,official_state_export,georgia_goews_2024_25_scores_crosswalked,high,Georgia GOSA district average; All Students; highest/recent score export.
1600000US1302564,Arabi town,13,9700000US1301560,Crisp County School District,100.000,census_tiger_2023_polygon_intersection,medium,candidate_spatial,SAT,average_composite,948.3,2024-25,78,,official_district_average,official_state_export,georgia_goews_2024_25_scores_crosswalked,high,Georgia GOSA district average; All Students; highest/recent score export.
1600000US1360004,Pembroke city,13,9700000US1300570,Bryan County School District,100.000,census_tiger_2023_polygon_intersection,medium,candidate_spatial,ACT,average_composite,20.5,2024-25,49,,official_district_average,official_state_export,georgia_goews_2024_25_scores_crosswalked,high,Georgia GOSA district average; All Students; highest/recent score export.
1600000US1360004,Pembroke city,13,9700000US1300570,Bryan County School District,100.000,census_tiger_2023_polygon_intersection,medium,candidate_spatial,SAT,average_composite,1056.5,2024-25,302,,official_district_average,official_state_export,georgia_goews_2024_25_scores_crosswalked,high,Georgia GOSA district average; All Students; highest/recent score export.
1600000US1318000,Colquitt city,13,9700000US1303660,Miller County School District,100.000,census_tiger_2023_polygon_intersection,medium,candidate_spatial,SAT,average_composite,928.9,2024-25,18,,official_district_average,official_state_export,georgia_goews_2024_25_scores_crosswalked,high,Georgia GOSA district average; All Students; highest/recent score export.
1600000US1337396,Hawkinsville city,13,9700000US1304220,Pulaski County School District,100.000,census_tiger_2023_polygon_intersection,medium,candidate_spatial,SAT,average_composite,1018.1,2024-25,16,,official_district_average,official_state_export,georgia_goews_2024_25_scores_crosswalked,high,Georgia GOSA district average; All Students; highest/recent score export.
1600000US1332916,Girard town,13,9700000US1300660,Burke County School District,100.000,census_tiger_2023_polygon_intersection,medium,candidate_spatial,SAT,average_composite,939.7,2024-25,74,,official_district_average,official_state_export,georgia_goews_2024_25_scores_crosswalked,high,Georgia GOSA district average; All Students; highest/recent score export.
1600000US1379416,Vidette city,13,9700000US1300660,Burke County School District,100.000,census_tiger_2023_polygon_intersection,medium,candidate_spatial,SAT,average_composite,939.7,2024-25,74,,official_district_average,official_state_export,georgia_goews_2024_25_scores_crosswalked,high,Georgia GOSA district average; All Students; highest/recent score export.
1600000US1309460,Boston city,13,9700000US1304890,Thomas County School District,100.000,census_tiger_2023_polygon_intersection,medium,candidate_spatial,ACT,average_composite,19.9,2024-25,38,,official_district_average,official_state_export,georgia_goews_2024_25_scores_crosswalked,high,Georgia GOSA district average; All Students; highest/recent score export.
1600000US1309460,Boston city,13,9700000US1304890,Thomas County School District,100.000,census_tiger_2023_polygon_intersection,medium,candidate_spatial,SAT,average_composite,1016.2,2024-25,120,,official_district_average,official_state_export,georgia_goews_2024_25_scores_crosswalked,high,Georgia GOSA district average; All Students; highest/recent score export.
1600000US1376224,Thomasville city,13,9700000US1304950,Thomasville City School District,100.000,census_tiger_2023_polygon_intersection,medium,candidate_spatial,ACT,average_composite,19.1,2024-25,35,,official_district_average,official_state_export,georgia_goews_2024_25_scores_crosswalked,high,Georgia GOSA district average; All Students; highest/recent score export.
1600000US1376224,Thomasville city,13,9700000US1304950,Thomasville City School District,100.000,census_tiger_2023_polygon_intersection,medium,candidate_spatial,SAT,average_composite,1019.6,2024-25,51,,official_district_average,official_state_export,georgia_goews_2024_25_scores_crosswalked,high,Georgia GOSA district average; All Students; highest/recent score export.
1600000US1361320,Pineview town,13,9700000US1305730,Wilcox County School District,100.000,census_tiger_2023_polygon_intersection,medium,candidate_spatial,SAT,average_composite,973.2,2024-25,22,,official_district_average,official_state_export,georgia_goews_2024_25_scores_crosswalked,high,Georgia GOSA district average; All Students; highest/recent score export.
1600000US1322024,Dearing town,13,9700000US1303570,McDuffie County School District,100.000,census_tiger_2023_polygon_intersection,medium,candidate_spatial,ACT,average_composite,18.2,2024-25,10,,official_district_average,official_state_export,georgia_goews_2024_25_scores_crosswalked,high,Georgia GOSA district average; All Students; highest/recent score export.
1600000US1322024,Dearing town,13,9700000US1303570,McDuffie County School District,100.000,census_tiger_2023_polygon_intersection,medium,candidate_spatial,SAT,average_composite,937.9,2024-25,53,,official_district_average,official_state_export,georgia_goews_2024_25_scores_crosswalked,high,Georgia GOSA district average; All Students; highest/recent score export.
1600000US1308480,Blairsville city,13,9700000US1305250,Union County School District,100.000,census_tiger_2023_polygon_intersection,medium,candidate_spatial,SAT,average_composite,1014.6,2024-25,74,,official_district_average,official_state_export,georgia_goews_2024_25_scores_crosswalked,high,Georgia GOSA district average; All Students; highest/recent score export.
1600000US1374572,Sunny Side city,13,9700000US1302520,Spalding County School District,100.000,census_tiger_2023_polygon_intersection,medium,candidate_spatial,ACT,average_composite,18.3,2024-25,32,,official_district_average,official_state_export,georgia_goews_2024_25_scores_crosswalked,high,Georgia GOSA district average; All Students; highest/recent score export.
1600000US1374572,Sunny Side city,13,9700000US1302520,Spalding County School District,100.000,census_tiger_2023_polygon_intersection,medium,candidate_spatial,SAT,average_composite,958.3,2024-25,151,,official_district_average,official_state_export,georgia_goews_2024_25_scores_crosswalked,high,Georgia GOSA district average; All Students; highest/recent score export.
1600000US1335716,Grovetown city,13,9700000US1301410,Columbia County School District,100.000,census_tiger_2023_polygon_intersection,medium,candidate_spatial,ACT,average_composite,22.4,2024-25,165,,official_district_average,official_state_export,georgia_goews_2024_25_scores_crosswalked,high,Georgia GOSA district average; All Students; highest/recent score export.
1600000US1335716,Grovetown city,13,9700000US1301410,Columbia County School District,100.000,census_tiger_2023_polygon_intersection,medium,candidate_spatial,SAT,average_composite,1072.3,2024-25,837,,official_district_average,official_state_export,georgia_goews_2024_25_scores_crosswalked,high,Georgia GOSA district average; All Students; highest/recent score export.
1600000US1308536,Blakely city,13,9700000US1301920,Early County School District,100.000,census_tiger_2023_polygon_intersection,medium,candidate_spatial,SAT,average_composite,883.4,2024-25,41,,official_district_average,official_state_export,georgia_goews_2024_25_scores_crosswalked,high,Georgia GOSA district average; All Students; highest/recent score export.
1600000US1308200,Bishop town,13,9700000US1303960,Oconee County School District,100.000,census_tiger_2023_polygon_intersection,medium,candidate_spatial,ACT,average_composite,24.4,2024-25,83,,official_district_average,official_state_export,georgia_goews_2024_25_scores_crosswalked,high,Georgia GOSA district average; All Students; highest/recent score export.
1600000US1308200,Bishop town,13,9700000US1303960,Oconee County School District,100.000,census_tiger_2023_polygon_intersection,medium,candidate_spatial,SAT,average_composite,1135.4,2024-25,326,,official_district_average,official_state_export,georgia_goews_2024_25_scores_crosswalked,high,Georgia GOSA district average; All Students; highest/recent score export.
1600000US1356308,North High Shoals town,13,9700000US1303960,Oconee County School District,100.000,census_tiger_2023_polygon_intersection,medium,candidate_spatial,ACT,average_composite,24.4,2024-25,83,,official_district_average,official_state_export,georgia_goews_2024_25_scores_crosswalked,high,Georgia GOSA district average; All Students; highest/recent score export.
1600000US1356308,North High Shoals town,13,9700000US1303960,Oconee County School District,100.000,census_tiger_2023_polygon_intersection,medium,candidate_spatial,SAT,average_composite,1135.4,2024-25,326,,official_district_average,official_state_export,georgia_goews_2024_25_scores_crosswalked,high,Georgia GOSA district average; All Students; highest/recent score export.
1600000US1322752,Dexter town,13,9700000US1301890,Laurens County School District,100.000,census_tiger_2023_polygon_intersection,medium,candidate_spatial,ACT,average_composite,20.8,2024-25,19,,official_district_average,official_state_export,georgia_goews_2024_25_scores_crosswalked,high,Georgia GOSA district average; All Students; highest/recent score export.
1600000US1322752,Dexter town,13,9700000US1301890,Laurens County School District,100.000,census_tiger_2023_polygon_intersection,medium,candidate_spatial,SAT,average_composite,1037.4,2024-25,132,,official_district_average,official_state_export,georgia_goews_2024_25_scores_crosswalked,high,Georgia GOSA district average; All Students; highest/recent score export.
1600000US1324488,Dudley city,13,9700000US1301890,Laurens County School District,100.000,census_tiger_2023_polygon_intersection,medium,candidate_spatial,ACT,average_composite,20.8,2024-25,19,,official_district_average,official_state_export,georgia_goews_2024_25_scores_crosswalked,high,Georgia GOSA district average; All Students; highest/recent score export.
1600000US1324488,Dudley city,13,9700000US1301890,Laurens County School District,100.000,census_tiger_2023_polygon_intersection,medium,candidate_spatial,SAT,average_composite,1037.4,2024-25,132,,official_district_average,official_state_export,georgia_goews_2024_25_scores_crosswalked,high,Georgia GOSA district average; All Students; highest/recent score export.
1600000US1325300,East Dublin city,13,9700000US1301890,Laurens County School District,100.000,census_tiger_2023_polygon_intersection,medium,candidate_spatial,ACT,average_composite,20.8,2024-25,19,,official_district_average,official_state_export,georgia_goews_2024_25_scores_crosswalked,high,Georgia GOSA district average; All Students; highest/recent score export.
1600000US1325300,East Dublin city,13,9700000US1301890,Laurens County School District,100.000,census_tiger_2023_polygon_intersection,medium,candidate_spatial,SAT,average_composite,1037.4,2024-25,132,,official_district_average,official_state_export,georgia_goews_2024_25_scores_crosswalked,high,Georgia GOSA district average; All Students; highest/recent score export.
1600000US1352500,Montrose town,13,9700000US1301890,Laurens County School District,100.000,census_tiger_2023_polygon_intersection,medium,candidate_spatial,ACT,average_composite,20.8,2024-25,19,,official_district_average,official_state_export,georgia_goews_2024_25_scores_crosswalked,high,Georgia GOSA district average; All Students; highest/recent score export.
1600000US1352500,Montrose town,13,9700000US1301890,Laurens County School District,100.000,census_tiger_2023_polygon_intersection,medium,candidate_spatial,SAT,average_composite,1037.4,2024-25,132,,official_district_average,official_state_export,georgia_goews_2024_25_scores_crosswalked,high,Georgia GOSA district average; All Students; highest/recent score export.
1600000US1336696,Harlem city,13,9700000US1301410,Columbia County School District,100.000,census_tiger_2023_polygon_intersection,medium,candidate_spatial,ACT,average_composite,22.4,2024-25,165,,official_district_average,official_state_export,georgia_goews_2024_25_scores_crosswalked,high,Georgia GOSA district average; All Students; highest/recent score export.
1600000US1336696,Harlem city,13,9700000US1301410,Columbia County School District,100.000,census_tiger_2023_polygon_intersection,medium,candidate_spatial,SAT,average_composite,1072.3,2024-25,837,,official_district_average,official_state_export,georgia_goews_2024_25_scores_crosswalked,high,Georgia GOSA district average; All Students; highest/recent score export.
1600000US1357456,Oconee city,13,9700000US1305490,Washington County School District,100.000,census_tiger_2023_polygon_intersection,medium,candidate_spatial,ACT,average_composite,15.9,2024-25,12,,official_district_average,official_state_export,georgia_goews_2024_25_scores_crosswalked,high,Georgia GOSA district average; All Students; highest/recent score export.
1600000US1357456,Oconee city,13,9700000US1305490,Washington County School District,100.000,census_tiger_2023_polygon_intersection,medium,candidate_spatial,SAT,average_composite,951.2,2024-25,41,,official_district_average,official_state_export,georgia_goews_2024_25_scores_crosswalked,high,Georgia GOSA district average; All Students; highest/recent score export.
1600000US1312344,Cadwell town,13,9700000US1301890,Laurens County School District,100.000,census_tiger_2023_polygon_intersection,medium,candidate_spatial,ACT,average_composite,20.8,2024-25,19,,official_district_average,official_state_export,georgia_goews_2024_25_scores_crosswalked,high,Georgia GOSA district average; All Students; highest/recent score export.
1600000US1312344,Cadwell town,13,9700000US1301890,Laurens County School District,100.000,census_tiger_2023_polygon_intersection,medium,candidate_spatial,SAT,average_composite,1037.4,2024-25,132,,official_district_average,official_state_export,georgia_goews_2024_25_scores_crosswalked,high,Georgia GOSA district average; All Students; highest/recent score export.
1600000US1358296,Orchard Hill town,13,9700000US1302520,Spalding County School District,100.000,census_tiger_2023_polygon_intersection,medium,candidate_spatial,ACT,average_composite,18.3,2024-25,32,,official_district_average,official_state_export,georgia_goews_2024_25_scores_crosswalked,high,Georgia GOSA district average; All Students; highest/recent score export.
1600000US1358296,Orchard Hill town,13,9700000US1302520,Spalding County School District,100.000,census_tiger_2023_polygon_intersection,medium,candidate_spatial,SAT,average_composite,958.3,2024-25,151,,official_district_average,official_state_export,georgia_goews_2024_25_scores_crosswalked,high,Georgia GOSA district average; All Students; highest/recent score export.
1600000US1304392,Avalon town,13,9700000US1304560,Stephens County School District,100.000,census_tiger_2023_polygon_intersection,medium,candidate_spatial,SAT,average_composite,1021.3,2024-25,60,,official_district_average,official_state_export,georgia_goews_2024_25_scores_crosswalked,high,Georgia GOSA district average; All Students; highest/recent score export.
1600000US1376756,Toccoa city,13,9700000US1304560,Stephens County School District,100.000,census_tiger_2023_polygon_intersection,medium,candidate_spatial,SAT,average_composite,1021.3,2024-25,60,,official_district_average,official_state_export,georgia_goews_2024_25_scores_crosswalked,high,Georgia GOSA district average; All Students; highest/recent score export.
1600000US1306016,Baxley city,13,9700000US1300060,Appling County School District,100.000,census_tiger_2023_polygon_intersection,medium,candidate_spatial,SAT,average_composite,982.6,2024-25,42,,official_district_average,official_state_export,georgia_goews_2024_25_scores_crosswalked,high,Georgia GOSA district average; All Students; highest/recent score export.
1600000US1342425,Johns Creek city,13,9700000US1302280,Fulton County School District,100.000,census_tiger_2023_polygon_intersection,medium,candidate_spatial,ACT,average_composite,24,2024-25,1303,,official_district_average,official_state_export,georgia_goews_2024_25_scores_crosswalked,high,Georgia GOSA district average; All Students; highest/recent score export.
1600000US1342425,Johns Creek city,13,9700000US1302280,Fulton County School District,100.000,census_tiger_2023_polygon_intersection,medium,candidate_spatial,SAT,average_composite,1034,2024-25,4167.5,,official_district_average,official_state_export,georgia_goews_2024_25_scores_crosswalked,high,Georgia GOSA district average; All Students; highest/recent score export.
1600000US1382972,Willacoochee city,13,9700000US1300090,Atkinson County School District,100.000,census_tiger_2023_polygon_intersection,medium,candidate_spatial,SAT,average_composite,1033,2024-25,10,,official_district_average,official_state_export,georgia_goews_2024_25_scores_crosswalked,high,Georgia GOSA district average; All Students; highest/recent score export.
1600000US1359808,Pearson city,13,9700000US1300090,Atkinson County School District,100.000,census_tiger_2023_polygon_intersection,medium,candidate_spatial,SAT,average_composite,1033,2024-25,10,,official_district_average,official_state_export,georgia_goews_2024_25_scores_crosswalked,high,Georgia GOSA district average; All Students; highest/recent score export.
1600000US1321744,Dasher town,13,9700000US1303390,Lowndes County School District,100.000,census_tiger_2023_polygon_intersection,medium,candidate_spatial,ACT,average_composite,20.6,2024-25,57,,official_district_average,official_state_export,georgia_goews_2024_25_scores_crosswalked,high,Georgia GOSA district average; All Students; highest/recent score export.
1600000US1321744,Dasher town,13,9700000US1303390,Lowndes County School District,100.000,census_tiger_2023_polygon_intersection,medium,candidate_spatial,SAT,average_composite,1058.9,2024-25,255,,official_district_average,official_state_export,georgia_goews_2024_25_scores_crosswalked,high,Georgia GOSA district average; All Students; highest/recent score export.
1600000US1308844,Bloomingdale city,13,9700000US1301020,Chatham County School District,100.000,census_tiger_2023_polygon_intersection,medium,candidate_spatial,ACT,average_composite,19.6,2024-25,114,,official_district_average,official_state_export,georgia_goews_2024_25_scores_crosswalked,high,Georgia GOSA district average; All Students; highest/recent score export.
1600000US1308844,Bloomingdale city,13,9700000US1301020,Chatham County School District,100.000,census_tiger_2023_polygon_intersection,medium,candidate_spatial,SAT,average_composite,1000.3,2024-25,822,,official_district_average,official_state_export,georgia_goews_2024_25_scores_crosswalked,high,Georgia GOSA district average; All Students; highest/recent score export.
1600000US1380788,Watkinsville city,13,9700000US1303960,Oconee County School District,100.000,census_tiger_2023_polygon_intersection,medium,candidate_spatial,ACT,average_composite,24.4,2024-25,83,,official_district_average,official_state_export,georgia_goews_2024_25_scores_crosswalked,high,Georgia GOSA district average; All Students; highest/recent score export.
1600000US1380788,Watkinsville city,13,9700000US1303960,Oconee County School District,100.000,census_tiger_2023_polygon_intersection,medium,candidate_spatial,SAT,average_composite,1135.4,2024-25,326,,official_district_average,official_state_export,georgia_goews_2024_25_scores_crosswalked,high,Georgia GOSA district average; All Students; highest/recent score export.
1600000US1314192,Cecil city,13,9700000US1301470,Cook County School District,100.000,census_tiger_2023_polygon_intersection,medium,candidate_spatial,SAT,average_composite,976.1,2024-25,66,,official_district_average,official_state_export,georgia_goews_2024_25_scores_crosswalked,high,Georgia GOSA district average; All Students; highest/recent score export.
1600000US1345936,Lenox town,13,9700000US1301470,Cook County School District,100.000,census_tiger_2023_polygon_intersection,medium,candidate_spatial,SAT,average_composite,976.1,2024-25,66,,official_district_average,official_state_export,georgia_goews_2024_25_scores_crosswalked,high,Georgia GOSA district average; All Students; highest/recent score export.
1600000US1372556,Sparks town,13,9700000US1301470,Cook County School District,100.000,census_tiger_2023_polygon_intersection,medium,candidate_spatial,SAT,average_composite,976.1,2024-25,66,,official_district_average,official_state_export,georgia_goews_2024_25_scores_crosswalked,high,Georgia GOSA district average; All Students; highest/recent score export.
1600000US1327596,Enigma town,13,9700000US1300390,Berrien County School District,100.000,census_tiger_2023_polygon_intersection,medium,candidate_spatial,SAT,average_composite,1057.5,2024-25,61,,official_district_average,official_state_export,georgia_goews_2024_25_scores_crosswalked,high,Georgia GOSA district average; All Students; highest/recent score export.
1600000US1363728,Ray City city,13,9700000US1303240,Lanier County School District,8.213,census_tiger_2023_polygon_intersection,low,candidate_spatial,SAT,average_composite,1029.6,2024-25,25,,official_district_average,official_state_export,georgia_goews_2024_25_scores_crosswalked,high,Georgia GOSA district average; All Students; highest/recent score export.
1600000US1363728,Ray City city,13,9700000US1300390,Berrien County School District,91.787,census_tiger_2023_polygon_intersection,medium,candidate_spatial,SAT,average_composite,1057.5,2024-25,61,,official_district_average,official_state_export,georgia_goews_2024_25_scores_crosswalked,high,Georgia GOSA district average; All Students; highest/recent score export.
1600000US1376476,Tifton city,13,9700000US1304980,Tift County School District,100.000,census_tiger_2023_polygon_intersection,medium,candidate_spatial,SAT,average_composite,1026.3,2024-25,124,,official_district_average,official_state_export,georgia_goews_2024_25_scores_crosswalked,high,Georgia GOSA district average; All Students; highest/recent score export.
1600000US1334260,Graham city,13,9700000US1300060,Appling County School District,100.000,census_tiger_2023_polygon_intersection,medium,candidate_spatial,SAT,average_composite,982.6,2024-25,42,,official_district_average,official_state_export,georgia_goews_2024_25_scores_crosswalked,high,Georgia GOSA district average; All Students; highest/recent score export.
1600000US1374852,Surrency town,13,9700000US1300060,Appling County School District,100.000,census_tiger_2023_polygon_intersection,medium,candidate_spatial,SAT,average_composite,982.6,2024-25,42,,official_district_average,official_state_export,georgia_goews_2024_25_scores_crosswalked,high,Georgia GOSA district average; All Students; highest/recent score export.
1600000US1309656,Bowersville town,13,9700000US1302730,Hart County School District,100.000,census_tiger_2023_polygon_intersection,medium,candidate_spatial,SAT,average_composite,1023.7,2024-25,89,,official_district_average,official_state_export,georgia_goews_2024_25_scores_crosswalked,high,Georgia GOSA district average; All Students; highest/recent score export.
1600000US1368796,Sasser town,13,9700000US1304860,Terrell County School District,100.000,census_tiger_2023_polygon_intersection,medium,candidate_spatial,SAT,average_composite,834.8,2024-25,21,,official_district_average,official_state_export,georgia_goews_2024_25_scores_crosswalked,high,Georgia GOSA district average; All Students; highest/recent score export.
1600000US1369336,Scotland city,13,9700000US1304830,Telfair County School District,84.289,census_tiger_2023_polygon_intersection,medium,candidate_spatial,SAT,average_composite,1005,2024-25,22,,official_district_average,official_state_export,georgia_goews_2024_25_scores_crosswalked,high,Georgia GOSA district average; All Students; highest/recent score export.
1600000US1369336,Scotland city,13,9700000US1305640,Wheeler County School District,15.711,census_tiger_2023_polygon_intersection,low,candidate_spatial,SAT,average_composite,980,2024-25,12,,official_district_average,official_state_export,georgia_goews_2024_25_scores_crosswalked,high,Georgia GOSA district average; All Students; highest/recent score export.
1600000US1365324,Ringgold city,13,9700000US1300930,Catoosa County School District,100.000,census_tiger_2023_polygon_intersection,medium,candidate_spatial,ACT,average_composite,21.1,2024-25,166,,official_district_average,official_state_export,georgia_goews_2024_25_scores_crosswalked,high,Georgia GOSA district average; All Students; highest/recent score export.
1600000US1365324,Ringgold city,13,9700000US1300930,Catoosa County School District,100.000,census_tiger_2023_polygon_intersection,medium,candidate_spatial,SAT,average_composite,1098.2,2024-25,97,,official_district_average,official_state_export,georgia_goews_2024_25_scores_crosswalked,high,Georgia GOSA district average; All Students; highest/recent score export.
1600000US1378100,Ty Ty city,13,9700000US1304980,Tift County School District,100.000,census_tiger_2023_polygon_intersection,medium,candidate_spatial,SAT,average_composite,1026.3,2024-25,124,,official_district_average,official_state_export,georgia_goews_2024_25_scores_crosswalked,high,Georgia GOSA district average; All Students; highest/recent score export.
1600000US1369000,Savannah city,13,9700000US1301020,Chatham County School District,100.000,census_tiger_2023_polygon_intersection,medium,candidate_spatial,ACT,average_composite,19.6,2024-25,114,,official_district_average,official_state_export,georgia_goews_2024_25_scores_crosswalked,high,Georgia GOSA district average; All Students; highest/recent score export.
1600000US1369000,Savannah city,13,9700000US1301020,Chatham County School District,100.000,census_tiger_2023_polygon_intersection,medium,candidate_spatial,SAT,average_composite,1000.3,2024-25,822,,official_district_average,official_state_export,georgia_goews_2024_25_scores_crosswalked,high,Georgia GOSA district average; All Students; highest/recent score export.
1600000US1376364,Thunderbolt town,13,9700000US1301020,Chatham County School District,100.000,census_tiger_2023_polygon_intersection,medium,candidate_spatial,ACT,average_composite,19.6,2024-25,114,,official_district_average,official_state_export,georgia_goews_2024_25_scores_crosswalked,high,Georgia GOSA district average; All Students; highest/recent score export.
1600000US1376364,Thunderbolt town,13,9700000US1301020,Chatham County School District,100.000,census_tiger_2023_polygon_intersection,medium,candidate_spatial,SAT,average_composite,1000.3,2024-25,822,,official_district_average,official_state_export,georgia_goews_2024_25_scores_crosswalked,high,Georgia GOSA district average; All Students; highest/recent score export.
1600000US1309040,Blythe city,13,9700000US1300660,Burke County School District,10.005,census_tiger_2023_polygon_intersection,low,candidate_spatial,SAT,average_composite,939.7,2024-25,74,,official_district_average,official_state_export,georgia_goews_2024_25_scores_crosswalked,high,Georgia GOSA district average; All Students; highest/recent score export.
1600000US1309040,Blythe city,13,9700000US1304380,Richmond County School District,89.995,census_tiger_2023_polygon_intersection,medium,candidate_spatial,ACT,average_composite,17.7,2024-25,98,,official_district_average,official_state_export,georgia_goews_2024_25_scores_crosswalked,high,Georgia GOSA district average; All Students; highest/recent score export.
1600000US1309040,Blythe city,13,9700000US1304380,Richmond County School District,89.995,census_tiger_2023_polygon_intersection,medium,candidate_spatial,SAT,average_composite,952.1,2024-25,527,,official_district_average,official_state_export,georgia_goews_2024_25_scores_crosswalked,high,Georgia GOSA district average; All Students; highest/recent score export.
1600000US1354572,Nelson city,13,9700000US1301110,Cherokee County School District,58.569,census_tiger_2023_polygon_intersection,medium,candidate_spatial,ACT,average_composite,23,2024-25,448,,official_district_average,official_state_export,georgia_goews_2024_25_scores_crosswalked,high,Georgia GOSA district average; All Students; highest/recent score export.
1600000US1354572,Nelson city,13,9700000US1301110,Cherokee County School District,58.569,census_tiger_2023_polygon_intersection,medium,candidate_spatial,SAT,average_composite,1079.6,2024-25,1428.5,,official_district_average,official_state_export,georgia_goews_2024_25_scores_crosswalked,high,Georgia GOSA district average; All Students; highest/recent score export.
1600000US1354572,Nelson city,13,9700000US1304110,Pickens County School District,41.431,census_tiger_2023_polygon_intersection,low,candidate_spatial,ACT,average_composite,21.3,2024-25,12,,official_district_average,official_state_export,georgia_goews_2024_25_scores_crosswalked,high,Georgia GOSA district average; All Students; highest/recent score export.
1600000US1354572,Nelson city,13,9700000US1304110,Pickens County School District,41.431,census_tiger_2023_polygon_intersection,low,candidate_spatial,SAT,average_composite,1087,2024-25,84,,official_district_average,official_state_export,georgia_goews_2024_25_scores_crosswalked,high,Georgia GOSA district average; All Students; highest/recent score export.
1600000US1375272,Talking Rock town,13,9700000US1304110,Pickens County School District,100.000,census_tiger_2023_polygon_intersection,medium,candidate_spatial,ACT,average_composite,21.3,2024-25,12,,official_district_average,official_state_export,georgia_goews_2024_25_scores_crosswalked,high,Georgia GOSA district average; All Students; highest/recent score export.
1600000US1375272,Talking Rock town,13,9700000US1304110,Pickens County School District,100.000,census_tiger_2023_polygon_intersection,medium,candidate_spatial,SAT,average_composite,1087,2024-25,84,,official_district_average,official_state_export,georgia_goews_2024_25_scores_crosswalked,high,Georgia GOSA district average; All Students; highest/recent score export.
1600000US1304448,Avera city,13,9700000US1303060,Jefferson County School District,100.000,census_tiger_2023_polygon_intersection,medium,candidate_spatial,SAT,average_composite,981.9,2024-25,21,,official_district_average,official_state_export,georgia_goews_2024_25_scores_crosswalked,high,Georgia GOSA district average; All Students; highest/recent score export.
1600000US1305680,Bartow town,13,9700000US1303060,Jefferson County School District,100.000,census_tiger_2023_polygon_intersection,medium,candidate_spatial,SAT,average_composite,981.9,2024-25,21,,official_district_average,official_state_export,georgia_goews_2024_25_scores_crosswalked,high,Georgia GOSA district average; All Students; highest/recent score export.
1600000US1373004,Stapleton city,13,9700000US1303060,Jefferson County School District,100.000,census_tiger_2023_polygon_intersection,medium,candidate_spatial,SAT,average_composite,981.9,2024-25,21,,official_district_average,official_state_export,georgia_goews_2024_25_scores_crosswalked,high,Georgia GOSA district average; All Students; highest/recent score export.
1600000US1384456,Wrens city,13,9700000US1303060,Jefferson County School District,100.000,census_tiger_2023_polygon_intersection,medium,candidate_spatial,SAT,average_composite,981.9,2024-25,21,,official_district_average,official_state_export,georgia_goews_2024_25_scores_crosswalked,high,Georgia GOSA district average; All Students; highest/recent score export.
1600000US1331096,Fort Valley city,13,9700000US1304050,Peach County School District,100.000,census_tiger_2023_polygon_intersection,medium,candidate_spatial,ACT,average_composite,17.9,2024-25,20,,official_district_average,official_state_export,georgia_goews_2024_25_scores_crosswalked,high,Georgia GOSA district average; All Students; highest/recent score export.
1600000US1331096,Fort Valley city,13,9700000US1304050,Peach County School District,100.000,census_tiger_2023_polygon_intersection,medium,candidate_spatial,SAT,average_composite,955.7,2024-25,69,,official_district_average,official_state_export,georgia_goews_2024_25_scores_crosswalked,high,Georgia GOSA district average; All Students; highest/recent score export.
1600000US1379388,Vidalia city,13,9700000US1305340,Vidalia City School District,100.000,census_tiger_2023_polygon_intersection,medium,candidate_spatial,ACT,average_composite,21,2024-25,10,,official_district_average,official_state_export,georgia_goews_2024_25_scores_crosswalked,high,Georgia GOSA district average; All Students; highest/recent score export.
1600000US1379388,Vidalia city,13,9700000US1305340,Vidalia City School District,100.000,census_tiger_2023_polygon_intersection,medium,candidate_spatial,SAT,average_composite,1006.9,2024-25,59,,official_district_average,official_state_export,georgia_goews_2024_25_scores_crosswalked,high,Georgia GOSA district average; All Students; highest/recent score export.
1600000US1336220,Hamilton city,13,9700000US1302700,Harris County School District,100.000,census_tiger_2023_polygon_intersection,medium,candidate_spatial,ACT,average_composite,21.5,2024-25,44,,official_district_average,official_state_export,georgia_goews_2024_25_scores_crosswalked,high,Georgia GOSA district average; All Students; highest/recent score export.
1600000US1336220,Hamilton city,13,9700000US1302700,Harris County School District,100.000,census_tiger_2023_polygon_intersection,medium,candidate_spatial,SAT,average_composite,1109.8,2024-25,107,,official_district_average,official_state_export,georgia_goews_2024_25_scores_crosswalked,high,Georgia GOSA district average; All Students; highest/recent score export.
1600000US1380844,Waverly Hall town,13,9700000US1302700,Harris County School District,100.000,census_tiger_2023_polygon_intersection,medium,candidate_spatial,ACT,average_composite,21.5,2024-25,44,,official_district_average,official_state_export,georgia_goews_2024_25_scores_crosswalked,high,Georgia GOSA district average; All Students; highest/recent score export.
1600000US1380844,Waverly Hall town,13,9700000US1302700,Harris County School District,100.000,census_tiger_2023_polygon_intersection,medium,candidate_spatial,SAT,average_composite,1109.8,2024-25,107,,official_district_average,official_state_export,georgia_goews_2024_25_scores_crosswalked,high,Georgia GOSA district average; All Students; highest/recent score export.
1600000US1305344,Barnesville city,13,9700000US1303210,Lamar County School District,100.000,census_tiger_2023_polygon_intersection,medium,candidate_spatial,SAT,average_composite,1029.3,2024-25,41,,official_district_average,official_state_export,georgia_goews_2024_25_scores_crosswalked,high,Georgia GOSA district average; All Students; highest/recent score export.
1600000US1332412,Geneva town,13,9700000US1304650,Talbot County School District,100.000,census_tiger_2023_polygon_intersection,medium,candidate_spatial,SAT,average_composite,786.3,2024-25,24,,official_district_average,official_state_export,georgia_goews_2024_25_scores_crosswalked,high,Georgia GOSA district average; All Students; highest/recent score export.
1600000US1353116,Mountain City town,13,9700000US1304320,Rabun County School District,100.000,census_tiger_2023_polygon_intersection,medium,candidate_spatial,SAT,average_composite,1061.1,2024-25,54,,official_district_average,official_state_export,georgia_goews_2024_25_scores_crosswalked,high,Georgia GOSA district average; All Students; highest/recent score export.
1600000US1319392,Coolidge city,13,9700000US1304890,Thomas County School District,100.000,census_tiger_2023_polygon_intersection,medium,candidate_spatial,ACT,average_composite,19.9,2024-25,38,,official_district_average,official_state_export,georgia_goews_2024_25_scores_crosswalked,high,Georgia GOSA district average; All Students; highest/recent score export.
1600000US1319392,Coolidge city,13,9700000US1304890,Thomas County School District,100.000,census_tiger_2023_polygon_intersection,medium,candidate_spatial,SAT,average_composite,1016.2,2024-25,120,,official_district_average,official_state_export,georgia_goews_2024_25_scores_crosswalked,high,Georgia GOSA district average; All Students; highest/recent score export.
1600000US1357372,Ochlocknee town,13,9700000US1304890,Thomas County School District,100.000,census_tiger_2023_polygon_intersection,medium,candidate_spatial,ACT,average_composite,19.9,2024-25,38,,official_district_average,official_state_export,georgia_goews_2024_25_scores_crosswalked,high,Georgia GOSA district average; All Students; highest/recent score export.
1600000US1357372,Ochlocknee town,13,9700000US1304890,Thomas County School District,100.000,census_tiger_2023_polygon_intersection,medium,candidate_spatial,SAT,average_composite,1016.2,2024-25,120,,official_district_average,official_state_export,georgia_goews_2024_25_scores_crosswalked,high,Georgia GOSA district average; All Students; highest/recent score export.
1600000US1324600,Duluth city,13,9700000US1302550,Gwinnett County School District,100.000,census_tiger_2023_polygon_intersection,medium,candidate_spatial,ACT,average_composite,22.8,2024-25,920,,official_district_average,official_state_export,georgia_goews_2024_25_scores_crosswalked,high,Georgia GOSA district average; All Students; highest/recent score export.
1600000US1324600,Duluth city,13,9700000US1302550,Gwinnett County School District,100.000,census_tiger_2023_polygon_intersection,medium,candidate_spatial,SAT,average_composite,1109.9,2024-25,4964,,official_district_average,official_state_export,georgia_goews_2024_25_scores_crosswalked,high,Georgia GOSA district average; All Students; highest/recent score export.
1600000US1304644,Avondale Estates city,13,9700000US1301740,DeKalb County School District,100.000,census_tiger_2023_polygon_intersection,medium,candidate_spatial,ACT,average_composite,21.6,2024-25,602,,official_district_average,official_state_export,georgia_goews_2024_25_scores_crosswalked,high,Georgia GOSA district average; All Students; highest/recent score export.
1600000US1304644,Avondale Estates city,13,9700000US1301740,DeKalb County School District,100.000,census_tiger_2023_polygon_intersection,medium,candidate_spatial,SAT,average_composite,922.6,2024-25,4213.5,,official_district_average,official_state_export,georgia_goews_2024_25_scores_crosswalked,high,Georgia GOSA district average; All Students; highest/recent score export.
1600000US1312456,Calhoun city,13,9700000US1300720,Calhoun City School District,95.760,census_tiger_2023_polygon_intersection,medium,candidate_spatial,ACT,average_composite,21.5,2024-25,22,,official_district_average,official_state_export,georgia_goews_2024_25_scores_crosswalked,high,Georgia GOSA district average; All Students; highest/recent score export.
1600000US1312456,Calhoun city,13,9700000US1300720,Calhoun City School District,95.760,census_tiger_2023_polygon_intersection,medium,candidate_spatial,SAT,average_composite,1053.4,2024-25,61,,official_district_average,official_state_export,georgia_goews_2024_25_scores_crosswalked,high,Georgia GOSA district average; All Students; highest/recent score export.
1600000US1312456,Calhoun city,13,9700000US1302430,Gordon County School District,4.240,census_tiger_2023_polygon_intersection,low,candidate_spatial,ACT,average_composite,19.8,2024-25,13,,official_district_average,official_state_export,georgia_goews_2024_25_scores_crosswalked,high,Georgia GOSA district average; All Students; highest/recent score export.
1600000US1312456,Calhoun city,13,9700000US1302430,Gordon County School District,4.240,census_tiger_2023_polygon_intersection,low,candidate_spatial,SAT,average_composite,1017.4,2024-25,89,,official_district_average,official_state_export,georgia_goews_2024_25_scores_crosswalked,high,Georgia GOSA district average; All Students; highest/recent score export.
1600000US1374432,Sumner town,13,9700000US1305850,Worth County School District,100.000,census_tiger_2023_polygon_intersection,medium,candidate_spatial,ACT,average_composite,19,2024-25,25,,official_district_average,official_state_export,georgia_goews_2024_25_scores_crosswalked,high,Georgia GOSA district average; All Students; highest/recent score export.
1600000US1374432,Sumner town,13,9700000US1305850,Worth County School District,100.000,census_tiger_2023_polygon_intersection,medium,candidate_spatial,SAT,average_composite,968.1,2024-25,68,,official_district_average,official_state_export,georgia_goews_2024_25_scores_crosswalked,high,Georgia GOSA district average; All Students; highest/recent score export.
1600000US1352304,Montezuma city,13,9700000US1303450,Macon County School District,100.000,census_tiger_2023_polygon_intersection,medium,candidate_spatial,ACT,average_composite,16.1,2024-25,12,,official_district_average,official_state_export,georgia_goews_2024_25_scores_crosswalked,high,Georgia GOSA district average; All Students; highest/recent score export.
1600000US1340812,Ideal city,13,9700000US1303450,Macon County School District,100.000,census_tiger_2023_polygon_intersection,medium,candidate_spatial,ACT,average_composite,16.1,2024-25,12,,official_district_average,official_state_export,georgia_goews_2024_25_scores_crosswalked,high,Georgia GOSA district average; All Students; highest/recent score export.
1600000US1349924,Marshallville city,13,9700000US1303450,Macon County School District,100.000,census_tiger_2023_polygon_intersection,medium,candidate_spatial,ACT,average_composite,16.1,2024-25,12,,official_district_average,official_state_export,georgia_goews_2024_25_scores_crosswalked,high,Georgia GOSA district average; All Students; highest/recent score export.
1600000US1380508,Warner Robins city,13,9700000US1302880,Houston County School District,92.884,census_tiger_2023_polygon_intersection,medium,candidate_spatial,ACT,average_composite,21.3,2024-25,169,,official_district_average,official_state_export,georgia_goews_2024_25_scores_crosswalked,high,Georgia GOSA district average; All Students; highest/recent score export.
1600000US1380508,Warner Robins city,13,9700000US1302880,Houston County School District,92.884,census_tiger_2023_polygon_intersection,medium,candidate_spatial,SAT,average_composite,1061.4,2024-25,758,,official_district_average,official_state_export,georgia_goews_2024_25_scores_crosswalked,high,Georgia GOSA district average; All Students; highest/recent score export.
1600000US1380508,Warner Robins city,13,9700000US1304050,Peach County School District,7.116,census_tiger_2023_polygon_intersection,low,candidate_spatial,ACT,average_composite,17.9,2024-25,20,,official_district_average,official_state_export,georgia_goews_2024_25_scores_crosswalked,high,Georgia GOSA district average; All Students; highest/recent score export.
1600000US1380508,Warner Robins city,13,9700000US1304050,Peach County School District,7.116,census_tiger_2023_polygon_intersection,low,candidate_spatial,SAT,average_composite,955.7,2024-25,69,,official_district_average,official_state_export,georgia_goews_2024_25_scores_crosswalked,high,Georgia GOSA district average; All Students; highest/recent score export.
1600000US1315172,Chamblee city,13,9700000US1301740,DeKalb County School District,100.000,census_tiger_2023_polygon_intersection,medium,candidate_spatial,ACT,average_composite,21.6,2024-25,602,,official_district_average,official_state_export,georgia_goews_2024_25_scores_crosswalked,high,Georgia GOSA district average; All Students; highest/recent score export.
1600000US1315172,Chamblee city,13,9700000US1301740,DeKalb County School District,100.000,census_tiger_2023_polygon_intersection,medium,candidate_spatial,SAT,average_composite,922.6,2024-25,4213.5,,official_district_average,official_state_export,georgia_goews_2024_25_scores_crosswalked,high,Georgia GOSA district average; All Students; highest/recent score export.
1600000US1316544,Clarkston city,13,9700000US1301740,DeKalb County School District,100.000,census_tiger_2023_polygon_intersection,medium,candidate_spatial,ACT,average_composite,21.6,2024-25,602,,official_district_average,official_state_export,georgia_goews_2024_25_scores_crosswalked,high,Georgia GOSA district average; All Students; highest/recent score export.
1600000US1316544,Clarkston city,13,9700000US1301740,DeKalb County School District,100.000,census_tiger_2023_polygon_intersection,medium,candidate_spatial,SAT,average_composite,922.6,2024-25,4213.5,,official_district_average,official_state_export,georgia_goews_2024_25_scores_crosswalked,high,Georgia GOSA district average; All Students; highest/recent score export.
1600000US1323536,Doraville city,13,9700000US1301740,DeKalb County School District,97.548,census_tiger_2023_polygon_intersection,medium,candidate_spatial,ACT,average_composite,21.6,2024-25,602,,official_district_average,official_state_export,georgia_goews_2024_25_scores_crosswalked,high,Georgia GOSA district average; All Students; highest/recent score export.
1600000US1323536,Doraville city,13,9700000US1301740,DeKalb County School District,97.548,census_tiger_2023_polygon_intersection,medium,candidate_spatial,SAT,average_composite,922.6,2024-25,4213.5,,official_district_average,official_state_export,georgia_goews_2024_25_scores_crosswalked,high,Georgia GOSA district average; All Students; highest/recent score export.
1600000US1323536,Doraville city,13,9700000US1302550,Gwinnett County School District,2.452,census_tiger_2023_polygon_intersection,low,candidate_spatial,ACT,average_composite,22.8,2024-25,920,,official_district_average,official_state_export,georgia_goews_2024_25_scores_crosswalked,high,Georgia GOSA district average; All Students; highest/recent score export.
1600000US1323536,Doraville city,13,9700000US1302550,Gwinnett County School District,2.452,census_tiger_2023_polygon_intersection,low,candidate_spatial,SAT,average_composite,1109.9,2024-25,4964,,official_district_average,official_state_export,georgia_goews_2024_25_scores_crosswalked,high,Georgia GOSA district average; All Students; highest/recent score export.
1600000US1346860,Lithonia city,13,9700000US1301740,DeKalb County School District,100.000,census_tiger_2023_polygon_intersection,medium,candidate_spatial,ACT,average_composite,21.6,2024-25,602,,official_district_average,official_state_export,georgia_goews_2024_25_scores_crosswalked,high,Georgia GOSA district average; All Students; highest/recent score export.
1600000US1346860,Lithonia city,13,9700000US1301740,DeKalb County School District,100.000,census_tiger_2023_polygon_intersection,medium,candidate_spatial,SAT,average_composite,922.6,2024-25,4213.5,,official_district_average,official_state_export,georgia_goews_2024_25_scores_crosswalked,high,Georgia GOSA district average; All Students; highest/recent score export.
1600000US1361040,Pine Lake city,13,9700000US1301740,DeKalb County School District,100.000,census_tiger_2023_polygon_intersection,medium,candidate_spatial,ACT,average_composite,21.6,2024-25,602,,official_district_average,official_state_export,georgia_goews_2024_25_scores_crosswalked,high,Georgia GOSA district average; All Students; highest/recent score export.
1600000US1361040,Pine Lake city,13,9700000US1301740,DeKalb County School District,100.000,census_tiger_2023_polygon_intersection,medium,candidate_spatial,SAT,average_composite,922.6,2024-25,4213.5,,official_district_average,official_state_export,georgia_goews_2024_25_scores_crosswalked,high,Georgia GOSA district average; All Students; highest/recent score export.
1600000US1353284,Mount Airy town,13,9700000US1302580,Habersham County School District,100.000,census_tiger_2023_polygon_intersection,medium,candidate_spatial,SAT,average_composite,1082,2024-25,109,,official_district_average,official_state_export,georgia_goews_2024_25_scores_crosswalked,high,Georgia GOSA district average; All Students; highest/recent score export.
1600000US1373816,Stone Mountain city,13,9700000US1301740,DeKalb County School District,100.000,census_tiger_2023_polygon_intersection,medium,candidate_spatial,ACT,average_composite,21.6,2024-25,602,,official_district_average,official_state_export,georgia_goews_2024_25_scores_crosswalked,high,Georgia GOSA district average; All Students; highest/recent score export.
1600000US1373816,Stone Mountain city,13,9700000US1301740,DeKalb County School District,100.000,census_tiger_2023_polygon_intersection,medium,candidate_spatial,SAT,average_composite,922.6,2024-25,4213.5,,official_district_average,official_state_export,georgia_goews_2024_25_scores_crosswalked,high,Georgia GOSA district average; All Students; highest/recent score export.
1600000US1316656,Clayton city,13,9700000US1304320,Rabun County School District,100.000,census_tiger_2023_polygon_intersection,medium,candidate_spatial,SAT,average_composite,1061.1,2024-25,54,,official_district_average,official_state_export,georgia_goews_2024_25_scores_crosswalked,high,Georgia GOSA district average; All Students; highest/recent score export.
1600000US1322976,Dillard city,13,9700000US1304320,Rabun County School District,100.000,census_tiger_2023_polygon_intersection,medium,candidate_spatial,SAT,average_composite,1061.1,2024-25,54,,official_district_average,official_state_export,georgia_goews_2024_25_scores_crosswalked,high,Georgia GOSA district average; All Students; highest/recent score export.
1600000US1304252,Austell city,13,9700000US1301860,Douglas County School District,3.005,census_tiger_2023_polygon_intersection,low,candidate_spatial,ACT,average_composite,18.7,2024-25,230,,official_district_average,official_state_export,georgia_goews_2024_25_scores_crosswalked,high,Georgia GOSA district average; All Students; highest/recent score export.
1600000US1304252,Austell city,13,9700000US1301860,Douglas County School District,3.005,census_tiger_2023_polygon_intersection,low,candidate_spatial,SAT,average_composite,994,2024-25,790,,official_district_average,official_state_export,georgia_goews_2024_25_scores_crosswalked,high,Georgia GOSA district average; All Students; highest/recent score export.
1600000US1304252,Austell city,13,9700000US1301290,Cobb County School District,96.995,census_tiger_2023_polygon_intersection,medium,candidate_spatial,ACT,average_composite,23,2024-25,1245,,official_district_average,official_state_export,georgia_goews_2024_25_scores_crosswalked,high,Georgia GOSA district average; All Students; highest/recent score export.
1600000US1304252,Austell city,13,9700000US1301290,Cobb County School District,96.995,census_tiger_2023_polygon_intersection,medium,candidate_spatial,SAT,average_composite,1092.9,2024-25,3758,,official_district_average,official_state_export,georgia_goews_2024_25_scores_crosswalked,high,Georgia GOSA district average; All Students; highest/recent score export.
1600000US1315984,Chickamauga city,13,9700000US1301140,Chickamauga City School District,100.000,census_tiger_2023_polygon_intersection,medium,candidate_spatial,ACT,average_composite,20.5,2024-25,38,,official_district_average,official_state_export,georgia_goews_2024_25_scores_crosswalked,high,Georgia GOSA district average; All Students; highest/recent score export.
1600000US1315984,Chickamauga city,13,9700000US1301140,Chickamauga City School District,100.000,census_tiger_2023_polygon_intersection,medium,candidate_spatial,SAT,average_composite,1040.8,2024-25,13,,official_district_average,official_state_export,georgia_goews_2024_25_scores_crosswalked,high,Georgia GOSA district average; All Students; highest/recent score export.
1600000US1302116,Americus city,13,9700000US1304620,Sumter County School District,100.000,census_tiger_2023_polygon_intersection,medium,candidate_spatial,ACT,average_composite,14.8,2024-25,26,,official_district_average,official_state_export,georgia_goews_2024_25_scores_crosswalked,high,Georgia GOSA district average; All Students; highest/recent score export.
1600000US1302116,Americus city,13,9700000US1304620,Sumter County School District,100.000,census_tiger_2023_polygon_intersection,medium,candidate_spatial,SAT,average_composite,907.8,2024-25,51,,official_district_average,official_state_export,georgia_goews_2024_25_scores_crosswalked,high,Georgia GOSA district average; All Students; highest/recent score export.
1600000US1345768,Leesburg city,13,9700000US1303270,Lee County School District,100.000,census_tiger_2023_polygon_intersection,medium,candidate_spatial,ACT,average_composite,21.3,2024-25,36,,official_district_average,official_state_export,georgia_goews_2024_25_scores_crosswalked,high,Georgia GOSA district average; All Students; highest/recent score export.
1600000US1345768,Leesburg city,13,9700000US1303270,Lee County School District,100.000,census_tiger_2023_polygon_intersection,medium,candidate_spatial,SAT,average_composite,1039.9,2024-25,143,,official_district_average,official_state_export,georgia_goews_2024_25_scores_crosswalked,high,Georgia GOSA district average; All Students; highest/recent score export.
1600000US1371464,Smithville city,13,9700000US1303270,Lee County School District,100.000,census_tiger_2023_polygon_intersection,medium,candidate_spatial,ACT,average_composite,21.3,2024-25,36,,official_district_average,official_state_export,georgia_goews_2024_25_scores_crosswalked,high,Georgia GOSA district average; All Students; highest/recent score export.
1600000US1371464,Smithville city,13,9700000US1303270,Lee County School District,100.000,census_tiger_2023_polygon_intersection,medium,candidate_spatial,SAT,average_composite,1039.9,2024-25,143,,official_district_average,official_state_export,georgia_goews_2024_25_scores_crosswalked,high,Georgia GOSA district average; All Students; highest/recent score export.
1600000US1321324,Dallas city,13,9700000US1304020,Paulding County School District,100.000,census_tiger_2023_polygon_intersection,medium,candidate_spatial,ACT,average_composite,19.5,2024-25,162,,official_district_average,official_state_export,georgia_goews_2024_25_scores_crosswalked,high,Georgia GOSA district average; All Students; highest/recent score export.
1600000US1321324,Dallas city,13,9700000US1304020,Paulding County School District,100.000,census_tiger_2023_polygon_intersection,medium,candidate_spatial,SAT,average_composite,1033.3,2024-25,815,,official_district_average,official_state_export,georgia_goews_2024_25_scores_crosswalked,high,Georgia GOSA district average; All Students; highest/recent score export.
1600000US1310104,Braswell town,13,9700000US1304020,Paulding County School District,68.634,census_tiger_2023_polygon_intersection,medium,candidate_spatial,ACT,average_composite,19.5,2024-25,162,,official_district_average,official_state_export,georgia_goews_2024_25_scores_crosswalked,high,Georgia GOSA district average; All Students; highest/recent score export.
1600000US1310104,Braswell town,13,9700000US1304020,Paulding County School District,68.634,census_tiger_2023_polygon_intersection,medium,candidate_spatial,SAT,average_composite,1033.3,2024-25,815,,official_district_average,official_state_export,georgia_goews_2024_25_scores_crosswalked,high,Georgia GOSA district average; All Students; highest/recent score export.
1600000US1310104,Braswell town,13,9700000US1304200,Polk County School District,31.366,census_tiger_2023_polygon_intersection,low,candidate_spatial,ACT,average_composite,20,2024-25,26,,official_district_average,official_state_export,georgia_goews_2024_25_scores_crosswalked,high,Georgia GOSA district average; All Students; highest/recent score export.
1600000US1310104,Braswell town,13,9700000US1304200,Polk County School District,31.366,census_tiger_2023_polygon_intersection,low,candidate_spatial,SAT,average_composite,1015.4,2024-25,112,,official_district_average,official_state_export,georgia_goews_2024_25_scores_crosswalked,high,Georgia GOSA district average; All Students; highest/recent score export.
1600000US1339076,Hiram city,13,9700000US1304020,Paulding County School District,100.000,census_tiger_2023_polygon_intersection,medium,candidate_spatial,ACT,average_composite,19.5,2024-25,162,,official_district_average,official_state_export,georgia_goews_2024_25_scores_crosswalked,high,Georgia GOSA district average; All Students; highest/recent score export.
1600000US1339076,Hiram city,13,9700000US1304020,Paulding County School District,100.000,census_tiger_2023_polygon_intersection,medium,candidate_spatial,SAT,average_composite,1033.3,2024-25,815,,official_district_average,official_state_export,georgia_goews_2024_25_scores_crosswalked,high,Georgia GOSA district average; All Students; highest/recent score export.
1600000US1376504,Tiger town,13,9700000US1304320,Rabun County School District,100.000,census_tiger_2023_polygon_intersection,medium,candidate_spatial,SAT,average_composite,1061.1,2024-25,54,,official_district_average,official_state_export,georgia_goews_2024_25_scores_crosswalked,high,Georgia GOSA district average; All Students; highest/recent score export.
1600000US1330312,Flovilla city,13,9700000US1300690,Butts County School District,100.000,census_tiger_2023_polygon_intersection,medium,candidate_spatial,SAT,average_composite,956.7,2024-25,61,,official_district_average,official_state_export,georgia_goews_2024_25_scores_crosswalked,high,Georgia GOSA district average; All Students; highest/recent score export.
1600000US1372584,Sparta city,13,9700000US1302640,Hancock County School District,100.000,census_tiger_2023_polygon_intersection,medium,candidate_spatial,SAT,average_composite,867.7,2024-25,13,,official_district_average,official_state_export,georgia_goews_2024_25_scores_crosswalked,high,Georgia GOSA district average; All Students; highest/recent score export.
1600000US1323368,Donalsonville city,13,9700000US1304530,Seminole County School District,100.000,census_tiger_2023_polygon_intersection,medium,candidate_spatial,ACT,average_composite,19.8,2024-25,13,,official_district_average,official_state_export,georgia_goews_2024_25_scores_crosswalked,high,Georgia GOSA district average; All Students; highest/recent score export.
1600000US1323368,Donalsonville city,13,9700000US1304530,Seminole County School District,100.000,census_tiger_2023_polygon_intersection,medium,candidate_spatial,SAT,average_composite,992.8,2024-25,36,,official_district_average,official_state_export,georgia_goews_2024_25_scores_crosswalked,high,Georgia GOSA district average; All Students; highest/recent score export.
1600000US1341344,Iron City town,13,9700000US1304530,Seminole County School District,100.000,census_tiger_2023_polygon_intersection,medium,candidate_spatial,ACT,average_composite,19.8,2024-25,13,,official_district_average,official_state_export,georgia_goews_2024_25_scores_crosswalked,high,Georgia GOSA district average; All Students; highest/recent score export.
1600000US1341344,Iron City town,13,9700000US1304530,Seminole County School District,100.000,census_tiger_2023_polygon_intersection,medium,candidate_spatial,SAT,average_composite,992.8,2024-25,36,,official_district_average,official_state_export,georgia_goews_2024_25_scores_crosswalked,high,Georgia GOSA district average; All Students; highest/recent score export.
1600000US1312120,Butler city,13,9700000US1304800,Taylor County School District,100.000,census_tiger_2023_polygon_intersection,medium,candidate_spatial,ACT,average_composite,17.4,2024-25,15,,official_district_average,official_state_export,georgia_goews_2024_25_scores_crosswalked,high,Georgia GOSA district average; All Students; highest/recent score export.
1600000US1312120,Butler city,13,9700000US1304800,Taylor County School District,100.000,census_tiger_2023_polygon_intersection,medium,candidate_spatial,SAT,average_composite,953.8,2024-25,29,,official_district_average,official_state_export,georgia_goews_2024_25_scores_crosswalked,high,Georgia GOSA district average; All Students; highest/recent score export.
1600000US1348624,McDonough city,13,9700000US1302820,Henry County School District,100.000,census_tiger_2023_polygon_intersection,medium,candidate_spatial,ACT,average_composite,17.8,2024-25,505,,official_district_average,official_state_export,georgia_goews_2024_25_scores_crosswalked,high,Georgia GOSA district average; All Students; highest/recent score export.
1600000US1348624,McDonough city,13,9700000US1302820,Henry County School District,100.000,census_tiger_2023_polygon_intersection,medium,candidate_spatial,SAT,average_composite,979.9,2024-25,1490,,official_district_average,official_state_export,georgia_goews_2024_25_scores_crosswalked,high,Georgia GOSA district average; All Students; highest/recent score export.
1600000US1373704,Stockbridge city,13,9700000US1302820,Henry County School District,100.000,census_tiger_2023_polygon_intersection,medium,candidate_spatial,ACT,average_composite,17.8,2024-25,505,,official_district_average,official_state_export,georgia_goews_2024_25_scores_crosswalked,high,Georgia GOSA district average; All Students; highest/recent score export.
1600000US1373704,Stockbridge city,13,9700000US1302820,Henry County School District,100.000,census_tiger_2023_polygon_intersection,medium,candidate_spatial,SAT,average_composite,979.9,2024-25,1490,,official_district_average,official_state_export,georgia_goews_2024_25_scores_crosswalked,high,Georgia GOSA district average; All Students; highest/recent score export.
1600000US1347140,Locust Grove city,13,9700000US1302820,Henry County School District,100.000,census_tiger_2023_polygon_intersection,medium,candidate_spatial,ACT,average_composite,17.8,2024-25,505,,official_district_average,official_state_export,georgia_goews_2024_25_scores_crosswalked,high,Georgia GOSA district average; All Students; highest/recent score export.
1600000US1347140,Locust Grove city,13,9700000US1302820,Henry County School District,100.000,census_tiger_2023_polygon_intersection,medium,candidate_spatial,SAT,average_composite,979.9,2024-25,1490,,official_district_average,official_state_export,georgia_goews_2024_25_scores_crosswalked,high,Georgia GOSA district average; All Students; highest/recent score export.
1600000US1364876,Reynolds city,13,9700000US1304800,Taylor County School District,100.000,census_tiger_2023_polygon_intersection,medium,candidate_spatial,ACT,average_composite,17.4,2024-25,15,,official_district_average,official_state_export,georgia_goews_2024_25_scores_crosswalked,high,Georgia GOSA district average; All Students; highest/recent score export.
1600000US1364876,Reynolds city,13,9700000US1304800,Taylor County School District,100.000,census_tiger_2023_polygon_intersection,medium,candidate_spatial,SAT,average_composite,953.8,2024-25,29,,official_district_average,official_state_export,georgia_goews_2024_25_scores_crosswalked,high,Georgia GOSA district average; All Students; highest/recent score export.
1600000US1344592,Lakeland city,13,9700000US1303240,Lanier County School District,100.000,census_tiger_2023_polygon_intersection,medium,candidate_spatial,SAT,average_composite,1029.6,2024-25,25,,official_district_average,official_state_export,georgia_goews_2024_25_scores_crosswalked,high,Georgia GOSA district average; All Students; highest/recent score export.
1600000US1383952,Woodland city,13,9700000US1304650,Talbot County School District,100.000,census_tiger_2023_polygon_intersection,medium,candidate_spatial,SAT,average_composite,786.3,2024-25,24,,official_district_average,official_state_export,georgia_goews_2024_25_scores_crosswalked,high,Georgia GOSA district average; All Students; highest/recent score export.
1600000US1314108,Cave Spring city,13,9700000US1302190,Floyd County School District,100.000,census_tiger_2023_polygon_intersection,medium,candidate_spatial,ACT,average_composite,20.6,2024-25,85,,official_district_average,official_state_export,georgia_goews_2024_25_scores_crosswalked,high,Georgia GOSA district average; All Students; highest/recent score export.
1600000US1314108,Cave Spring city,13,9700000US1302190,Floyd County School District,100.000,census_tiger_2023_polygon_intersection,medium,candidate_spatial,SAT,average_composite,1072.9,2024-25,125,,official_district_average,official_state_export,georgia_goews_2024_25_scores_crosswalked,high,Georgia GOSA district average; All Students; highest/recent score export.
1600000US1366668,Rome city,13,9700000US1304440,Rome City School District,100.000,census_tiger_2023_polygon_intersection,medium,candidate_spatial,ACT,average_composite,20.4,2024-25,30,,official_district_average,official_state_export,georgia_goews_2024_25_scores_crosswalked,high,Georgia GOSA district average; All Students; highest/recent score export.
1600000US1366668,Rome city,13,9700000US1304440,Rome City School District,100.000,census_tiger_2023_polygon_intersection,medium,candidate_spatial,SAT,average_composite,1037.7,2024-25,101,,official_district_average,official_state_export,georgia_goews_2024_25_scores_crosswalked,high,Georgia GOSA district average; All Students; highest/recent score export.
1600000US1301696,Alpharetta city,13,9700000US1302280,Fulton County School District,100.000,census_tiger_2023_polygon_intersection,medium,candidate_spatial,ACT,average_composite,24,2024-25,1303,,official_district_average,official_state_export,georgia_goews_2024_25_scores_crosswalked,high,Georgia GOSA district average; All Students; highest/recent score export.
1600000US1301696,Alpharetta city,13,9700000US1302280,Fulton County School District,100.000,census_tiger_2023_polygon_intersection,medium,candidate_spatial,SAT,average_composite,1034,2024-25,4167.5,,official_district_average,official_state_export,georgia_goews_2024_25_scores_crosswalked,high,Georgia GOSA district average; All Students; highest/recent score export.
1600000US1367284,Roswell city,13,9700000US1302280,Fulton County School District,99.991,census_tiger_2023_polygon_intersection,medium,candidate_spatial,ACT,average_composite,24,2024-25,1303,,official_district_average,official_state_export,georgia_goews_2024_25_scores_crosswalked,high,Georgia GOSA district average; All Students; highest/recent score export.
1600000US1367284,Roswell city,13,9700000US1302280,Fulton County School District,99.991,census_tiger_2023_polygon_intersection,medium,candidate_spatial,SAT,average_composite,1034,2024-25,4167.5,,official_district_average,official_state_export,georgia_goews_2024_25_scores_crosswalked,high,Georgia GOSA district average; All Students; highest/recent score export.
1600000US1367284,Roswell city,13,9700000US1301290,Cobb County School District,0.009,census_tiger_2023_polygon_intersection,low,candidate_spatial,ACT,average_composite,23,2024-25,1245,,official_district_average,official_state_export,georgia_goews_2024_25_scores_crosswalked,high,Georgia GOSA district average; All Students; highest/recent score export.
1600000US1367284,Roswell city,13,9700000US1301290,Cobb County School District,0.009,census_tiger_2023_polygon_intersection,low,candidate_spatial,SAT,average_composite,1092.9,2024-25,3758,,official_district_average,official_state_export,georgia_goews_2024_25_scores_crosswalked,high,Georgia GOSA district average; All Students; highest/recent score export.
1600000US1312932,Canon city,13,9700000US1302730,Hart County School District,17.307,census_tiger_2023_polygon_intersection,low,candidate_spatial,SAT,average_composite,1023.7,2024-25,89,,official_district_average,official_state_export,georgia_goews_2024_25_scores_crosswalked,high,Georgia GOSA district average; All Students; highest/recent score export.
1600000US1312932,Canon city,13,9700000US1302250,Franklin County School District,82.693,census_tiger_2023_polygon_intersection,medium,candidate_spatial,ACT,average_composite,20.7,2024-25,13,,official_district_average,official_state_export,georgia_goews_2024_25_scores_crosswalked,high,Georgia GOSA district average; All Students; highest/recent score export.
1600000US1312932,Canon city,13,9700000US1302250,Franklin County School District,82.693,census_tiger_2023_polygon_intersection,medium,candidate_spatial,SAT,average_composite,1056.3,2024-25,72,,official_district_average,official_state_export,georgia_goews_2024_25_scores_crosswalked,high,Georgia GOSA district average; All Students; highest/recent score export.
1600000US1313352,Carnesville city,13,9700000US1302250,Franklin County School District,100.000,census_tiger_2023_polygon_intersection,medium,candidate_spatial,ACT,average_composite,20.7,2024-25,13,,official_district_average,official_state_export,georgia_goews_2024_25_scores_crosswalked,high,Georgia GOSA district average; All Students; highest/recent score export.
1600000US1313352,Carnesville city,13,9700000US1302250,Franklin County School District,100.000,census_tiger_2023_polygon_intersection,medium,candidate_spatial,SAT,average_composite,1056.3,2024-25,72,,official_district_average,official_state_export,georgia_goews_2024_25_scores_crosswalked,high,Georgia GOSA district average; All Students; highest/recent score export.
1600000US1331320,Franklin Springs city,13,9700000US1302250,Franklin County School District,100.000,census_tiger_2023_polygon_intersection,medium,candidate_spatial,ACT,average_composite,20.7,2024-25,13,,official_district_average,official_state_export,georgia_goews_2024_25_scores_crosswalked,high,Georgia GOSA district average; All Students; highest/recent score export.
1600000US1331320,Franklin Springs city,13,9700000US1302250,Franklin County School District,100.000,census_tiger_2023_polygon_intersection,medium,candidate_spatial,SAT,average_composite,1056.3,2024-25,72,,official_district_average,official_state_export,georgia_goews_2024_25_scores_crosswalked,high,Georgia GOSA district average; All Students; highest/recent score export.
1600000US1316824,Cleveland city,13,9700000US1305670,White County School District,100.000,census_tiger_2023_polygon_intersection,medium,candidate_spatial,ACT,average_composite,22.1,2024-25,12,,official_district_average,official_state_export,georgia_goews_2024_25_scores_crosswalked,high,Georgia GOSA district average; All Students; highest/recent score export.
1600000US1316824,Cleveland city,13,9700000US1305670,White County School District,100.000,census_tiger_2023_polygon_intersection,medium,candidate_spatial,SAT,average_composite,1054.7,2024-25,78,,official_district_average,official_state_export,georgia_goews_2024_25_scores_crosswalked,high,Georgia GOSA district average; All Students; highest/recent score export.
1600000US1337788,Helen city,13,9700000US1305670,White County School District,100.000,census_tiger_2023_polygon_intersection,medium,candidate_spatial,ACT,average_composite,22.1,2024-25,12,,official_district_average,official_state_export,georgia_goews_2024_25_scores_crosswalked,high,Georgia GOSA district average; All Students; highest/recent score export.
1600000US1337788,Helen city,13,9700000US1305670,White County School District,100.000,census_tiger_2023_polygon_intersection,medium,candidate_spatial,SAT,average_composite,1054.7,2024-25,78,,official_district_average,official_state_export,georgia_goews_2024_25_scores_crosswalked,high,Georgia GOSA district average; All Students; highest/recent score export.
1600000US1350008,Martin town,13,9700000US1302250,Franklin County School District,3.481,census_tiger_2023_polygon_intersection,low,candidate_spatial,ACT,average_composite,20.7,2024-25,13,,official_district_average,official_state_export,georgia_goews_2024_25_scores_crosswalked,high,Georgia GOSA district average; All Students; highest/recent score export.
1600000US1350008,Martin town,13,9700000US1302250,Franklin County School District,3.481,census_tiger_2023_polygon_intersection,low,candidate_spatial,SAT,average_composite,1056.3,2024-25,72,,official_district_average,official_state_export,georgia_goews_2024_25_scores_crosswalked,high,Georgia GOSA district average; All Students; highest/recent score export.
1600000US1350008,Martin town,13,9700000US1304560,Stephens County School District,96.519,census_tiger_2023_polygon_intersection,medium,candidate_spatial,SAT,average_composite,1021.3,2024-25,60,,official_district_average,official_state_export,georgia_goews_2024_25_scores_crosswalked,high,Georgia GOSA district average; All Students; highest/recent score export.
1600000US1347980,Lumpkin city,13,9700000US1304590,Stewart County School District,100.000,census_tiger_2023_polygon_intersection,medium,candidate_spatial,SAT,average_composite,965,2024-25,14,,official_district_average,official_state_export,georgia_goews_2024_25_scores_crosswalked,high,Georgia GOSA district average; All Students; highest/recent score export.
1600000US1344704,Lake Park city,13,9700000US1303390,Lowndes County School District,100.000,census_tiger_2023_polygon_intersection,medium,candidate_spatial,ACT,average_composite,20.6,2024-25,57,,official_district_average,official_state_export,georgia_goews_2024_25_scores_crosswalked,high,Georgia GOSA district average; All Students; highest/recent score export.
1600000US1344704,Lake Park city,13,9700000US1303390,Lowndes County School District,100.000,census_tiger_2023_polygon_intersection,medium,candidate_spatial,SAT,average_composite,1058.9,2024-25,255,,official_district_average,official_state_export,georgia_goews_2024_25_scores_crosswalked,high,Georgia GOSA district average; All Students; highest/recent score export.
1600000US1370932,Siloam town,13,9700000US1302490,Greene County School District,100.000,census_tiger_2023_polygon_intersection,medium,candidate_spatial,ACT,average_composite,14.9,2024-25,11,,official_district_average,official_state_export,georgia_goews_2024_25_scores_crosswalked,high,Georgia GOSA district average; All Students; highest/recent score export.
1600000US1370932,Siloam town,13,9700000US1302490,Greene County School District,100.000,census_tiger_2023_polygon_intersection,medium,candidate_spatial,SAT,average_composite,973,2024-25,10,,official_district_average,official_state_export,georgia_goews_2024_25_scores_crosswalked,high,Georgia GOSA district average; All Students; highest/recent score export.
1600000US1378380,Union Point city,13,9700000US1302490,Greene County School District,100.000,census_tiger_2023_polygon_intersection,medium,candidate_spatial,ACT,average_composite,14.9,2024-25,11,,official_district_average,official_state_export,georgia_goews_2024_25_scores_crosswalked,high,Georgia GOSA district average; All Students; highest/recent score export.
1600000US1378380,Union Point city,13,9700000US1302490,Greene County School District,100.000,census_tiger_2023_polygon_intersection,medium,candidate_spatial,SAT,average_composite,973,2024-25,10,,official_district_average,official_state_export,georgia_goews_2024_25_scores_crosswalked,high,Georgia GOSA district average; All Students; highest/recent score export.
1600000US1363756,Rayle town,13,9700000US1305760,Wilkes County School District,100.000,census_tiger_2023_polygon_intersection,medium,candidate_spatial,SAT,average_composite,1008,2024-25,25,,official_district_average,official_state_export,georgia_goews_2024_25_scores_crosswalked,high,Georgia GOSA district average; All Students; highest/recent score export.
1600000US1376532,Tignall town,13,9700000US1305760,Wilkes County School District,100.000,census_tiger_2023_polygon_intersection,medium,candidate_spatial,SAT,average_composite,1008,2024-25,25,,official_district_average,official_state_export,georgia_goews_2024_25_scores_crosswalked,high,Georgia GOSA district average; All Students; highest/recent score export.
1600000US1307612,Bethlehem town,13,9700000US1300290,Barrow County School District,100.000,census_tiger_2023_polygon_intersection,medium,candidate_spatial,ACT,average_composite,20,2024-25,40,,official_district_average,official_state_export,georgia_goews_2024_25_scores_crosswalked,high,Georgia GOSA district average; All Students; highest/recent score export.
1600000US1307612,Bethlehem town,13,9700000US1300290,Barrow County School District,100.000,census_tiger_2023_polygon_intersection,medium,candidate_spatial,SAT,average_composite,1026.7,2024-25,251,,official_district_average,official_state_export,georgia_goews_2024_25_scores_crosswalked,high,Georgia GOSA district average; All Students; highest/recent score export.
1600000US1313184,Carl town,13,9700000US1300290,Barrow County School District,100.000,census_tiger_2023_polygon_intersection,medium,candidate_spatial,ACT,average_composite,20,2024-25,40,,official_district_average,official_state_export,georgia_goews_2024_25_scores_crosswalked,high,Georgia GOSA district average; All Students; highest/recent score export.
1600000US1313184,Carl town,13,9700000US1300290,Barrow County School District,100.000,census_tiger_2023_polygon_intersection,medium,candidate_spatial,SAT,average_composite,1026.7,2024-25,251,,official_district_average,official_state_export,georgia_goews_2024_25_scores_crosswalked,high,Georgia GOSA district average; All Students; highest/recent score export.
1600000US1367760,Rutledge city,13,9700000US1303780,Morgan County School District,100.000,census_tiger_2023_polygon_intersection,medium,candidate_spatial,ACT,average_composite,22.1,2024-25,44,,official_district_average,official_state_export,georgia_goews_2024_25_scores_crosswalked,high,Georgia GOSA district average; All Students; highest/recent score export.
1600000US1367760,Rutledge city,13,9700000US1303780,Morgan County School District,100.000,census_tiger_2023_polygon_intersection,medium,candidate_spatial,SAT,average_composite,1044.8,2024-25,83,,official_district_average,official_state_export,georgia_goews_2024_25_scores_crosswalked,high,Georgia GOSA district average; All Students; highest/recent score export.
1600000US1316796,Clermont town,13,9700000US1302610,Hall County School District,100.000,census_tiger_2023_polygon_intersection,medium,candidate_spatial,ACT,average_composite,20.8,2024-25,85,,official_district_average,official_state_export,georgia_goews_2024_25_scores_crosswalked,high,Georgia GOSA district average; All Students; highest/recent score export.
1600000US1316796,Clermont town,13,9700000US1302610,Hall County School District,100.000,census_tiger_2023_polygon_intersection,medium,candidate_spatial,SAT,average_composite,1038.5,2024-25,611,,official_district_average,official_state_export,georgia_goews_2024_25_scores_crosswalked,high,Georgia GOSA district average; All Students; highest/recent score export.
1600000US1373312,Statham city,13,9700000US1300290,Barrow County School District,100.000,census_tiger_2023_polygon_intersection,medium,candidate_spatial,ACT,average_composite,20,2024-25,40,,official_district_average,official_state_export,georgia_goews_2024_25_scores_crosswalked,high,Georgia GOSA district average; All Students; highest/recent score export.
1600000US1373312,Statham city,13,9700000US1300290,Barrow County School District,100.000,census_tiger_2023_polygon_intersection,medium,candidate_spatial,SAT,average_composite,1026.7,2024-25,251,,official_district_average,official_state_export,georgia_goews_2024_25_scores_crosswalked,high,Georgia GOSA district average; All Students; highest/recent score export.
1600000US1310132,Bremen city,13,9700000US1300510,Bremen City School District,100.000,census_tiger_2023_polygon_intersection,medium,candidate_spatial,ACT,average_composite,23.9,2024-25,37,,official_district_average,official_state_export,georgia_goews_2024_25_scores_crosswalked,high,Georgia GOSA district average; All Students; highest/recent score export.
1600000US1310132,Bremen city,13,9700000US1300510,Bremen City School District,100.000,census_tiger_2023_polygon_intersection,medium,candidate_spatial,SAT,average_composite,1097.8,2024-25,72,,official_district_average,official_state_export,georgia_goews_2024_25_scores_crosswalked,high,Georgia GOSA district average; All Students; highest/recent score export.
1600000US1309712,Bowman city,13,9700000US1302010,Elbert County School District,100.000,census_tiger_2023_polygon_intersection,medium,candidate_spatial,SAT,average_composite,1026.4,2024-25,44,,official_district_average,official_state_export,georgia_goews_2024_25_scores_crosswalked,high,Georgia GOSA district average; All Students; highest/recent score export.
1600000US1380704,Washington city,13,9700000US1305760,Wilkes County School District,100.000,census_tiger_2023_polygon_intersection,medium,candidate_spatial,SAT,average_composite,1008,2024-25,25,,official_district_average,official_state_export,georgia_goews_2024_25_scores_crosswalked,high,Georgia GOSA district average; All Students; highest/recent score export.
1600000US1303236,Ashburn city,13,9700000US1305190,Turner County School District,100.000,census_tiger_2023_polygon_intersection,medium,candidate_spatial,SAT,average_composite,916.3,2024-25,16,,official_district_average,official_state_export,georgia_goews_2024_25_scores_crosswalked,high,Georgia GOSA district average; All Students; highest/recent score export.
1600000US1363840,Rebecca town,13,9700000US1305190,Turner County School District,100.000,census_tiger_2023_polygon_intersection,medium,candidate_spatial,SAT,average_composite,916.3,2024-25,16,,official_district_average,official_state_export,georgia_goews_2024_25_scores_crosswalked,high,Georgia GOSA district average; All Students; highest/recent score export.
1600000US1375104,Sycamore city,13,9700000US1305190,Turner County School District,100.000,census_tiger_2023_polygon_intersection,medium,candidate_spatial,SAT,average_composite,916.3,2024-25,16,,official_district_average,official_state_export,georgia_goews_2024_25_scores_crosswalked,high,Georgia GOSA district average; All Students; highest/recent score export.
1600000US1384708,Yatesville town,13,9700000US1305280,Upson County School District,100.000,census_tiger_2023_polygon_intersection,medium,candidate_spatial,ACT,average_composite,21.3,2024-25,11,,official_district_average,official_state_export,georgia_goews_2024_25_scores_crosswalked,high,Georgia GOSA district average; All Students; highest/recent score export.
1600000US1384708,Yatesville town,13,9700000US1305280,Upson County School District,100.000,census_tiger_2023_polygon_intersection,medium,candidate_spatial,SAT,average_composite,1001.5,2024-25,75,,official_district_average,official_state_export,georgia_goews_2024_25_scores_crosswalked,high,Georgia GOSA district average; All Students; highest/recent score export.
1600000US1300660,Adrian city,13,9700000US1303120,Johnson County School District,64.636,census_tiger_2023_polygon_intersection,medium,candidate_spatial,SAT,average_composite,926.1,2024-25,33,,official_district_average,official_state_export,georgia_goews_2024_25_scores_crosswalked,high,Georgia GOSA district average; All Students; highest/recent score export.
1600000US1300660,Adrian city,13,9700000US1302040,Emanuel County School District,35.364,census_tiger_2023_polygon_intersection,low,candidate_spatial,SAT,average_composite,990.4,2024-25,81,,official_district_average,official_state_export,georgia_goews_2024_25_scores_crosswalked,high,Georgia GOSA district average; All Students; highest/recent score export.
1600000US1332188,Garfield city,13,9700000US1302040,Emanuel County School District,100.000,census_tiger_2023_polygon_intersection,medium,candidate_spatial,SAT,average_composite,990.4,2024-25,81,,official_district_average,official_state_export,georgia_goews_2024_25_scores_crosswalked,high,Georgia GOSA district average; All Students; highest/recent score export.
1600000US1356644,Nunez city,13,9700000US1302040,Emanuel County School District,100.000,census_tiger_2023_polygon_intersection,medium,candidate_spatial,SAT,average_composite,990.4,2024-25,81,,official_district_average,official_state_export,georgia_goews_2024_25_scores_crosswalked,high,Georgia GOSA district average; All Students; highest/recent score export.
1600000US1315026,Centralhatchee town,13,9700000US1302790,Heard County School District,100.000,census_tiger_2023_polygon_intersection,medium,candidate_spatial,ACT,average_composite,21.4,2024-25,26,,official_district_average,official_state_export,georgia_goews_2024_25_scores_crosswalked,high,Georgia GOSA district average; All Students; highest/recent score export.
1600000US1315026,Centralhatchee town,13,9700000US1302790,Heard County School District,100.000,census_tiger_2023_polygon_intersection,medium,candidate_spatial,SAT,average_composite,1025.2,2024-25,54,,official_district_average,official_state_export,georgia_goews_2024_25_scores_crosswalked,high,Georgia GOSA district average; All Students; highest/recent score export.
1600000US1336472,Hapeville city,13,9700000US1302280,Fulton County School District,100.000,census_tiger_2023_polygon_intersection,medium,candidate_spatial,ACT,average_composite,24,2024-25,1303,,official_district_average,official_state_export,georgia_goews_2024_25_scores_crosswalked,high,Georgia GOSA district average; All Students; highest/recent score export.
1600000US1336472,Hapeville city,13,9700000US1302280,Fulton County School District,100.000,census_tiger_2023_polygon_intersection,medium,candidate_spatial,SAT,average_composite,1034,2024-25,4167.5,,official_district_average,official_state_export,georgia_goews_2024_25_scores_crosswalked,high,Georgia GOSA district average; All Students; highest/recent score export.
1600000US1378324,Union City city,13,9700000US1302280,Fulton County School District,100.000,census_tiger_2023_polygon_intersection,medium,candidate_spatial,ACT,average_composite,24,2024-25,1303,,official_district_average,official_state_export,georgia_goews_2024_25_scores_crosswalked,high,Georgia GOSA district average; All Students; highest/recent score export.
1600000US1378324,Union City city,13,9700000US1302280,Fulton County School District,100.000,census_tiger_2023_polygon_intersection,medium,candidate_spatial,SAT,average_composite,1034,2024-25,4167.5,,official_district_average,official_state_export,georgia_goews_2024_25_scores_crosswalked,high,Georgia GOSA district average; All Students; highest/recent score export.
1600000US1357232,Oak Park town,13,9700000US1302040,Emanuel County School District,100.000,census_tiger_2023_polygon_intersection,medium,candidate_spatial,SAT,average_composite,990.4,2024-25,81,,official_district_average,official_state_export,georgia_goews_2024_25_scores_crosswalked,high,Georgia GOSA district average; All Students; highest/recent score export.
1600000US1373620,Stillmore city,13,9700000US1302040,Emanuel County School District,100.000,census_tiger_2023_polygon_intersection,medium,candidate_spatial,SAT,average_composite,990.4,2024-25,81,,official_district_average,official_state_export,georgia_goews_2024_25_scores_crosswalked,high,Georgia GOSA district average; All Students; highest/recent score export.
1600000US1344340,LaGrange city,13,9700000US1300001,Troup County School District,100.000,census_tiger_2023_polygon_intersection,medium,candidate_spatial,ACT,average_composite,19.7,2024-25,120,,official_district_average,official_state_export,georgia_goews_2024_25_scores_crosswalked,high,Georgia GOSA district average; All Students; highest/recent score export.
1600000US1344340,LaGrange city,13,9700000US1300001,Troup County School District,100.000,census_tiger_2023_polygon_intersection,medium,candidate_spatial,SAT,average_composite,1054.5,2024-25,97,,official_district_average,official_state_export,georgia_goews_2024_25_scores_crosswalked,high,Georgia GOSA district average; All Students; highest/recent score export.
1600000US1345488,Lawrenceville city,13,9700000US1302550,Gwinnett County School District,100.000,census_tiger_2023_polygon_intersection,medium,candidate_spatial,ACT,average_composite,22.8,2024-25,920,,official_district_average,official_state_export,georgia_goews_2024_25_scores_crosswalked,high,Georgia GOSA district average; All Students; highest/recent score export.
1600000US1345488,Lawrenceville city,13,9700000US1302550,Gwinnett County School District,100.000,census_tiger_2023_polygon_intersection,medium,candidate_spatial,SAT,average_composite,1109.9,2024-25,4964,,official_district_average,official_state_export,georgia_goews_2024_25_scores_crosswalked,high,Georgia GOSA district average; All Students; highest/recent score export.
1600000US1355776,Norcross city,13,9700000US1302550,Gwinnett County School District,100.000,census_tiger_2023_polygon_intersection,medium,candidate_spatial,ACT,average_composite,22.8,2024-25,920,,official_district_average,official_state_export,georgia_goews_2024_25_scores_crosswalked,high,Georgia GOSA district average; All Students; highest/recent score export.
1600000US1355776,Norcross city,13,9700000US1302550,Gwinnett County School District,100.000,census_tiger_2023_polygon_intersection,medium,candidate_spatial,SAT,average_composite,1109.9,2024-25,4964,,official_district_average,official_state_export,georgia_goews_2024_25_scores_crosswalked,high,Georgia GOSA district average; All Students; highest/recent score export.
1600000US1374180,Sugar Hill city,13,9700000US1300600,Buford City School District,0.214,census_tiger_2023_polygon_intersection,low,candidate_spatial,ACT,average_composite,23.7,2024-25,75,,official_district_average,official_state_export,georgia_goews_2024_25_scores_crosswalked,high,Georgia GOSA district average; All Students; highest/recent score export.
1600000US1374180,Sugar Hill city,13,9700000US1300600,Buford City School District,0.214,census_tiger_2023_polygon_intersection,low,candidate_spatial,SAT,average_composite,1113.3,2024-25,213,,official_district_average,official_state_export,georgia_goews_2024_25_scores_crosswalked,high,Georgia GOSA district average; All Students; highest/recent score export.
1600000US1374180,Sugar Hill city,13,9700000US1302550,Gwinnett County School District,99.786,census_tiger_2023_polygon_intersection,medium,candidate_spatial,ACT,average_composite,22.8,2024-25,920,,official_district_average,official_state_export,georgia_goews_2024_25_scores_crosswalked,high,Georgia GOSA district average; All Students; highest/recent score export.
1600000US1374180,Sugar Hill city,13,9700000US1302550,Gwinnett County School District,99.786,census_tiger_2023_polygon_intersection,medium,candidate_spatial,SAT,average_composite,1109.9,2024-25,4964,,official_district_average,official_state_export,georgia_goews_2024_25_scores_crosswalked,high,Georgia GOSA district average; All Students; highest/recent score export.
1600000US1377988,Twin City city,13,9700000US1302040,Emanuel County School District,100.000,census_tiger_2023_polygon_intersection,medium,candidate_spatial,SAT,average_composite,990.4,2024-25,81,,official_district_average,official_state_export,georgia_goews_2024_25_scores_crosswalked,high,Georgia GOSA district average; All Students; highest/recent score export.
1600000US1300996,Alamo town,13,9700000US1305640,Wheeler County School District,100.000,census_tiger_2023_polygon_intersection,medium,candidate_spatial,SAT,average_composite,980,2024-25,12,,official_district_average,official_state_export,georgia_goews_2024_25_scores_crosswalked,high,Georgia GOSA district average; All Students; highest/recent score export.
1600000US1333392,Glenwood city,13,9700000US1305640,Wheeler County School District,100.000,census_tiger_2023_polygon_intersection,medium,candidate_spatial,SAT,average_composite,980,2024-25,12,,official_district_average,official_state_export,georgia_goews_2024_25_scores_crosswalked,high,Georgia GOSA district average; All Students; highest/recent score export.
1600000US1311616,Buchanan city,13,9700000US1302670,Haralson County School District,100.000,census_tiger_2023_polygon_intersection,medium,candidate_spatial,SAT,average_composite,978.8,2024-25,74,,official_district_average,official_state_export,georgia_goews_2024_25_scores_crosswalked,high,Georgia GOSA district average; All Students; highest/recent score export.
1600000US1324376,Dublin city,13,9700000US1301890,Laurens County School District,2.299,census_tiger_2023_polygon_intersection,low,candidate_spatial,ACT,average_composite,20.8,2024-25,19,,official_district_average,official_state_export,georgia_goews_2024_25_scores_crosswalked,high,Georgia GOSA district average; All Students; highest/recent score export.
1600000US1324376,Dublin city,13,9700000US1301890,Laurens County School District,2.299,census_tiger_2023_polygon_intersection,low,candidate_spatial,SAT,average_composite,1037.4,2024-25,132,,official_district_average,official_state_export,georgia_goews_2024_25_scores_crosswalked,high,Georgia GOSA district average; All Students; highest/recent score export.
1600000US1324376,Dublin city,13,9700000US1301870,Dublin City School District,97.701,census_tiger_2023_polygon_intersection,medium,candidate_spatial,ACT,average_composite,16,2024-25,20,,official_district_average,official_state_export,georgia_goews_2024_25_scores_crosswalked,high,Georgia GOSA district average; All Students; highest/recent score export.
1600000US1324376,Dublin city,13,9700000US1301870,Dublin City School District,97.701,census_tiger_2023_polygon_intersection,medium,candidate_spatial,SAT,average_composite,923.2,2024-25,37,,official_district_average,official_state_export,georgia_goews_2024_25_scores_crosswalked,high,Georgia GOSA district average; All Students; highest/recent score export.
1600000US1364680,Rentz city,13,9700000US1301890,Laurens County School District,100.000,census_tiger_2023_polygon_intersection,medium,candidate_spatial,ACT,average_composite,20.8,2024-25,19,,official_district_average,official_state_export,georgia_goews_2024_25_scores_crosswalked,high,Georgia GOSA district average; All Students; highest/recent score export.
1600000US1364680,Rentz city,13,9700000US1301890,Laurens County School District,100.000,census_tiger_2023_polygon_intersection,medium,candidate_spatial,SAT,average_composite,1037.4,2024-25,132,,official_district_average,official_state_export,georgia_goews_2024_25_scores_crosswalked,high,Georgia GOSA district average; All Students; highest/recent score export.
1600000US1332748,Gibson city,13,9700000US1302370,Glascock County School District,100.000,census_tiger_2023_polygon_intersection,medium,candidate_spatial,SAT,average_composite,1006.4,2024-25,11,,official_district_average,official_state_export,georgia_goews_2024_25_scores_crosswalked,high,Georgia GOSA district average; All Students; highest/recent score export.
1600000US1351968,Mitchell town,13,9700000US1302370,Glascock County School District,100.000,census_tiger_2023_polygon_intersection,medium,candidate_spatial,SAT,average_composite,1006.4,2024-25,11,,official_district_average,official_state_export,georgia_goews_2024_25_scores_crosswalked,high,Georgia GOSA district average; All Students; highest/recent score export.
1600000US1375832,Temple city,13,9700000US1300840,Carroll County School District,99.860,census_tiger_2023_polygon_intersection,medium,candidate_spatial,ACT,average_composite,20.9,2024-25,60,,official_district_average,official_state_export,georgia_goews_2024_25_scores_crosswalked,high,Georgia GOSA district average; All Students; highest/recent score export.
1600000US1375832,Temple city,13,9700000US1300840,Carroll County School District,99.860,census_tiger_2023_polygon_intersection,medium,candidate_spatial,SAT,average_composite,1041.8,2024-25,310,,official_district_average,official_state_export,georgia_goews_2024_25_scores_crosswalked,high,Georgia GOSA district average; All Students; highest/recent score export.
1600000US1375832,Temple city,13,9700000US1302670,Haralson County School District,0.140,census_tiger_2023_polygon_intersection,low,candidate_spatial,SAT,average_composite,978.8,2024-25,74,,official_district_average,official_state_export,georgia_goews_2024_25_scores_crosswalked,high,Georgia GOSA district average; All Students; highest/recent score export.
1600000US1354992,Newington town,13,9700000US1304500,Screven County School District,100.000,census_tiger_2023_polygon_intersection,medium,candidate_spatial,SAT,average_composite,1036.2,2024-25,26,,official_district_average,official_state_export,georgia_goews_2024_25_scores_crosswalked,high,Georgia GOSA district average; All Students; highest/recent score export.
1600000US1361124,Pine Mountain town,13,9700000US1302700,Harris County School District,96.056,census_tiger_2023_polygon_intersection,medium,candidate_spatial,ACT,average_composite,21.5,2024-25,44,,official_district_average,official_state_export,georgia_goews_2024_25_scores_crosswalked,high,Georgia GOSA district average; All Students; highest/recent score export.
1600000US1361124,Pine Mountain town,13,9700000US1302700,Harris County School District,96.056,census_tiger_2023_polygon_intersection,medium,candidate_spatial,SAT,average_composite,1109.8,2024-25,107,,official_district_average,official_state_export,georgia_goews_2024_25_scores_crosswalked,high,Georgia GOSA district average; All Students; highest/recent score export.
1600000US1361124,Pine Mountain town,13,9700000US1303630,Meriwether County School District,3.944,census_tiger_2023_polygon_intersection,low,candidate_spatial,SAT,average_composite,878,2024-25,88,,official_district_average,official_state_export,georgia_goews_2024_25_scores_crosswalked,high,Georgia GOSA district average; All Students; highest/recent score export.
1600000US1332384,Gay town,13,9700000US1303630,Meriwether County School District,100.000,census_tiger_2023_polygon_intersection,medium,candidate_spatial,SAT,average_composite,878,2024-25,88,,official_district_average,official_state_export,georgia_goews_2024_25_scores_crosswalked,high,Georgia GOSA district average; All Students; highest/recent score export.
1600000US1335016,Greenville city,13,9700000US1303630,Meriwether County School District,100.000,census_tiger_2023_polygon_intersection,medium,candidate_spatial,SAT,average_composite,878,2024-25,88,,official_district_average,official_state_export,georgia_goews_2024_25_scores_crosswalked,high,Georgia GOSA district average; All Students; highest/recent score export.
1600000US1348008,Luthersville city,13,9700000US1303630,Meriwether County School District,100.000,census_tiger_2023_polygon_intersection,medium,candidate_spatial,SAT,average_composite,878,2024-25,88,,official_district_average,official_state_export,georgia_goews_2024_25_scores_crosswalked,high,Georgia GOSA district average; All Students; highest/recent score export.
1600000US1380480,Warm Springs city,13,9700000US1303630,Meriwether County School District,100.000,census_tiger_2023_polygon_intersection,medium,candidate_spatial,SAT,average_composite,878,2024-25,88,,official_district_average,official_state_export,georgia_goews_2024_25_scores_crosswalked,high,Georgia GOSA district average; All Students; highest/recent score export.
1600000US1383896,Woodbury city,13,9700000US1303630,Meriwether County School District,100.000,census_tiger_2023_polygon_intersection,medium,candidate_spatial,SAT,average_composite,878,2024-25,88,,official_district_average,official_state_export,georgia_goews_2024_25_scores_crosswalked,high,Georgia GOSA district average; All Students; highest/recent score export.
1600000US1340532,Hull city,13,9700000US1303480,Madison County School District,100.000,census_tiger_2023_polygon_intersection,medium,candidate_spatial,ACT,average_composite,21.6,2024-25,24,,official_district_average,official_state_export,georgia_goews_2024_25_scores_crosswalked,high,Georgia GOSA district average; All Students; highest/recent score export.
1600000US1340532,Hull city,13,9700000US1303480,Madison County School District,100.000,census_tiger_2023_polygon_intersection,medium,candidate_spatial,SAT,average_composite,1074.8,2024-25,80,,official_district_average,official_state_export,georgia_goews_2024_25_scores_crosswalked,high,Georgia GOSA district average; All Students; highest/recent score export.
1600000US1313212,Carlton city,13,9700000US1303480,Madison County School District,100.000,census_tiger_2023_polygon_intersection,medium,candidate_spatial,ACT,average_composite,21.6,2024-25,24,,official_district_average,official_state_export,georgia_goews_2024_25_scores_crosswalked,high,Georgia GOSA district average; All Students; highest/recent score export.
1600000US1313212,Carlton city,13,9700000US1303480,Madison County School District,100.000,census_tiger_2023_polygon_intersection,medium,candidate_spatial,SAT,average_composite,1074.8,2024-25,80,,official_district_average,official_state_export,georgia_goews_2024_25_scores_crosswalked,high,Georgia GOSA district average; All Students; highest/recent score export.
1600000US1360340,Perry city,13,9700000US1302880,Houston County School District,93.122,census_tiger_2023_polygon_intersection,medium,candidate_spatial,ACT,average_composite,21.3,2024-25,169,,official_district_average,official_state_export,georgia_goews_2024_25_scores_crosswalked,high,Georgia GOSA district average; All Students; highest/recent score export.
1600000US1360340,Perry city,13,9700000US1302880,Houston County School District,93.122,census_tiger_2023_polygon_intersection,medium,candidate_spatial,SAT,average_composite,1061.4,2024-25,758,,official_district_average,official_state_export,georgia_goews_2024_25_scores_crosswalked,high,Georgia GOSA district average; All Students; highest/recent score export.
1600000US1360340,Perry city,13,9700000US1304050,Peach County School District,6.878,census_tiger_2023_polygon_intersection,low,candidate_spatial,ACT,average_composite,17.9,2024-25,20,,official_district_average,official_state_export,georgia_goews_2024_25_scores_crosswalked,high,Georgia GOSA district average; All Students; highest/recent score export.
1600000US1360340,Perry city,13,9700000US1304050,Peach County School District,6.878,census_tiger_2023_polygon_intersection,low,candidate_spatial,SAT,average_composite,955.7,2024-25,69,,official_district_average,official_state_export,georgia_goews_2024_25_scores_crosswalked,high,Georgia GOSA district average; All Students; highest/recent score export.
1600000US1375300,Tallapoosa city,13,9700000US1302670,Haralson County School District,100.000,census_tiger_2023_polygon_intersection,medium,candidate_spatial,SAT,average_composite,978.8,2024-25,74,,official_district_average,official_state_export,georgia_goews_2024_25_scores_crosswalked,high,Georgia GOSA district average; All Students; highest/recent score export.
1600000US1365016,Richland city,13,9700000US1304590,Stewart County School District,100.000,census_tiger_2023_polygon_intersection,medium,candidate_spatial,SAT,average_composite,965,2024-25,14,,official_district_average,official_state_export,georgia_goews_2024_25_scores_crosswalked,high,Georgia GOSA district average; All Students; highest/recent score export.
1600000US1342800,Junction City town,13,9700000US1304650,Talbot County School District,100.000,census_tiger_2023_polygon_intersection,medium,candidate_spatial,SAT,average_composite,786.3,2024-25,24,,official_district_average,official_state_export,georgia_goews_2024_25_scores_crosswalked,high,Georgia GOSA district average; All Students; highest/recent score export.
1600000US1375244,Talbotton city,13,9700000US1304650,Talbot County School District,100.000,census_tiger_2023_polygon_intersection,medium,candidate_spatial,SAT,average_composite,786.3,2024-25,24,,official_district_average,official_state_export,georgia_goews_2024_25_scores_crosswalked,high,Georgia GOSA district average; All Students; highest/recent score export.
1600000US1336052,Hahira city,13,9700000US1303390,Lowndes County School District,100.000,census_tiger_2023_polygon_intersection,medium,candidate_spatial,ACT,average_composite,20.6,2024-25,57,,official_district_average,official_state_export,georgia_goews_2024_25_scores_crosswalked,high,Georgia GOSA district average; All Students; highest/recent score export.
1600000US1336052,Hahira city,13,9700000US1303390,Lowndes County School District,100.000,census_tiger_2023_polygon_intersection,medium,candidate_spatial,SAT,average_composite,1058.9,2024-25,255,,official_district_average,official_state_export,georgia_goews_2024_25_scores_crosswalked,high,Georgia GOSA district average; All Students; highest/recent score export.
1600000US1384260,Woodville city,13,9700000US1302490,Greene County School District,100.000,census_tiger_2023_polygon_intersection,medium,candidate_spatial,ACT,average_composite,14.9,2024-25,11,,official_district_average,official_state_export,georgia_goews_2024_25_scores_crosswalked,high,Georgia GOSA district average; All Students; highest/recent score export.
1600000US1384260,Woodville city,13,9700000US1302490,Greene County School District,100.000,census_tiger_2023_polygon_intersection,medium,candidate_spatial,SAT,average_composite,973,2024-25,10,,official_district_average,official_state_export,georgia_goews_2024_25_scores_crosswalked,high,Georgia GOSA district average; All Students; highest/recent score export.
1600000US1312988,Canton city,13,9700000US1301110,Cherokee County School District,100.000,census_tiger_2023_polygon_intersection,medium,candidate_spatial,ACT,average_composite,23,2024-25,448,,official_district_average,official_state_export,georgia_goews_2024_25_scores_crosswalked,high,Georgia GOSA district average; All Students; highest/recent score export.
1600000US1312988,Canton city,13,9700000US1301110,Cherokee County School District,100.000,census_tiger_2023_polygon_intersection,medium,candidate_spatial,SAT,average_composite,1079.6,2024-25,1428.5,,official_district_average,official_state_export,georgia_goews_2024_25_scores_crosswalked,high,Georgia GOSA district average; All Students; highest/recent score export.
1600000US1353172,Mountain Park city,13,9700000US1302280,Fulton County School District,92.725,census_tiger_2023_polygon_intersection,medium,candidate_spatial,ACT,average_composite,24,2024-25,1303,,official_district_average,official_state_export,georgia_goews_2024_25_scores_crosswalked,high,Georgia GOSA district average; All Students; highest/recent score export.
1600000US1353172,Mountain Park city,13,9700000US1302280,Fulton County School District,92.725,census_tiger_2023_polygon_intersection,medium,candidate_spatial,SAT,average_composite,1034,2024-25,4167.5,,official_district_average,official_state_export,georgia_goews_2024_25_scores_crosswalked,high,Georgia GOSA district average; All Students; highest/recent score export.
1600000US1353172,Mountain Park city,13,9700000US1301110,Cherokee County School District,7.275,census_tiger_2023_polygon_intersection,low,candidate_spatial,ACT,average_composite,23,2024-25,448,,official_district_average,official_state_export,georgia_goews_2024_25_scores_crosswalked,high,Georgia GOSA district average; All Students; highest/recent score export.
1600000US1353172,Mountain Park city,13,9700000US1301110,Cherokee County School District,7.275,census_tiger_2023_polygon_intersection,low,candidate_spatial,SAT,average_composite,1079.6,2024-25,1428.5,,official_district_average,official_state_export,georgia_goews_2024_25_scores_crosswalked,high,Georgia GOSA district average; All Students; highest/recent score export.
1600000US1364596,Remerton city,13,9700000US1303390,Lowndes County School District,100.000,census_tiger_2023_polygon_intersection,medium,candidate_spatial,ACT,average_composite,20.6,2024-25,57,,official_district_average,official_state_export,georgia_goews_2024_25_scores_crosswalked,high,Georgia GOSA district average; All Students; highest/recent score export.
1600000US1364596,Remerton city,13,9700000US1303390,Lowndes County School District,100.000,census_tiger_2023_polygon_intersection,medium,candidate_spatial,SAT,average_composite,1058.9,2024-25,255,,official_district_average,official_state_export,georgia_goews_2024_25_scores_crosswalked,high,Georgia GOSA district average; All Students; highest/recent score export.
1600000US1378800,Valdosta city,13,9700000US1305310,Valdosta City School District,100.000,census_tiger_2023_polygon_intersection,medium,candidate_spatial,ACT,average_composite,19.2,2024-25,18,,official_district_average,official_state_export,georgia_goews_2024_25_scores_crosswalked,high,Georgia GOSA district average; All Students; highest/recent score export.
1600000US1378800,Valdosta city,13,9700000US1305310,Valdosta City School District,100.000,census_tiger_2023_polygon_intersection,medium,candidate_spatial,SAT,average_composite,970,2024-25,175,,official_district_average,official_state_export,georgia_goews_2024_25_scores_crosswalked,high,Georgia GOSA district average; All Students; highest/recent score export.
1600000US1349756,Marietta city,13,9700000US1303510,Marietta City School District,100.000,census_tiger_2023_polygon_intersection,medium,candidate_spatial,ACT,average_composite,21.8,2024-25,62,,official_district_average,official_state_export,georgia_goews_2024_25_scores_crosswalked,high,Georgia GOSA district average; All Students; highest/recent score export.
1600000US1349756,Marietta city,13,9700000US1303510,Marietta City School District,100.000,census_tiger_2023_polygon_intersection,medium,candidate_spatial,SAT,average_composite,1078.4,2024-25,181,,official_district_average,official_state_export,georgia_goews_2024_25_scores_crosswalked,high,Georgia GOSA district average; All Students; highest/recent score export.
1600000US1362524,Powder Springs city,13,9700000US1301290,Cobb County School District,100.000,census_tiger_2023_polygon_intersection,medium,candidate_spatial,ACT,average_composite,23,2024-25,1245,,official_district_average,official_state_export,georgia_goews_2024_25_scores_crosswalked,high,Georgia GOSA district average; All Students; highest/recent score export.
1600000US1362524,Powder Springs city,13,9700000US1301290,Cobb County School District,100.000,census_tiger_2023_polygon_intersection,medium,candidate_spatial,SAT,average_composite,1092.9,2024-25,3758,,official_district_average,official_state_export,georgia_goews_2024_25_scores_crosswalked,high,Georgia GOSA district average; All Students; highest/recent score export.
1600000US1371492,Smyrna city,13,9700000US1301290,Cobb County School District,100.000,census_tiger_2023_polygon_intersection,medium,candidate_spatial,ACT,average_composite,23,2024-25,1245,,official_district_average,official_state_export,georgia_goews_2024_25_scores_crosswalked,high,Georgia GOSA district average; All Students; highest/recent score export.
1600000US1371492,Smyrna city,13,9700000US1301290,Cobb County School District,100.000,census_tiger_2023_polygon_intersection,medium,candidate_spatial,SAT,average_composite,1092.9,2024-25,3758,,official_district_average,official_state_export,georgia_goews_2024_25_scores_crosswalked,high,Georgia GOSA district average; All Students; highest/recent score export.
1600000US1370428,Shiloh city,13,9700000US1302700,Harris County School District,100.000,census_tiger_2023_polygon_intersection,medium,candidate_spatial,ACT,average_composite,21.5,2024-25,44,,official_district_average,official_state_export,georgia_goews_2024_25_scores_crosswalked,high,Georgia GOSA district average; All Students; highest/recent score export.
1600000US1370428,Shiloh city,13,9700000US1302700,Harris County School District,100.000,census_tiger_2023_polygon_intersection,medium,candidate_spatial,SAT,average_composite,1109.8,2024-25,107,,official_district_average,official_state_export,georgia_goews_2024_25_scores_crosswalked,high,Georgia GOSA district average; All Students; highest/recent score export.
1600000US1382132,West Point city,13,9700000US1302700,Harris County School District,18.886,census_tiger_2023_polygon_intersection,low,candidate_spatial,ACT,average_composite,21.5,2024-25,44,,official_district_average,official_state_export,georgia_goews_2024_25_scores_crosswalked,high,Georgia GOSA district average; All Students; highest/recent score export.
1600000US1382132,West Point city,13,9700000US1302700,Harris County School District,18.886,census_tiger_2023_polygon_intersection,low,candidate_spatial,SAT,average_composite,1109.8,2024-25,107,,official_district_average,official_state_export,georgia_goews_2024_25_scores_crosswalked,high,Georgia GOSA district average; All Students; highest/recent score export.
1600000US1382132,West Point city,13,9700000US1300001,Troup County School District,81.114,census_tiger_2023_polygon_intersection,medium,candidate_spatial,ACT,average_composite,19.7,2024-25,120,,official_district_average,official_state_export,georgia_goews_2024_25_scores_crosswalked,high,Georgia GOSA district average; All Students; highest/recent score export.
1600000US1382132,West Point city,13,9700000US1300001,Troup County School District,81.114,census_tiger_2023_polygon_intersection,medium,candidate_spatial,SAT,average_composite,1054.5,2024-25,97,,official_district_average,official_state_export,georgia_goews_2024_25_scores_crosswalked,high,Georgia GOSA district average; All Students; highest/recent score export.
1600000US1382692,White Plains city,13,9700000US1302490,Greene County School District,100.000,census_tiger_2023_polygon_intersection,medium,candidate_spatial,ACT,average_composite,14.9,2024-25,11,,official_district_average,official_state_export,georgia_goews_2024_25_scores_crosswalked,high,Georgia GOSA district average; All Students; highest/recent score export.
1600000US1382692,White Plains city,13,9700000US1302490,Greene County School District,100.000,census_tiger_2023_polygon_intersection,medium,candidate_spatial,SAT,average_composite,973,2024-25,10,,official_district_average,official_state_export,georgia_goews_2024_25_scores_crosswalked,high,Georgia GOSA district average; All Students; highest/recent score export.
1600000US1364372,Register town,13,9700000US1300630,Bulloch County School District,100.000,census_tiger_2023_polygon_intersection,medium,candidate_spatial,ACT,average_composite,19.2,2024-25,33,,official_district_average,official_state_export,georgia_goews_2024_25_scores_crosswalked,high,Georgia GOSA district average; All Students; highest/recent score export.
1600000US1364372,Register town,13,9700000US1300630,Bulloch County School District,100.000,census_tiger_2023_polygon_intersection,medium,candidate_spatial,SAT,average_composite,1066.6,2024-25,169,,official_district_average,official_state_export,georgia_goews_2024_25_scores_crosswalked,high,Georgia GOSA district average; All Students; highest/recent score export.
1600000US1304000,Atlanta city,13,9700000US1300120,Atlanta City School District,99.991,census_tiger_2023_polygon_intersection,medium,candidate_spatial,ACT,average_composite,20.4,2024-25,480,,official_district_average,official_state_export,georgia_goews_2024_25_scores_crosswalked,high,Georgia GOSA district average; All Students; highest/recent score export.
1600000US1304000,Atlanta city,13,9700000US1300120,Atlanta City School District,99.991,census_tiger_2023_polygon_intersection,medium,candidate_spatial,SAT,average_composite,1033.3,2024-25,858,,official_district_average,official_state_export,georgia_goews_2024_25_scores_crosswalked,high,Georgia GOSA district average; All Students; highest/recent score export.
1600000US1304000,Atlanta city,13,9700000US1301740,DeKalb County School District,0.009,census_tiger_2023_polygon_intersection,low,candidate_spatial,ACT,average_composite,21.6,2024-25,602,,official_district_average,official_state_export,georgia_goews_2024_25_scores_crosswalked,high,Georgia GOSA district average; All Students; highest/recent score export.
1600000US1304000,Atlanta city,13,9700000US1301740,DeKalb County School District,0.009,census_tiger_2023_polygon_intersection,low,candidate_spatial,SAT,average_composite,922.6,2024-25,4213.5,,official_district_average,official_state_export,georgia_goews_2024_25_scores_crosswalked,high,Georgia GOSA district average; All Students; highest/recent score export.
1600000US1322052,Decatur city,13,9700000US1301680,Decatur City School District,100.000,census_tiger_2023_polygon_intersection,medium,candidate_spatial,ACT,average_composite,25,2024-25,87,,official_district_average,official_state_export,georgia_goews_2024_25_scores_crosswalked,high,Georgia GOSA district average; All Students; highest/recent score export.
1600000US1322052,Decatur city,13,9700000US1301680,Decatur City School District,100.000,census_tiger_2023_polygon_intersection,medium,candidate_spatial,SAT,average_composite,1155.2,2024-25,242,,official_district_average,official_state_export,georgia_goews_2024_25_scores_crosswalked,high,Georgia GOSA district average; All Students; highest/recent score export.
1600000US1317272,Cobbtown city,13,9700000US1304770,Tattnall County School District,100.000,census_tiger_2023_polygon_intersection,medium,candidate_spatial,SAT,average_composite,1059.7,2024-25,38,,official_district_average,official_state_export,georgia_goews_2024_25_scores_crosswalked,high,Georgia GOSA district average; All Students; highest/recent score export.
1600000US1317832,Collins city,13,9700000US1304770,Tattnall County School District,100.000,census_tiger_2023_polygon_intersection,medium,candidate_spatial,SAT,average_composite,1059.7,2024-25,38,,official_district_average,official_state_export,georgia_goews_2024_25_scores_crosswalked,high,Georgia GOSA district average; All Students; highest/recent score export.
1600000US1333336,Glennville city,13,9700000US1304770,Tattnall County School District,100.000,census_tiger_2023_polygon_intersection,medium,candidate_spatial,SAT,average_composite,1059.7,2024-25,38,,official_district_average,official_state_export,georgia_goews_2024_25_scores_crosswalked,high,Georgia GOSA district average; All Students; highest/recent score export.
1600000US1349504,Manassas city,13,9700000US1304770,Tattnall County School District,100.000,census_tiger_2023_polygon_intersection,medium,candidate_spatial,SAT,average_composite,1059.7,2024-25,38,,official_district_average,official_state_export,georgia_goews_2024_25_scores_crosswalked,high,Georgia GOSA district average; All Students; highest/recent score export.
1600000US1369784,Shady Dale town,13,9700000US1302970,Jasper County School District,100.000,census_tiger_2023_polygon_intersection,medium,candidate_spatial,SAT,average_composite,981,2024-25,39,,official_district_average,official_state_export,georgia_goews_2024_25_scores_crosswalked,high,Georgia GOSA district average; All Students; highest/recent score export.
1600000US1319336,Conyers city,13,9700000US1304410,Rockdale County School District,100.000,census_tiger_2023_polygon_intersection,medium,candidate_spatial,ACT,average_composite,18.2,2024-25,145,,official_district_average,official_state_export,georgia_goews_2024_25_scores_crosswalked,high,Georgia GOSA district average; All Students; highest/recent score export.
1600000US1319336,Conyers city,13,9700000US1304410,Rockdale County School District,100.000,census_tiger_2023_polygon_intersection,medium,candidate_spatial,SAT,average_composite,994.7,2024-25,492,,official_district_average,official_state_export,georgia_goews_2024_25_scores_crosswalked,high,Georgia GOSA district average; All Students; highest/recent score export.
1600000US1321184,Dacula city,13,9700000US1302550,Gwinnett County School District,100.000,census_tiger_2023_polygon_intersection,medium,candidate_spatial,ACT,average_composite,22.8,2024-25,920,,official_district_average,official_state_export,georgia_goews_2024_25_scores_crosswalked,high,Georgia GOSA district average; All Students; highest/recent score export.
1600000US1321184,Dacula city,13,9700000US1302550,Gwinnett County School District,100.000,census_tiger_2023_polygon_intersection,medium,candidate_spatial,SAT,average_composite,1109.9,2024-25,4964,,official_district_average,official_state_export,georgia_goews_2024_25_scores_crosswalked,high,Georgia GOSA district average; All Students; highest/recent score export.
1600000US1346356,Lilburn city,13,9700000US1302550,Gwinnett County School District,100.000,census_tiger_2023_polygon_intersection,medium,candidate_spatial,ACT,average_composite,22.8,2024-25,920,,official_district_average,official_state_export,georgia_goews_2024_25_scores_crosswalked,high,Georgia GOSA district average; All Students; highest/recent score export.
1600000US1346356,Lilburn city,13,9700000US1302550,Gwinnett County School District,100.000,census_tiger_2023_polygon_intersection,medium,candidate_spatial,SAT,average_composite,1109.9,2024-25,4964,,official_district_average,official_state_export,georgia_goews_2024_25_scores_crosswalked,high,Georgia GOSA district average; All Students; highest/recent score export.
1600000US1364512,Reidsville city,13,9700000US1304770,Tattnall County School District,100.000,census_tiger_2023_polygon_intersection,medium,candidate_spatial,SAT,average_composite,1059.7,2024-25,38,,official_district_average,official_state_export,georgia_goews_2024_25_scores_crosswalked,high,Georgia GOSA district average; All Students; highest/recent score export.
1600000US1347784,Ludowici city,13,9700000US1303360,Long County School District,100.000,census_tiger_2023_polygon_intersection,medium,candidate_spatial,ACT,average_composite,19.6,2024-25,10,,official_district_average,official_state_export,georgia_goews_2024_25_scores_crosswalked,high,Georgia GOSA district average; All Students; highest/recent score export.
1600000US1347784,Ludowici city,13,9700000US1303360,Long County School District,100.000,census_tiger_2023_polygon_intersection,medium,candidate_spatial,SAT,average_composite,991.2,2024-25,92,,official_district_average,official_state_export,georgia_goews_2024_25_scores_crosswalked,high,Georgia GOSA district average; All Students; highest/recent score export.
1600000US1321240,Dahlonega city,13,9700000US1303420,Lumpkin County School District,100.000,census_tiger_2023_polygon_intersection,medium,candidate_spatial,ACT,average_composite,22.5,2024-25,22,,official_district_average,official_state_export,georgia_goews_2024_25_scores_crosswalked,high,Georgia GOSA district average; All Students; highest/recent score export.
1600000US1321240,Dahlonega city,13,9700000US1303420,Lumpkin County School District,100.000,census_tiger_2023_polygon_intersection,medium,candidate_spatial,SAT,average_composite,1082.9,2024-25,92,,official_district_average,official_state_export,georgia_goews_2024_25_scores_crosswalked,high,Georgia GOSA district average; All Students; highest/recent score export.
1600000US1300184,Abbeville city,13,9700000US1305730,Wilcox County School District,100.000,census_tiger_2023_polygon_intersection,medium,candidate_spatial,SAT,average_composite,973.2,2024-25,22,,official_district_average,official_state_export,georgia_goews_2024_25_scores_crosswalked,high,Georgia GOSA district average; All Students; highest/recent score export.
1600000US1366024,Rochelle city,13,9700000US1305730,Wilcox County School District,100.000,census_tiger_2023_polygon_intersection,medium,candidate_spatial,SAT,average_composite,973.2,2024-25,22,,official_district_average,official_state_export,georgia_goews_2024_25_scores_crosswalked,high,Georgia GOSA district average; All Students; highest/recent score export.
1600000US1361544,Pitts city,13,9700000US1305730,Wilcox County School District,100.000,census_tiger_2023_polygon_intersection,medium,candidate_spatial,SAT,average_composite,973.2,2024-25,22,,official_district_average,official_state_export,georgia_goews_2024_25_scores_crosswalked,high,Georgia GOSA district average; All Students; highest/recent score export.
1600000US1379948,Waleska city,13,9700000US1301110,Cherokee County School District,100.000,census_tiger_2023_polygon_intersection,medium,candidate_spatial,ACT,average_composite,23,2024-25,448,,official_district_average,official_state_export,georgia_goews_2024_25_scores_crosswalked,high,Georgia GOSA district average; All Students; highest/recent score export.
1600000US1379948,Waleska city,13,9700000US1301110,Cherokee County School District,100.000,census_tiger_2023_polygon_intersection,medium,candidate_spatial,SAT,average_composite,1079.6,2024-25,1428.5,,official_district_average,official_state_export,georgia_goews_2024_25_scores_crosswalked,high,Georgia GOSA district average; All Students; highest/recent score export.
1600000US1301472,Allenhurst city,13,9700000US1303300,Liberty County School District,100.000,census_tiger_2023_polygon_intersection,medium,candidate_spatial,ACT,average_composite,18.3,2024-25,89,,official_district_average,official_state_export,georgia_goews_2024_25_scores_crosswalked,high,Georgia GOSA district average; All Students; highest/recent score export.
1600000US1301472,Allenhurst city,13,9700000US1303300,Liberty County School District,100.000,census_tiger_2023_polygon_intersection,medium,candidate_spatial,SAT,average_composite,978.5,2024-25,156,,official_district_average,official_state_export,georgia_goews_2024_25_scores_crosswalked,high,Georgia GOSA district average; All Students; highest/recent score export.
1600000US1330088,Flemington city,13,9700000US1303300,Liberty County School District,100.000,census_tiger_2023_polygon_intersection,medium,candidate_spatial,ACT,average_composite,18.3,2024-25,89,,official_district_average,official_state_export,georgia_goews_2024_25_scores_crosswalked,high,Georgia GOSA district average; All Students; highest/recent score export.
1600000US1330088,Flemington city,13,9700000US1303300,Liberty County School District,100.000,census_tiger_2023_polygon_intersection,medium,candidate_spatial,SAT,average_composite,978.5,2024-25,156,,official_district_average,official_state_export,georgia_goews_2024_25_scores_crosswalked,high,Georgia GOSA district average; All Students; highest/recent score export.
1600000US1351352,Midway city,13,9700000US1303300,Liberty County School District,100.000,census_tiger_2023_polygon_intersection,medium,candidate_spatial,ACT,average_composite,18.3,2024-25,89,,official_district_average,official_state_export,georgia_goews_2024_25_scores_crosswalked,high,Georgia GOSA district average; All Students; highest/recent score export.
1600000US1351352,Midway city,13,9700000US1303300,Liberty County School District,100.000,census_tiger_2023_polygon_intersection,medium,candidate_spatial,SAT,average_composite,978.5,2024-25,156,,official_district_average,official_state_export,georgia_goews_2024_25_scores_crosswalked,high,Georgia GOSA district average; All Students; highest/recent score export.
1600000US1311000,Brooklet city,13,9700000US1300630,Bulloch County School District,100.000,census_tiger_2023_polygon_intersection,medium,candidate_spatial,ACT,average_composite,19.2,2024-25,33,,official_district_average,official_state_export,georgia_goews_2024_25_scores_crosswalked,high,Georgia GOSA district average; All Students; highest/recent score export.
1600000US1311000,Brooklet city,13,9700000US1300630,Bulloch County School District,100.000,census_tiger_2023_polygon_intersection,medium,candidate_spatial,SAT,average_composite,1066.6,2024-25,169,,official_district_average,official_state_export,georgia_goews_2024_25_scores_crosswalked,high,Georgia GOSA district average; All Students; highest/recent score export.
1600000US1362216,Portal town,13,9700000US1300630,Bulloch County School District,100.000,census_tiger_2023_polygon_intersection,medium,candidate_spatial,ACT,average_composite,19.2,2024-25,33,,official_district_average,official_state_export,georgia_goews_2024_25_scores_crosswalked,high,Georgia GOSA district average; All Students; highest/recent score export.
1600000US1362216,Portal town,13,9700000US1300630,Bulloch County School District,100.000,census_tiger_2023_polygon_intersection,medium,candidate_spatial,SAT,average_composite,1066.6,2024-25,169,,official_district_average,official_state_export,georgia_goews_2024_25_scores_crosswalked,high,Georgia GOSA district average; All Students; highest/recent score export.
1600000US1362496,Poulan city,13,9700000US1305850,Worth County School District,100.000,census_tiger_2023_polygon_intersection,medium,candidate_spatial,ACT,average_composite,19,2024-25,25,,official_district_average,official_state_export,georgia_goews_2024_25_scores_crosswalked,high,Georgia GOSA district average; All Students; highest/recent score export.
1600000US1362496,Poulan city,13,9700000US1305850,Worth County School District,100.000,census_tiger_2023_polygon_intersection,medium,candidate_spatial,SAT,average_composite,968.1,2024-25,68,,official_district_average,official_state_export,georgia_goews_2024_25_scores_crosswalked,high,Georgia GOSA district average; All Students; highest/recent score export.
1600000US1375188,Sylvester city,13,9700000US1305850,Worth County School District,100.000,census_tiger_2023_polygon_intersection,medium,candidate_spatial,ACT,average_composite,19,2024-25,25,,official_district_average,official_state_export,georgia_goews_2024_25_scores_crosswalked,high,Georgia GOSA district average; All Students; highest/recent score export.
1600000US1375188,Sylvester city,13,9700000US1305850,Worth County School District,100.000,census_tiger_2023_polygon_intersection,medium,candidate_spatial,SAT,average_composite,968.1,2024-25,68,,official_district_average,official_state_export,georgia_goews_2024_25_scores_crosswalked,high,Georgia GOSA district average; All Students; highest/recent score export.
1600000US1380676,Warwick city,13,9700000US1305850,Worth County School District,100.000,census_tiger_2023_polygon_intersection,medium,candidate_spatial,ACT,average_composite,19,2024-25,25,,official_district_average,official_state_export,georgia_goews_2024_25_scores_crosswalked,high,Georgia GOSA district average; All Students; highest/recent score export.
1600000US1380676,Warwick city,13,9700000US1305850,Worth County School District,100.000,census_tiger_2023_polygon_intersection,medium,candidate_spatial,SAT,average_composite,968.1,2024-25,68,,official_district_average,official_state_export,georgia_goews_2024_25_scores_crosswalked,high,Georgia GOSA district average; All Students; highest/recent score export.
1600000US1348848,McIntyre town,13,9700000US1305790,Wilkinson County School District,100.000,census_tiger_2023_polygon_intersection,medium,candidate_spatial,SAT,average_composite,873.2,2024-25,22,,official_district_average,official_state_export,georgia_goews_2024_25_scores_crosswalked,high,Georgia GOSA district average; All Students; highest/recent score export.
1600000US1364960,Riceboro city,13,9700000US1303300,Liberty County School District,100.000,census_tiger_2023_polygon_intersection,medium,candidate_spatial,ACT,average_composite,18.3,2024-25,89,,official_district_average,official_state_export,georgia_goews_2024_25_scores_crosswalked,high,Georgia GOSA district average; All Students; highest/recent score export.
1600000US1364960,Riceboro city,13,9700000US1303300,Liberty County School District,100.000,census_tiger_2023_polygon_intersection,medium,candidate_spatial,SAT,average_composite,978.5,2024-25,156,,official_district_average,official_state_export,georgia_goews_2024_25_scores_crosswalked,high,Georgia GOSA district average; All Students; highest/recent score export.
1600000US1380256,Walthourville city,13,9700000US1303300,Liberty County School District,100.000,census_tiger_2023_polygon_intersection,medium,candidate_spatial,ACT,average_composite,18.3,2024-25,89,,official_district_average,official_state_export,georgia_goews_2024_25_scores_crosswalked,high,Georgia GOSA district average; All Students; highest/recent score export.
1600000US1380256,Walthourville city,13,9700000US1303300,Liberty County School District,100.000,census_tiger_2023_polygon_intersection,medium,candidate_spatial,SAT,average_composite,978.5,2024-25,156,,official_district_average,official_state_export,georgia_goews_2024_25_scores_crosswalked,high,Georgia GOSA district average; All Students; highest/recent score export.
1600000US1341708,Jacksonville city,13,9700000US1304830,Telfair County School District,100.000,census_tiger_2023_polygon_intersection,medium,candidate_spatial,SAT,average_composite,1005,2024-25,22,,official_district_average,official_state_export,georgia_goews_2024_25_scores_crosswalked,high,Georgia GOSA district average; All Students; highest/recent score export.
1600000US1347952,Lumber City city,13,9700000US1304830,Telfair County School District,100.000,census_tiger_2023_polygon_intersection,medium,candidate_spatial,SAT,average_composite,1005,2024-25,22,,official_district_average,official_state_export,georgia_goews_2024_25_scores_crosswalked,high,Georgia GOSA district average; All Students; highest/recent score export.
1600000US1351408,Milan city,13,9700000US1304830,Telfair County School District,55.023,census_tiger_2023_polygon_intersection,medium,candidate_spatial,SAT,average_composite,1005,2024-25,22,,official_district_average,official_state_export,georgia_goews_2024_25_scores_crosswalked,high,Georgia GOSA district average; All Students; highest/recent score export.
1600000US1351408,Milan city,13,9700000US1301770,Dodge County School District,44.977,census_tiger_2023_polygon_intersection,low,candidate_spatial,SAT,average_composite,1066.1,2024-25,31,,official_district_average,official_state_export,georgia_goews_2024_25_scores_crosswalked,high,Georgia GOSA district average; All Students; highest/recent score export.
1600000US1368600,Santa Claus city,13,9700000US1305040,Toombs County School District,100.000,census_tiger_2023_polygon_intersection,medium,candidate_spatial,SAT,average_composite,999.5,2024-25,38,,official_district_average,official_state_export,georgia_goews_2024_25_scores_crosswalked,high,Georgia GOSA district average; All Students; highest/recent score export.
1600000US1328492,Fairmount city,13,9700000US1302430,Gordon County School District,100.000,census_tiger_2023_polygon_intersection,medium,candidate_spatial,ACT,average_composite,19.8,2024-25,13,,official_district_average,official_state_export,georgia_goews_2024_25_scores_crosswalked,high,Georgia GOSA district average; All Students; highest/recent score export.
1600000US1328492,Fairmount city,13,9700000US1302430,Gordon County School District,100.000,census_tiger_2023_polygon_intersection,medium,candidate_spatial,SAT,average_composite,1017.4,2024-25,89,,official_district_average,official_state_export,georgia_goews_2024_25_scores_crosswalked,high,Georgia GOSA district average; All Students; highest/recent score export.
1600000US1301500,Allentown city,13,9700000US1300440,Bleckley County School District,29.317,census_tiger_2023_polygon_intersection,low,candidate_spatial,SAT,average_composite,1100.8,2024-25,49,,official_district_average,official_state_export,georgia_goews_2024_25_scores_crosswalked,high,Georgia GOSA district average; All Students; highest/recent score export.
1600000US1301500,Allentown city,13,9700000US1301890,Laurens County School District,12.925,census_tiger_2023_polygon_intersection,low,candidate_spatial,ACT,average_composite,20.8,2024-25,19,,official_district_average,official_state_export,georgia_goews_2024_25_scores_crosswalked,high,Georgia GOSA district average; All Students; highest/recent score export.
1600000US1301500,Allentown city,13,9700000US1301890,Laurens County School District,12.925,census_tiger_2023_polygon_intersection,low,candidate_spatial,SAT,average_composite,1037.4,2024-25,132,,official_district_average,official_state_export,georgia_goews_2024_25_scores_crosswalked,high,Georgia GOSA district average; All Students; highest/recent score export.
1600000US1301500,Allentown city,13,9700000US1305790,Wilkinson County School District,36.273,census_tiger_2023_polygon_intersection,low,candidate_spatial,SAT,average_composite,873.2,2024-25,22,,official_district_average,official_state_export,georgia_goews_2024_25_scores_crosswalked,high,Georgia GOSA district average; All Students; highest/recent score export.
1600000US1301500,Allentown city,13,9700000US1305220,Twiggs County School District,21.484,census_tiger_2023_polygon_intersection,low,candidate_spatial,SAT,average_composite,863.8,2024-25,13,,official_district_average,official_state_export,georgia_goews_2024_25_scores_crosswalked,high,Georgia GOSA district average; All Students; highest/recent score export.
1600000US1321688,Danville town,13,9700000US1305790,Wilkinson County School District,18.068,census_tiger_2023_polygon_intersection,low,candidate_spatial,SAT,average_composite,873.2,2024-25,22,,official_district_average,official_state_export,georgia_goews_2024_25_scores_crosswalked,high,Georgia GOSA district average; All Students; highest/recent score export.
1600000US1321688,Danville town,13,9700000US1305220,Twiggs County School District,81.932,census_tiger_2023_polygon_intersection,medium,candidate_spatial,SAT,average_composite,863.8,2024-25,13,,official_district_average,official_state_export,georgia_goews_2024_25_scores_crosswalked,high,Georgia GOSA district average; All Students; highest/recent score export.
1600000US1333980,Gordon city,13,9700000US1305790,Wilkinson County School District,100.000,census_tiger_2023_polygon_intersection,medium,candidate_spatial,SAT,average_composite,873.2,2024-25,22,,official_district_average,official_state_export,georgia_goews_2024_25_scores_crosswalked,high,Georgia GOSA district average; All Students; highest/recent score export.
1600000US1341400,Irwinton city,13,9700000US1305790,Wilkinson County School District,100.000,census_tiger_2023_polygon_intersection,medium,candidate_spatial,SAT,average_composite,873.2,2024-25,22,,official_district_average,official_state_export,georgia_goews_2024_25_scores_crosswalked,high,Georgia GOSA district average; All Students; highest/recent score export.
1600000US1341540,Ivey city,13,9700000US1305790,Wilkinson County School District,100.000,census_tiger_2023_polygon_intersection,medium,candidate_spatial,SAT,average_composite,873.2,2024-25,22,,official_district_average,official_state_export,georgia_goews_2024_25_scores_crosswalked,high,Georgia GOSA district average; All Students; highest/recent score export.
1600000US1376952,Toomsboro city,13,9700000US1305790,Wilkinson County School District,100.000,census_tiger_2023_polygon_intersection,medium,candidate_spatial,SAT,average_composite,873.2,2024-25,22,,official_district_average,official_state_export,georgia_goews_2024_25_scores_crosswalked,high,Georgia GOSA district average; All Students; highest/recent score export.
1600000US1328380,Fairburn city,13,9700000US1302280,Fulton County School District,100.000,census_tiger_2023_polygon_intersection,medium,candidate_spatial,ACT,average_composite,24,2024-25,1303,,official_district_average,official_state_export,georgia_goews_2024_25_scores_crosswalked,high,Georgia GOSA district average; All Students; highest/recent score export.
1600000US1328380,Fairburn city,13,9700000US1302280,Fulton County School District,100.000,census_tiger_2023_polygon_intersection,medium,candidate_spatial,SAT,average_composite,1034,2024-25,4167.5,,official_district_average,official_state_export,georgia_goews_2024_25_scores_crosswalked,high,Georgia GOSA district average; All Students; highest/recent score export.
1600000US1321800,Davisboro city,13,9700000US1305490,Washington County School District,100.000,census_tiger_2023_polygon_intersection,medium,candidate_spatial,ACT,average_composite,15.9,2024-25,12,,official_district_average,official_state_export,georgia_goews_2024_25_scores_crosswalked,high,Georgia GOSA district average; All Students; highest/recent score export.
1600000US1321800,Davisboro city,13,9700000US1305490,Washington County School District,100.000,census_tiger_2023_polygon_intersection,medium,candidate_spatial,SAT,average_composite,951.2,2024-25,41,,official_district_average,official_state_export,georgia_goews_2024_25_scores_crosswalked,high,Georgia GOSA district average; All Students; highest/recent score export.
1600000US1322108,Deepstep town,13,9700000US1305490,Washington County School District,100.000,census_tiger_2023_polygon_intersection,medium,candidate_spatial,ACT,average_composite,15.9,2024-25,12,,official_district_average,official_state_export,georgia_goews_2024_25_scores_crosswalked,high,Georgia GOSA district average; All Students; highest/recent score export.
1600000US1322108,Deepstep town,13,9700000US1305490,Washington County School District,100.000,census_tiger_2023_polygon_intersection,medium,candidate_spatial,SAT,average_composite,951.2,2024-25,41,,official_district_average,official_state_export,georgia_goews_2024_25_scores_crosswalked,high,Georgia GOSA district average; All Students; highest/recent score export.
1600000US1336920,Harrison town,13,9700000US1305490,Washington County School District,100.000,census_tiger_2023_polygon_intersection,medium,candidate_spatial,ACT,average_composite,15.9,2024-25,12,,official_district_average,official_state_export,georgia_goews_2024_25_scores_crosswalked,high,Georgia GOSA district average; All Students; highest/recent score export.
1600000US1336920,Harrison town,13,9700000US1305490,Washington County School District,100.000,census_tiger_2023_polygon_intersection,medium,candidate_spatial,SAT,average_composite,951.2,2024-25,41,,official_district_average,official_state_export,georgia_goews_2024_25_scores_crosswalked,high,Georgia GOSA district average; All Students; highest/recent score export.
1600000US1365156,Riddleville town,13,9700000US1305490,Washington County School District,100.000,census_tiger_2023_polygon_intersection,medium,candidate_spatial,ACT,average_composite,15.9,2024-25,12,,official_district_average,official_state_export,georgia_goews_2024_25_scores_crosswalked,high,Georgia GOSA district average; All Students; highest/recent score export.
1600000US1365156,Riddleville town,13,9700000US1305490,Washington County School District,100.000,census_tiger_2023_polygon_intersection,medium,candidate_spatial,SAT,average_composite,951.2,2024-25,41,,official_district_average,official_state_export,georgia_goews_2024_25_scores_crosswalked,high,Georgia GOSA district average; All Students; highest/recent score export.
1600000US1364792,Rest Haven town,13,9700000US1302550,Gwinnett County School District,57.752,census_tiger_2023_polygon_intersection,medium,candidate_spatial,ACT,average_composite,22.8,2024-25,920,,official_district_average,official_state_export,georgia_goews_2024_25_scores_crosswalked,high,Georgia GOSA district average; All Students; highest/recent score export.
1600000US1364792,Rest Haven town,13,9700000US1302550,Gwinnett County School District,57.752,census_tiger_2023_polygon_intersection,medium,candidate_spatial,SAT,average_composite,1109.9,2024-25,4964,,official_district_average,official_state_export,georgia_goews_2024_25_scores_crosswalked,high,Georgia GOSA district average; All Students; highest/recent score export.
1600000US1364792,Rest Haven town,13,9700000US1302610,Hall County School District,42.248,census_tiger_2023_polygon_intersection,low,candidate_spatial,ACT,average_composite,20.8,2024-25,85,,official_district_average,official_state_export,georgia_goews_2024_25_scores_crosswalked,high,Georgia GOSA district average; All Students; highest/recent score export.
1600000US1364792,Rest Haven town,13,9700000US1302610,Hall County School District,42.248,census_tiger_2023_polygon_intersection,low,candidate_spatial,SAT,average_composite,1038.5,2024-25,611,,official_district_average,official_state_export,georgia_goews_2024_25_scores_crosswalked,high,Georgia GOSA district average; All Students; highest/recent score export.
1600000US1307248,Berkeley Lake city,13,9700000US1302550,Gwinnett County School District,100.000,census_tiger_2023_polygon_intersection,medium,candidate_spatial,ACT,average_composite,22.8,2024-25,920,,official_district_average,official_state_export,georgia_goews_2024_25_scores_crosswalked,high,Georgia GOSA district average; All Students; highest/recent score export.
1600000US1307248,Berkeley Lake city,13,9700000US1302550,Gwinnett County School District,100.000,census_tiger_2023_polygon_intersection,medium,candidate_spatial,SAT,average_composite,1109.9,2024-25,4964,,official_district_average,official_state_export,georgia_goews_2024_25_scores_crosswalked,high,Georgia GOSA district average; All Students; highest/recent score export.
1600000US1334596,Grayson city,13,9700000US1302550,Gwinnett County School District,100.000,census_tiger_2023_polygon_intersection,medium,candidate_spatial,ACT,average_composite,22.8,2024-25,920,,official_district_average,official_state_export,georgia_goews_2024_25_scores_crosswalked,high,Georgia GOSA district average; All Students; highest/recent score export.
1600000US1334596,Grayson city,13,9700000US1302550,Gwinnett County School District,100.000,census_tiger_2023_polygon_intersection,medium,candidate_spatial,SAT,average_composite,1109.9,2024-25,4964,,official_district_average,official_state_export,georgia_goews_2024_25_scores_crosswalked,high,Georgia GOSA district average; All Students; highest/recent score export.
1600000US1371604,Snellville city,13,9700000US1302550,Gwinnett County School District,100.000,census_tiger_2023_polygon_intersection,medium,candidate_spatial,ACT,average_composite,22.8,2024-25,920,,official_district_average,official_state_export,georgia_goews_2024_25_scores_crosswalked,high,Georgia GOSA district average; All Students; highest/recent score export.
1600000US1371604,Snellville city,13,9700000US1302550,Gwinnett County School District,100.000,census_tiger_2023_polygon_intersection,medium,candidate_spatial,SAT,average_composite,1109.9,2024-25,4964,,official_district_average,official_state_export,georgia_goews_2024_25_scores_crosswalked,high,Georgia GOSA district average; All Students; highest/recent score export.
1600000US1374936,Suwanee city,13,9700000US1302550,Gwinnett County School District,100.000,census_tiger_2023_polygon_intersection,medium,candidate_spatial,ACT,average_composite,22.8,2024-25,920,,official_district_average,official_state_export,georgia_goews_2024_25_scores_crosswalked,high,Georgia GOSA district average; All Students; highest/recent score export.
1600000US1374936,Suwanee city,13,9700000US1302550,Gwinnett County School District,100.000,census_tiger_2023_polygon_intersection,medium,candidate_spatial,SAT,average_composite,1109.9,2024-25,4964,,official_district_average,official_state_export,georgia_goews_2024_25_scores_crosswalked,high,Georgia GOSA district average; All Students; highest/recent score export.
1600000US1375888,Tennille city,13,9700000US1305490,Washington County School District,100.000,census_tiger_2023_polygon_intersection,medium,candidate_spatial,ACT,average_composite,15.9,2024-25,12,,official_district_average,official_state_export,georgia_goews_2024_25_scores_crosswalked,high,Georgia GOSA district average; All Students; highest/recent score export.
1600000US1375888,Tennille city,13,9700000US1305490,Washington County School District,100.000,census_tiger_2023_polygon_intersection,medium,candidate_spatial,SAT,average_composite,951.2,2024-25,41,,official_district_average,official_state_export,georgia_goews_2024_25_scores_crosswalked,high,Georgia GOSA district average; All Students; highest/recent score export.
1600000US1357736,Oglethorpe city,13,9700000US1303450,Macon County School District,100.000,census_tiger_2023_polygon_intersection,medium,candidate_spatial,ACT,average_composite,16.1,2024-25,12,,official_district_average,official_state_export,georgia_goews_2024_25_scores_crosswalked,high,Georgia GOSA district average; All Students; highest/recent score export.
1600000US1334512,Gray city,13,9700000US1303150,Jones County School District,100.000,census_tiger_2023_polygon_intersection,medium,candidate_spatial,ACT,average_composite,21.4,2024-25,15,,official_district_average,official_state_export,georgia_goews_2024_25_scores_crosswalked,high,Georgia GOSA district average; All Students; highest/recent score export.
1600000US1334512,Gray city,13,9700000US1303150,Jones County School District,100.000,census_tiger_2023_polygon_intersection,medium,candidate_spatial,SAT,average_composite,1032.9,2024-25,109,,official_district_average,official_state_export,georgia_goews_2024_25_scores_crosswalked,high,Georgia GOSA district average; All Students; highest/recent score export.
1600000US1353620,Mount Zion city,13,9700000US1300840,Carroll County School District,100.000,census_tiger_2023_polygon_intersection,medium,candidate_spatial,ACT,average_composite,20.9,2024-25,60,,official_district_average,official_state_export,georgia_goews_2024_25_scores_crosswalked,high,Georgia GOSA district average; All Students; highest/recent score export.
1600000US1353620,Mount Zion city,13,9700000US1300840,Carroll County School District,100.000,census_tiger_2023_polygon_intersection,medium,candidate_spatial,SAT,average_composite,1041.8,2024-25,310,,official_district_average,official_state_export,georgia_goews_2024_25_scores_crosswalked,high,Georgia GOSA district average; All Students; highest/recent score export.
1600000US1349008,Macon-Bibb County,13,9700000US1300420,Bibb County School District,100.000,census_tiger_2023_polygon_intersection,medium,candidate_spatial,ACT,average_composite,17.9,2024-25,38,,official_district_average,official_state_export,georgia_goews_2024_25_scores_crosswalked,high,Georgia GOSA district average; All Students; highest/recent score export.
1600000US1349008,Macon-Bibb County,13,9700000US1300420,Bibb County School District,100.000,census_tiger_2023_polygon_intersection,medium,candidate_spatial,SAT,average_composite,1004.5,2024-25,235,,official_district_average,official_state_export,georgia_goews_2024_25_scores_crosswalked,high,Georgia GOSA district average; All Students; highest/recent score export.
1600000US1345600,Leary city,13,9700000US1300750,Calhoun County School District,100.000,census_tiger_2023_polygon_intersection,medium,candidate_spatial,ACT,average_composite,13.7,2024-25,13,,official_district_average,official_state_export,georgia_goews_2024_25_scores_crosswalked,high,Georgia GOSA district average; All Students; highest/recent score export.
1600000US1312624,Camilla city,13,9700000US1303690,Mitchell County School District,100.000,census_tiger_2023_polygon_intersection,medium,candidate_spatial,SAT,average_composite,979.7,2024-25,31,,official_district_average,official_state_export,georgia_goews_2024_25_scores_crosswalked,high,Georgia GOSA district average; All Students; highest/recent score export.
1600000US1350680,Meigs city,13,9700000US1304890,Thomas County School District,81.885,census_tiger_2023_polygon_intersection,medium,candidate_spatial,ACT,average_composite,19.9,2024-25,38,,official_district_average,official_state_export,georgia_goews_2024_25_scores_crosswalked,high,Georgia GOSA district average; All Students; highest/recent score export.
1600000US1350680,Meigs city,13,9700000US1304890,Thomas County School District,81.885,census_tiger_2023_polygon_intersection,medium,candidate_spatial,SAT,average_composite,1016.2,2024-25,120,,official_district_average,official_state_export,georgia_goews_2024_25_scores_crosswalked,high,Georgia GOSA district average; All Students; highest/recent score export.
1600000US1350680,Meigs city,13,9700000US1303690,Mitchell County School District,18.115,census_tiger_2023_polygon_intersection,low,candidate_spatial,SAT,average_composite,979.7,2024-25,31,,official_district_average,official_state_export,georgia_goews_2024_25_scores_crosswalked,high,Georgia GOSA district average; All Students; highest/recent score export.
1600000US1359976,Pelham city,13,9700000US1304080,Pelham City School District,100.000,census_tiger_2023_polygon_intersection,medium,candidate_spatial,SAT,average_composite,904.6,2024-25,13,,official_district_average,official_state_export,georgia_goews_2024_25_scores_crosswalked,high,Georgia GOSA district average; All Students; highest/recent score export.
1600000US1368096,Sale City city,13,9700000US1303690,Mitchell County School District,100.000,census_tiger_2023_polygon_intersection,medium,candidate_spatial,SAT,average_composite,979.7,2024-25,31,,official_district_average,official_state_export,georgia_goews_2024_25_scores_crosswalked,high,Georgia GOSA district average; All Students; highest/recent score export.
1600000US1315552,Chattahoochee Hills city,13,9700000US1301500,Coweta County School District,0.703,census_tiger_2023_polygon_intersection,low,candidate_spatial,ACT,average_composite,21.5,2024-25,184,,official_district_average,official_state_export,georgia_goews_2024_25_scores_crosswalked,high,Georgia GOSA district average; All Students; highest/recent score export.
1600000US1315552,Chattahoochee Hills city,13,9700000US1301500,Coweta County School District,0.703,census_tiger_2023_polygon_intersection,low,candidate_spatial,SAT,average_composite,1063.9,2024-25,564,,official_district_average,official_state_export,georgia_goews_2024_25_scores_crosswalked,high,Georgia GOSA district average; All Students; highest/recent score export.
1600000US1315552,Chattahoochee Hills city,13,9700000US1302280,Fulton County School District,99.297,census_tiger_2023_polygon_intersection,medium,candidate_spatial,ACT,average_composite,24,2024-25,1303,,official_district_average,official_state_export,georgia_goews_2024_25_scores_crosswalked,high,Georgia GOSA district average; All Students; highest/recent score export.
1600000US1315552,Chattahoochee Hills city,13,9700000US1302280,Fulton County School District,99.297,census_tiger_2023_polygon_intersection,medium,candidate_spatial,SAT,average_composite,1034,2024-25,4167.5,,official_district_average,official_state_export,georgia_goews_2024_25_scores_crosswalked,high,Georgia GOSA district average; All Students; highest/recent score export.
1600000US1349100,McRae-Helena city,13,9700000US1304830,Telfair County School District,99.325,census_tiger_2023_polygon_intersection,medium,candidate_spatial,SAT,average_composite,1005,2024-25,22,,official_district_average,official_state_export,georgia_goews_2024_25_scores_crosswalked,high,Georgia GOSA district average; All Students; highest/recent score export.
1600000US1349100,McRae-Helena city,13,9700000US1305640,Wheeler County School District,0.675,census_tiger_2023_polygon_intersection,low,candidate_spatial,SAT,average_composite,980,2024-25,12,,official_district_average,official_state_export,georgia_goews_2024_25_scores_crosswalked,high,Georgia GOSA district average; All Students; highest/recent score export.
1600000US1342156,Jenkinsburg city,13,9700000US1300690,Butts County School District,100.000,census_tiger_2023_polygon_intersection,medium,candidate_spatial,SAT,average_composite,956.7,2024-25,61,,official_district_average,official_state_export,georgia_goews_2024_25_scores_crosswalked,high,Georgia GOSA district average; All Students; highest/recent score export.
1600000US1372780,Springfield city,13,9700000US1301980,Effingham County School District,100.000,census_tiger_2023_polygon_intersection,medium,candidate_spatial,ACT,average_composite,20.8,2024-25,48,,official_district_average,official_state_export,georgia_goews_2024_25_scores_crosswalked,high,Georgia GOSA district average; All Students; highest/recent score export.
1600000US1372780,Springfield city,13,9700000US1301980,Effingham County School District,100.000,census_tiger_2023_polygon_intersection,medium,candidate_spatial,SAT,average_composite,1060.4,2024-25,282,,official_district_average,official_state_export,georgia_goews_2024_25_scores_crosswalked,high,Georgia GOSA district average; All Students; highest/recent score export.
1600000US1348092,Lyerly town,13,9700000US1301080,Chattooga County School District,100.000,census_tiger_2023_polygon_intersection,medium,candidate_spatial,ACT,average_composite,21,2024-25,23,,official_district_average,official_state_export,georgia_goews_2024_25_scores_crosswalked,high,Georgia GOSA district average; All Students; highest/recent score export.
1600000US1348092,Lyerly town,13,9700000US1301080,Chattooga County School District,100.000,census_tiger_2023_polygon_intersection,medium,candidate_spatial,SAT,average_composite,1072,2024-25,10,,official_district_average,official_state_export,georgia_goews_2024_25_scores_crosswalked,high,Georgia GOSA district average; All Students; highest/recent score export.
1600000US1377540,Trion town,13,9700000US1305130,Trion City School District,100.000,census_tiger_2023_polygon_intersection,medium,candidate_spatial,ACT,average_composite,20.9,2024-25,32,,official_district_average,official_state_export,georgia_goews_2024_25_scores_crosswalked,high,Georgia GOSA district average; All Students; highest/recent score export.
1600000US1377540,Trion town,13,9700000US1305130,Trion City School District,100.000,census_tiger_2023_polygon_intersection,medium,candidate_spatial,SAT,average_composite,1072.7,2024-25,26,,official_district_average,official_state_export,georgia_goews_2024_25_scores_crosswalked,high,Georgia GOSA district average; All Students; highest/recent score export.
1600000US1348428,McCaysville city,13,9700000US1302100,Fannin County School District,100.000,census_tiger_2023_polygon_intersection,medium,candidate_spatial,ACT,average_composite,19.8,2024-25,10,,official_district_average,official_state_export,georgia_goews_2024_25_scores_crosswalked,high,Georgia GOSA district average; All Students; highest/recent score export.
1600000US1348428,McCaysville city,13,9700000US1302100,Fannin County School District,100.000,census_tiger_2023_polygon_intersection,medium,candidate_spatial,SAT,average_composite,1039.8,2024-25,61,,official_district_average,official_state_export,georgia_goews_2024_25_scores_crosswalked,high,Georgia GOSA district average; All Students; highest/recent score export.
1600000US1341932,Jasper city,13,9700000US1304110,Pickens County School District,100.000,census_tiger_2023_polygon_intersection,medium,candidate_spatial,ACT,average_composite,21.3,2024-25,12,,official_district_average,official_state_export,georgia_goews_2024_25_scores_crosswalked,high,Georgia GOSA district average; All Students; highest/recent score export.
1600000US1341932,Jasper city,13,9700000US1304110,Pickens County School District,100.000,census_tiger_2023_polygon_intersection,medium,candidate_spatial,SAT,average_composite,1087,2024-25,84,,official_district_average,official_state_export,georgia_goews_2024_25_scores_crosswalked,high,Georgia GOSA district average; All Students; highest/recent score export.
1600000US1344312,LaFayette city,13,9700000US1305370,Walker County School District,100.000,census_tiger_2023_polygon_intersection,medium,candidate_spatial,ACT,average_composite,21.1,2024-25,105,,official_district_average,official_state_export,georgia_goews_2024_25_scores_crosswalked,high,Georgia GOSA district average; All Students; highest/recent score export.
1600000US1344312,LaFayette city,13,9700000US1305370,Walker County School District,100.000,census_tiger_2023_polygon_intersection,medium,candidate_spatial,SAT,average_composite,1136.9,2024-25,16,,official_district_average,official_state_export,georgia_goews_2024_25_scores_crosswalked,high,Georgia GOSA district average; All Students; highest/recent score export.
1600000US1317552,Colbert city,13,9700000US1303480,Madison County School District,100.000,census_tiger_2023_polygon_intersection,medium,candidate_spatial,ACT,average_composite,21.6,2024-25,24,,official_district_average,official_state_export,georgia_goews_2024_25_scores_crosswalked,high,Georgia GOSA district average; All Students; highest/recent score export.
1600000US1317552,Colbert city,13,9700000US1303480,Madison County School District,100.000,census_tiger_2023_polygon_intersection,medium,candidate_spatial,SAT,average_composite,1074.8,2024-25,80,,official_district_average,official_state_export,georgia_goews_2024_25_scores_crosswalked,high,Georgia GOSA district average; All Students; highest/recent score export.
1600000US1319084,Comer city,13,9700000US1303480,Madison County School District,100.000,census_tiger_2023_polygon_intersection,medium,candidate_spatial,ACT,average_composite,21.6,2024-25,24,,official_district_average,official_state_export,georgia_goews_2024_25_scores_crosswalked,high,Georgia GOSA district average; All Students; highest/recent score export.
1600000US1319084,Comer city,13,9700000US1303480,Madison County School District,100.000,census_tiger_2023_polygon_intersection,medium,candidate_spatial,SAT,average_composite,1074.8,2024-25,80,,official_district_average,official_state_export,georgia_goews_2024_25_scores_crosswalked,high,Georgia GOSA district average; All Students; highest/recent score export.
1600000US1321632,Danielsville city,13,9700000US1303480,Madison County School District,100.000,census_tiger_2023_polygon_intersection,medium,candidate_spatial,ACT,average_composite,21.6,2024-25,24,,official_district_average,official_state_export,georgia_goews_2024_25_scores_crosswalked,high,Georgia GOSA district average; All Students; highest/recent score export.
1600000US1321632,Danielsville city,13,9700000US1303480,Madison County School District,100.000,census_tiger_2023_polygon_intersection,medium,candidate_spatial,SAT,average_composite,1074.8,2024-25,80,,official_district_average,official_state_export,georgia_goews_2024_25_scores_crosswalked,high,Georgia GOSA district average; All Students; highest/recent score export.
1600000US1312400,Cairo city,13,9700000US1302460,Grady County School District,100.000,census_tiger_2023_polygon_intersection,medium,candidate_spatial,ACT,average_composite,17.7,2024-25,13,,official_district_average,official_state_export,georgia_goews_2024_25_scores_crosswalked,high,Georgia GOSA district average; All Students; highest/recent score export.
1600000US1312400,Cairo city,13,9700000US1302460,Grady County School District,100.000,census_tiger_2023_polygon_intersection,medium,candidate_spatial,SAT,average_composite,959.7,2024-25,79,,official_district_average,official_state_export,georgia_goews_2024_25_scores_crosswalked,high,Georgia GOSA district average; All Students; highest/recent score export.
1600000US1322304,Demorest city,13,9700000US1302580,Habersham County School District,100.000,census_tiger_2023_polygon_intersection,medium,candidate_spatial,SAT,average_composite,1082,2024-25,109,,official_district_average,official_state_export,georgia_goews_2024_25_scores_crosswalked,high,Georgia GOSA district average; All Students; highest/recent score export.
1600000US1375328,Tallulah Falls town,13,9700000US1304320,Rabun County School District,45.803,census_tiger_2023_polygon_intersection,low,candidate_spatial,SAT,average_composite,1061.1,2024-25,54,,official_district_average,official_state_export,georgia_goews_2024_25_scores_crosswalked,high,Georgia GOSA district average; All Students; highest/recent score export.
1600000US1375328,Tallulah Falls town,13,9700000US1302580,Habersham County School District,54.197,census_tiger_2023_polygon_intersection,medium,candidate_spatial,SAT,average_composite,1082,2024-25,109,,official_district_average,official_state_export,georgia_goews_2024_25_scores_crosswalked,high,Georgia GOSA district average; All Students; highest/recent score export.
1600000US1361684,Plainville city,13,9700000US1302430,Gordon County School District,100.000,census_tiger_2023_polygon_intersection,medium,candidate_spatial,ACT,average_composite,19.8,2024-25,13,,official_district_average,official_state_export,georgia_goews_2024_25_scores_crosswalked,high,Georgia GOSA district average; All Students; highest/recent score export.
1600000US1361684,Plainville city,13,9700000US1302430,Gordon County School District,100.000,census_tiger_2023_polygon_intersection,medium,candidate_spatial,SAT,average_composite,1017.4,2024-25,89,,official_district_average,official_state_export,georgia_goews_2024_25_scores_crosswalked,high,Georgia GOSA district average; All Students; highest/recent score export.
1600000US1363560,Ranger town,13,9700000US1302430,Gordon County School District,100.000,census_tiger_2023_polygon_intersection,medium,candidate_spatial,ACT,average_composite,19.8,2024-25,13,,official_district_average,official_state_export,georgia_goews_2024_25_scores_crosswalked,high,Georgia GOSA district average; All Students; highest/recent score export.
1600000US1363560,Ranger town,13,9700000US1302430,Gordon County School District,100.000,census_tiger_2023_polygon_intersection,medium,candidate_spatial,SAT,average_composite,1017.4,2024-25,89,,official_district_average,official_state_export,georgia_goews_2024_25_scores_crosswalked,high,Georgia GOSA district average; All Students; highest/recent score export.
1600000US1364736,Resaca town,13,9700000US1302430,Gordon County School District,100.000,census_tiger_2023_polygon_intersection,medium,candidate_spatial,ACT,average_composite,19.8,2024-25,13,,official_district_average,official_state_export,georgia_goews_2024_25_scores_crosswalked,high,Georgia GOSA district average; All Students; highest/recent score export.
1600000US1364736,Resaca town,13,9700000US1302430,Gordon County School District,100.000,census_tiger_2023_polygon_intersection,medium,candidate_spatial,SAT,average_composite,1017.4,2024-25,89,,official_district_average,official_state_export,georgia_goews_2024_25_scores_crosswalked,high,Georgia GOSA district average; All Students; highest/recent score export.
1600000US1300576,Adel city,13,9700000US1301470,Cook County School District,100.000,census_tiger_2023_polygon_intersection,medium,candidate_spatial,SAT,average_composite,976.1,2024-25,66,,official_district_average,official_state_export,georgia_goews_2024_25_scores_crosswalked,high,Georgia GOSA district average; All Students; highest/recent score export.
1600000US1327708,Ephesus city,13,9700000US1302790,Heard County School District,100.000,census_tiger_2023_polygon_intersection,medium,candidate_spatial,ACT,average_composite,21.4,2024-25,26,,official_district_average,official_state_export,georgia_goews_2024_25_scores_crosswalked,high,Georgia GOSA district average; All Students; highest/recent score export.
1600000US1327708,Ephesus city,13,9700000US1302790,Heard County School District,100.000,census_tiger_2023_polygon_intersection,medium,candidate_spatial,SAT,average_composite,1025.2,2024-25,54,,official_district_average,official_state_export,georgia_goews_2024_25_scores_crosswalked,high,Georgia GOSA district average; All Students; highest/recent score export.
1600000US1331292,Franklin city,13,9700000US1302790,Heard County School District,100.000,census_tiger_2023_polygon_intersection,medium,candidate_spatial,ACT,average_composite,21.4,2024-25,26,,official_district_average,official_state_export,georgia_goews_2024_25_scores_crosswalked,high,Georgia GOSA district average; All Students; highest/recent score export.
1600000US1331292,Franklin city,13,9700000US1302790,Heard County School District,100.000,census_tiger_2023_polygon_intersection,medium,candidate_spatial,SAT,average_composite,1025.2,2024-25,54,,official_district_average,official_state_export,georgia_goews_2024_25_scores_crosswalked,high,Georgia GOSA district average; All Students; highest/recent score export.
1600000US1368208,Sandersville city,13,9700000US1305490,Washington County School District,100.000,census_tiger_2023_polygon_intersection,medium,candidate_spatial,ACT,average_composite,15.9,2024-25,12,,official_district_average,official_state_export,georgia_goews_2024_25_scores_crosswalked,high,Georgia GOSA district average; All Students; highest/recent score export.
1600000US1368208,Sandersville city,13,9700000US1305490,Washington County School District,100.000,census_tiger_2023_polygon_intersection,medium,candidate_spatial,SAT,average_composite,951.2,2024-25,41,,official_district_average,official_state_export,georgia_goews_2024_25_scores_crosswalked,high,Georgia GOSA district average; All Students; highest/recent score export.
1600000US1330424,Folkston city,13,9700000US1300990,Charlton County School District,100.000,census_tiger_2023_polygon_intersection,medium,candidate_spatial,SAT,average_composite,1011.1,2024-25,19,,official_district_average,official_state_export,georgia_goews_2024_25_scores_crosswalked,high,Georgia GOSA district average; All Students; highest/recent score export.
1600000US1339692,Homeland city,13,9700000US1300990,Charlton County School District,100.000,census_tiger_2023_polygon_intersection,medium,candidate_spatial,SAT,average_composite,1011.1,2024-25,19,,official_district_average,official_state_export,georgia_goews_2024_25_scores_crosswalked,high,Georgia GOSA district average; All Students; highest/recent score export.
1600000US1326224,Edge Hill city,13,9700000US1302370,Glascock County School District,100.000,census_tiger_2023_polygon_intersection,medium,candidate_spatial,SAT,average_composite,1006.4,2024-25,11,,official_district_average,official_state_export,georgia_goews_2024_25_scores_crosswalked,high,Georgia GOSA district average; All Students; highest/recent score export.
1600000US1338920,Hiltonia town,13,9700000US1304500,Screven County School District,100.000,census_tiger_2023_polygon_intersection,medium,candidate_spatial,SAT,average_composite,1036.2,2024-25,26,,official_district_average,official_state_export,georgia_goews_2024_25_scores_crosswalked,high,Georgia GOSA district average; All Students; highest/recent score export.
1600000US1366444,Rocky Ford town,13,9700000US1304500,Screven County School District,100.000,census_tiger_2023_polygon_intersection,medium,candidate_spatial,SAT,average_composite,1036.2,2024-25,26,,official_district_average,official_state_export,georgia_goews_2024_25_scores_crosswalked,high,Georgia GOSA district average; All Students; highest/recent score export.
1600000US1301248,Aldora town,13,9700000US1303210,Lamar County School District,100.000,census_tiger_2023_polygon_intersection,medium,candidate_spatial,SAT,average_composite,1029.3,2024-25,41,,official_district_average,official_state_export,georgia_goews_2024_25_scores_crosswalked,high,Georgia GOSA district average; All Students; highest/recent score export.
1600000US1351604,Milner city,13,9700000US1303210,Lamar County School District,100.000,census_tiger_2023_polygon_intersection,medium,candidate_spatial,SAT,average_composite,1029.3,2024-25,41,,official_district_average,official_state_export,georgia_goews_2024_25_scores_crosswalked,high,Georgia GOSA district average; All Students; highest/recent score export.
1600000US1359556,Pavo city,13,9700000US1300540,Brooks County School District,49.746,census_tiger_2023_polygon_intersection,low,candidate_spatial,SAT,average_composite,931.3,2024-25,30,,official_district_average,official_state_export,georgia_goews_2024_25_scores_crosswalked,high,Georgia GOSA district average; All Students; highest/recent score export.
1600000US1359556,Pavo city,13,9700000US1304890,Thomas County School District,50.254,census_tiger_2023_polygon_intersection,medium,candidate_spatial,ACT,average_composite,19.9,2024-25,38,,official_district_average,official_state_export,georgia_goews_2024_25_scores_crosswalked,high,Georgia GOSA district average; All Students; highest/recent score export.
1600000US1359556,Pavo city,13,9700000US1304890,Thomas County School District,50.254,census_tiger_2023_polygon_intersection,medium,candidate_spatial,SAT,average_composite,1016.2,2024-25,120,,official_district_average,official_state_export,georgia_goews_2024_25_scores_crosswalked,high,Georgia GOSA district average; All Students; highest/recent score export.
1600000US1380956,Waycross city,13,9700000US1305430,Ware County School District,95.081,census_tiger_2023_polygon_intersection,medium,candidate_spatial,ACT,average_composite,18.5,2024-25,21,,official_district_average,official_state_export,georgia_goews_2024_25_scores_crosswalked,high,Georgia GOSA district average; All Students; highest/recent score export.
1600000US1380956,Waycross city,13,9700000US1305430,Ware County School District,95.081,census_tiger_2023_polygon_intersection,medium,candidate_spatial,SAT,average_composite,1008.3,2024-25,77,,official_district_average,official_state_export,georgia_goews_2024_25_scores_crosswalked,high,Georgia GOSA district average; All Students; highest/recent score export.
1600000US1380956,Waycross city,13,9700000US1304140,Pierce County School District,4.919,census_tiger_2023_polygon_intersection,low,candidate_spatial,ACT,average_composite,19.9,2024-25,15,,official_district_average,official_state_export,georgia_goews_2024_25_scores_crosswalked,high,Georgia GOSA district average; All Students; highest/recent score export.
1600000US1380956,Waycross city,13,9700000US1304140,Pierce County School District,4.919,census_tiger_2023_polygon_intersection,low,candidate_spatial,SAT,average_composite,1084.6,2024-25,56,,official_district_average,official_state_export,georgia_goews_2024_25_scores_crosswalked,high,Georgia GOSA district average; All Students; highest/recent score export.
1600000US1321017,Cusseta-Chattahoochee County unified government,13,9700000US1301050,Chattahoochee County School District,24.005,census_tiger_2023_polygon_intersection,low,candidate_spatial,SAT,average_composite,966.8,2024-25,28,,official_district_average,official_state_export,georgia_goews_2024_25_scores_crosswalked,high,Georgia GOSA district average; All Students; highest/recent score export.
1600000US1334428,Grantville city,13,9700000US1301500,Coweta County School District,100.000,census_tiger_2023_polygon_intersection,medium,candidate_spatial,ACT,average_composite,21.5,2024-25,184,,official_district_average,official_state_export,georgia_goews_2024_25_scores_crosswalked,high,Georgia GOSA district average; All Students; highest/recent score export.
1600000US1334428,Grantville city,13,9700000US1301500,Coweta County School District,100.000,census_tiger_2023_polygon_intersection,medium,candidate_spatial,SAT,average_composite,1063.9,2024-25,564,,official_district_average,official_state_export,georgia_goews_2024_25_scores_crosswalked,high,Georgia GOSA district average; All Students; highest/recent score export.
1600000US1336528,Haralson town,13,9700000US1303630,Meriwether County School District,6.722,census_tiger_2023_polygon_intersection,low,candidate_spatial,SAT,average_composite,878,2024-25,88,,official_district_average,official_state_export,georgia_goews_2024_25_scores_crosswalked,high,Georgia GOSA district average; All Students; highest/recent score export.
1600000US1336528,Haralson town,13,9700000US1301500,Coweta County School District,93.278,census_tiger_2023_polygon_intersection,medium,candidate_spatial,ACT,average_composite,21.5,2024-25,184,,official_district_average,official_state_export,georgia_goews_2024_25_scores_crosswalked,high,Georgia GOSA district average; All Students; highest/recent score export.
1600000US1336528,Haralson town,13,9700000US1301500,Coweta County School District,93.278,census_tiger_2023_polygon_intersection,medium,candidate_spatial,SAT,average_composite,1063.9,2024-25,564,,official_district_average,official_state_export,georgia_goews_2024_25_scores_crosswalked,high,Georgia GOSA district average; All Students; highest/recent score export.
1600000US1352668,Moreland town,13,9700000US1301500,Coweta County School District,100.000,census_tiger_2023_polygon_intersection,medium,candidate_spatial,ACT,average_composite,21.5,2024-25,184,,official_district_average,official_state_export,georgia_goews_2024_25_scores_crosswalked,high,Georgia GOSA district average; All Students; highest/recent score export.
1600000US1352668,Moreland town,13,9700000US1301500,Coweta County School District,100.000,census_tiger_2023_polygon_intersection,medium,candidate_spatial,SAT,average_composite,1063.9,2024-25,564,,official_district_average,official_state_export,georgia_goews_2024_25_scores_crosswalked,high,Georgia GOSA district average; All Students; highest/recent score export.
1600000US1358884,Palmetto city,13,9700000US1301500,Coweta County School District,7.645,census_tiger_2023_polygon_intersection,low,candidate_spatial,ACT,average_composite,21.5,2024-25,184,,official_district_average,official_state_export,georgia_goews_2024_25_scores_crosswalked,high,Georgia GOSA district average; All Students; highest/recent score export.
1600000US1358884,Palmetto city,13,9700000US1301500,Coweta County School District,7.645,census_tiger_2023_polygon_intersection,low,candidate_spatial,SAT,average_composite,1063.9,2024-25,564,,official_district_average,official_state_export,georgia_goews_2024_25_scores_crosswalked,high,Georgia GOSA district average; All Students; highest/recent score export.
1600000US1358884,Palmetto city,13,9700000US1302280,Fulton County School District,92.355,census_tiger_2023_polygon_intersection,medium,candidate_spatial,ACT,average_composite,24,2024-25,1303,,official_district_average,official_state_export,georgia_goews_2024_25_scores_crosswalked,high,Georgia GOSA district average; All Students; highest/recent score export.
1600000US1358884,Palmetto city,13,9700000US1302280,Fulton County School District,92.355,census_tiger_2023_polygon_intersection,medium,candidate_spatial,SAT,average_composite,1034,2024-25,4167.5,,official_district_average,official_state_export,georgia_goews_2024_25_scores_crosswalked,high,Georgia GOSA district average; All Students; highest/recent score export.
1600000US1355020,Newnan city,13,9700000US1301500,Coweta County School District,100.000,census_tiger_2023_polygon_intersection,medium,candidate_spatial,ACT,average_composite,21.5,2024-25,184,,official_district_average,official_state_export,georgia_goews_2024_25_scores_crosswalked,high,Georgia GOSA district average; All Students; highest/recent score export.
1600000US1355020,Newnan city,13,9700000US1301500,Coweta County School District,100.000,census_tiger_2023_polygon_intersection,medium,candidate_spatial,SAT,average_composite,1063.9,2024-25,564,,official_district_average,official_state_export,georgia_goews_2024_25_scores_crosswalked,high,Georgia GOSA district average; All Students; highest/recent score export.
1600000US1312512,Camak town,13,9700000US1305460,Warren County School District,100.000,census_tiger_2023_polygon_intersection,medium,candidate_spatial,SAT,average_composite,869.4,2024-25,33,,official_district_average,official_state_export,georgia_goews_2024_25_scores_crosswalked,high,Georgia GOSA district average; All Students; highest/recent score export.
1600000US1356560,Norwood city,13,9700000US1305460,Warren County School District,100.000,census_tiger_2023_polygon_intersection,medium,candidate_spatial,SAT,average_composite,869.4,2024-25,33,,official_district_average,official_state_export,georgia_goews_2024_25_scores_crosswalked,high,Georgia GOSA district average; All Students; highest/recent score export.
1600000US1380592,Warrenton city,13,9700000US1305460,Warren County School District,100.000,census_tiger_2023_polygon_intersection,medium,candidate_spatial,SAT,average_composite,869.4,2024-25,33,,official_district_average,official_state_export,georgia_goews_2024_25_scores_crosswalked,high,Georgia GOSA district average; All Students; highest/recent score export.
1600000US1314500,Cedartown city,13,9700000US1304200,Polk County School District,100.000,census_tiger_2023_polygon_intersection,medium,candidate_spatial,ACT,average_composite,20,2024-25,26,,official_district_average,official_state_export,georgia_goews_2024_25_scores_crosswalked,high,Georgia GOSA district average; All Students; highest/recent score export.
1600000US1314500,Cedartown city,13,9700000US1304200,Polk County School District,100.000,census_tiger_2023_polygon_intersection,medium,candidate_spatial,SAT,average_composite,1015.4,2024-25,112,,official_district_average,official_state_export,georgia_goews_2024_25_scores_crosswalked,high,Georgia GOSA district average; All Students; highest/recent score export.
1600000US1302592,Aragon city,13,9700000US1304200,Polk County School District,100.000,census_tiger_2023_polygon_intersection,medium,candidate_spatial,ACT,average_composite,20,2024-25,26,,official_district_average,official_state_export,georgia_goews_2024_25_scores_crosswalked,high,Georgia GOSA district average; All Students; highest/recent score export.
1600000US1302592,Aragon city,13,9700000US1304200,Polk County School District,100.000,census_tiger_2023_polygon_intersection,medium,candidate_spatial,SAT,average_composite,1015.4,2024-25,112,,official_district_average,official_state_export,georgia_goews_2024_25_scores_crosswalked,high,Georgia GOSA district average; All Students; highest/recent score export.
1600000US1311056,Brooks town,13,9700000US1302130,Fayette County School District,100.000,census_tiger_2023_polygon_intersection,medium,candidate_spatial,ACT,average_composite,23,2024-25,344,,official_district_average,official_state_export,georgia_goews_2024_25_scores_crosswalked,high,Georgia GOSA district average; All Students; highest/recent score export.
1600000US1311056,Brooks town,13,9700000US1302130,Fayette County School District,100.000,census_tiger_2023_polygon_intersection,medium,candidate_spatial,SAT,average_composite,1104.8,2024-25,776,,official_district_average,official_state_export,georgia_goews_2024_25_scores_crosswalked,high,Georgia GOSA district average; All Students; highest/recent score export.
1600000US1384288,Woolsey town,13,9700000US1302130,Fayette County School District,100.000,census_tiger_2023_polygon_intersection,medium,candidate_spatial,ACT,average_composite,23,2024-25,344,,official_district_average,official_state_export,georgia_goews_2024_25_scores_crosswalked,high,Georgia GOSA district average; All Students; highest/recent score export.
1600000US1384288,Woolsey town,13,9700000US1302130,Fayette County School District,100.000,census_tiger_2023_polygon_intersection,medium,candidate_spatial,SAT,average_composite,1104.8,2024-25,776,,official_district_average,official_state_export,georgia_goews_2024_25_scores_crosswalked,high,Georgia GOSA district average; All Students; highest/recent score export.
1600000US1357568,Offerman city,13,9700000US1304140,Pierce County School District,100.000,census_tiger_2023_polygon_intersection,medium,candidate_spatial,ACT,average_composite,19.9,2024-25,15,,official_district_average,official_state_export,georgia_goews_2024_25_scores_crosswalked,high,Georgia GOSA district average; All Students; highest/recent score export.
1600000US1357568,Offerman city,13,9700000US1304140,Pierce County School District,100.000,census_tiger_2023_polygon_intersection,medium,candidate_spatial,SAT,average_composite,1084.6,2024-25,56,,official_district_average,official_state_export,georgia_goews_2024_25_scores_crosswalked,high,Georgia GOSA district average; All Students; highest/recent score export.
1600000US1359500,Patterson city,13,9700000US1304140,Pierce County School District,100.000,census_tiger_2023_polygon_intersection,medium,candidate_spatial,ACT,average_composite,19.9,2024-25,15,,official_district_average,official_state_export,georgia_goews_2024_25_scores_crosswalked,high,Georgia GOSA district average; All Students; highest/recent score export.
1600000US1359500,Patterson city,13,9700000US1304140,Pierce County School District,100.000,census_tiger_2023_polygon_intersection,medium,candidate_spatial,SAT,average_composite,1084.6,2024-25,56,,official_district_average,official_state_export,georgia_goews_2024_25_scores_crosswalked,high,Georgia GOSA district average; All Students; highest/recent score export.
1600000US1338040,Hephzibah city,13,9700000US1304380,Richmond County School District,100.000,census_tiger_2023_polygon_intersection,medium,candidate_spatial,ACT,average_composite,17.7,2024-25,98,,official_district_average,official_state_export,georgia_goews_2024_25_scores_crosswalked,high,Georgia GOSA district average; All Students; highest/recent score export.
1600000US1338040,Hephzibah city,13,9700000US1304380,Richmond County School District,100.000,census_tiger_2023_polygon_intersection,medium,candidate_spatial,SAT,average_composite,952.1,2024-25,527,,official_district_average,official_state_export,georgia_goews_2024_25_scores_crosswalked,high,Georgia GOSA district average; All Students; highest/recent score export.
1600000US1304896,Bainbridge city,13,9700000US1301710,Decatur County School District,100.000,census_tiger_2023_polygon_intersection,medium,candidate_spatial,ACT,average_composite,20.7,2024-25,32,,official_district_average,official_state_export,georgia_goews_2024_25_scores_crosswalked,high,Georgia GOSA district average; All Students; highest/recent score export.
1600000US1304896,Bainbridge city,13,9700000US1301710,Decatur County School District,100.000,census_tiger_2023_polygon_intersection,medium,candidate_spatial,SAT,average_composite,1041,2024-25,61,,official_district_average,official_state_export,georgia_goews_2024_25_scores_crosswalked,high,Georgia GOSA district average; All Students; highest/recent score export.
1600000US1374964,Swainsboro city,13,9700000US1302040,Emanuel County School District,100.000,census_tiger_2023_polygon_intersection,medium,candidate_spatial,SAT,average_composite,990.4,2024-25,81,,official_district_average,official_state_export,georgia_goews_2024_25_scores_crosswalked,high,Georgia GOSA district average; All Students; highest/recent score export.
1600000US1346552,Lincolnton city,13,9700000US1303330,Lincoln County School District,100.000,census_tiger_2023_polygon_intersection,medium,candidate_spatial,SAT,average_composite,1038.1,2024-25,27,,official_district_average,official_state_export,georgia_goews_2024_25_scores_crosswalked,high,Georgia GOSA district average; All Students; highest/recent score export.
1600000US1310608,Brinson town,13,9700000US1301710,Decatur County School District,100.000,census_tiger_2023_polygon_intersection,medium,candidate_spatial,ACT,average_composite,20.7,2024-25,32,,official_district_average,official_state_export,georgia_goews_2024_25_scores_crosswalked,high,Georgia GOSA district average; All Students; highest/recent score export.
1600000US1310608,Brinson town,13,9700000US1301710,Decatur County School District,100.000,census_tiger_2023_polygon_intersection,medium,candidate_spatial,SAT,average_composite,1041,2024-25,61,,official_district_average,official_state_export,georgia_goews_2024_25_scores_crosswalked,high,Georgia GOSA district average; All Students; highest/recent score export.
1600000US1316908,Climax city,13,9700000US1301710,Decatur County School District,100.000,census_tiger_2023_polygon_intersection,medium,candidate_spatial,ACT,average_composite,20.7,2024-25,32,,official_district_average,official_state_export,georgia_goews_2024_25_scores_crosswalked,high,Georgia GOSA district average; All Students; highest/recent score export.
1600000US1316908,Climax city,13,9700000US1301710,Decatur County School District,100.000,census_tiger_2023_polygon_intersection,medium,candidate_spatial,SAT,average_composite,1041,2024-25,61,,official_district_average,official_state_export,georgia_goews_2024_25_scores_crosswalked,high,Georgia GOSA district average; All Students; highest/recent score export.
1600000US1304204,Augusta-Richmond County consolidated government (balance),13,9700000US1304380,Richmond County School District,100.000,census_tiger_2023_polygon_intersection,medium,candidate_spatial,ACT,average_composite,17.7,2024-25,98,,official_district_average,official_state_export,georgia_goews_2024_25_scores_crosswalked,high,Georgia GOSA district average; All Students; highest/recent score export.
1600000US1304204,Augusta-Richmond County consolidated government (balance),13,9700000US1304380,Richmond County School District,100.000,census_tiger_2023_polygon_intersection,medium,candidate_spatial,SAT,average_composite,952.1,2024-25,527,,official_district_average,official_state_export,georgia_goews_2024_25_scores_crosswalked,high,Georgia GOSA district average; All Students; highest/recent score export.
1600000US1375664,Taylorsville town,13,9700000US1304200,Polk County School District,30.461,census_tiger_2023_polygon_intersection,low,candidate_spatial,ACT,average_composite,20,2024-25,26,,official_district_average,official_state_export,georgia_goews_2024_25_scores_crosswalked,high,Georgia GOSA district average; All Students; highest/recent score export.
1600000US1375664,Taylorsville town,13,9700000US1304200,Polk County School District,30.461,census_tiger_2023_polygon_intersection,low,candidate_spatial,SAT,average_composite,1015.4,2024-25,112,,official_district_average,official_state_export,georgia_goews_2024_25_scores_crosswalked,high,Georgia GOSA district average; All Students; highest/recent score export.
1600000US1375664,Taylorsville town,13,9700000US1300330,Bartow County School District,69.539,census_tiger_2023_polygon_intersection,medium,candidate_spatial,ACT,average_composite,20.4,2024-25,51,,official_district_average,official_state_export,georgia_goews_2024_25_scores_crosswalked,high,Georgia GOSA district average; All Students; highest/recent score export.
1600000US1375664,Taylorsville town,13,9700000US1300330,Bartow County School District,69.539,census_tiger_2023_polygon_intersection,medium,candidate_spatial,SAT,average_composite,1030,2024-25,293,,official_district_average,official_state_export,georgia_goews_2024_25_scores_crosswalked,high,Georgia GOSA district average; All Students; highest/recent score export.
1600000US1300436,Adairsville city,13,9700000US1300330,Bartow County School District,100.000,census_tiger_2023_polygon_intersection,medium,candidate_spatial,ACT,average_composite,20.4,2024-25,51,,official_district_average,official_state_export,georgia_goews_2024_25_scores_crosswalked,high,Georgia GOSA district average; All Students; highest/recent score export.
1600000US1300436,Adairsville city,13,9700000US1300330,Bartow County School District,100.000,census_tiger_2023_polygon_intersection,medium,candidate_spatial,SAT,average_composite,1030,2024-25,293,,official_district_average,official_state_export,georgia_goews_2024_25_scores_crosswalked,high,Georgia GOSA district average; All Students; highest/recent score export.
1600000US1327988,Euharlee city,13,9700000US1300330,Bartow County School District,100.000,census_tiger_2023_polygon_intersection,medium,candidate_spatial,ACT,average_composite,20.4,2024-25,51,,official_district_average,official_state_export,georgia_goews_2024_25_scores_crosswalked,high,Georgia GOSA district average; All Students; highest/recent score export.
1600000US1327988,Euharlee city,13,9700000US1300330,Bartow County School District,100.000,census_tiger_2023_polygon_intersection,medium,candidate_spatial,SAT,average_composite,1030,2024-25,293,,official_district_average,official_state_export,georgia_goews_2024_25_scores_crosswalked,high,Georgia GOSA district average; All Students; highest/recent score export.
1600000US1343668,Kingston city,13,9700000US1300330,Bartow County School District,100.000,census_tiger_2023_polygon_intersection,medium,candidate_spatial,ACT,average_composite,20.4,2024-25,51,,official_district_average,official_state_export,georgia_goews_2024_25_scores_crosswalked,high,Georgia GOSA district average; All Students; highest/recent score export.
1600000US1343668,Kingston city,13,9700000US1300330,Bartow County School District,100.000,census_tiger_2023_polygon_intersection,medium,candidate_spatial,SAT,average_composite,1030,2024-25,293,,official_district_average,official_state_export,georgia_goews_2024_25_scores_crosswalked,high,Georgia GOSA district average; All Students; highest/recent score export.
1600000US1382468,White city,13,9700000US1300330,Bartow County School District,100.000,census_tiger_2023_polygon_intersection,medium,candidate_spatial,ACT,average_composite,20.4,2024-25,51,,official_district_average,official_state_export,georgia_goews_2024_25_scores_crosswalked,high,Georgia GOSA district average; All Students; highest/recent score export.
1600000US1382468,White city,13,9700000US1300330,Bartow County School District,100.000,census_tiger_2023_polygon_intersection,medium,candidate_spatial,SAT,average_composite,1030,2024-25,293,,official_district_average,official_state_export,georgia_goews_2024_25_scores_crosswalked,high,Georgia GOSA district average; All Students; highest/recent score export.
1600000US1304084,Attapulgus city,13,9700000US1301710,Decatur County School District,100.000,census_tiger_2023_polygon_intersection,medium,candidate_spatial,ACT,average_composite,20.7,2024-25,32,,official_district_average,official_state_export,georgia_goews_2024_25_scores_crosswalked,high,Georgia GOSA district average; All Students; highest/recent score export.
1600000US1304084,Attapulgus city,13,9700000US1301710,Decatur County School District,100.000,census_tiger_2023_polygon_intersection,medium,candidate_spatial,SAT,average_composite,1041,2024-25,61,,official_district_average,official_state_export,georgia_goews_2024_25_scores_crosswalked,high,Georgia GOSA district average; All Students; highest/recent score export.
1600000US1301052,Albany city,13,9700000US1301830,Dougherty School District,100.000,census_tiger_2023_polygon_intersection,medium,candidate_spatial,ACT,average_composite,16,2024-25,21,,official_district_average,official_state_export,georgia_goews_2024_25_scores_crosswalked,high,Georgia GOSA district average; All Students; highest/recent score export.
1600000US1301052,Albany city,13,9700000US1301830,Dougherty School District,100.000,census_tiger_2023_polygon_intersection,medium,candidate_spatial,SAT,average_composite,848,2024-25,518,,official_district_average,official_state_export,georgia_goews_2024_25_scores_crosswalked,high,Georgia GOSA district average; All Students; highest/recent score export.
1600000US1321380,Dalton city,13,9700000US1301620,Dalton City School District,100.000,census_tiger_2023_polygon_intersection,medium,candidate_spatial,ACT,average_composite,20.6,2024-25,22,,official_district_average,official_state_export,georgia_goews_2024_25_scores_crosswalked,high,Georgia GOSA district average; All Students; highest/recent score export.
1600000US1321380,Dalton city,13,9700000US1301620,Dalton City School District,100.000,census_tiger_2023_polygon_intersection,medium,candidate_spatial,SAT,average_composite,1045,2024-25,116,,official_district_average,official_state_export,georgia_goews_2024_25_scores_crosswalked,high,Georgia GOSA district average; All Students; highest/recent score export.
1600000US1376280,Thomson city,13,9700000US1303570,McDuffie County School District,100.000,census_tiger_2023_polygon_intersection,medium,candidate_spatial,ACT,average_composite,18.2,2024-25,10,,official_district_average,official_state_export,georgia_goews_2024_25_scores_crosswalked,high,Georgia GOSA district average; All Students; highest/recent score export.
1600000US1376280,Thomson city,13,9700000US1303570,McDuffie County School District,100.000,census_tiger_2023_polygon_intersection,medium,candidate_spatial,SAT,average_composite,937.9,2024-25,53,,official_district_average,official_state_export,georgia_goews_2024_25_scores_crosswalked,high,Georgia GOSA district average; All Students; highest/recent score export.
1600000US1357428,Ocilla city,13,9700000US1302910,Irwin County School District,100.000,census_tiger_2023_polygon_intersection,medium,candidate_spatial,ACT,average_composite,18,2024-25,11,,official_district_average,official_state_export,georgia_goews_2024_25_scores_crosswalked,high,Georgia GOSA district average; All Students; highest/recent score export.
1600000US1357428,Ocilla city,13,9700000US1302910,Irwin County School District,100.000,census_tiger_2023_polygon_intersection,medium,candidate_spatial,SAT,average_composite,966,2024-25,35,,official_district_average,official_state_export,georgia_goews_2024_25_scores_crosswalked,high,Georgia GOSA district average; All Students; highest/recent score export.
1600000US1321436,Damascus city,13,9700000US1301920,Early County School District,100.000,census_tiger_2023_polygon_intersection,medium,candidate_spatial,SAT,average_composite,883.4,2024-25,41,,official_district_average,official_state_export,georgia_goews_2024_25_scores_crosswalked,high,Georgia GOSA district average; All Students; highest/recent score export.
1600000US1347336,Lookout Mountain city,13,9700000US1305370,Walker County School District,100.000,census_tiger_2023_polygon_intersection,medium,candidate_spatial,ACT,average_composite,21.1,2024-25,105,,official_district_average,official_state_export,georgia_goews_2024_25_scores_crosswalked,high,Georgia GOSA district average; All Students; highest/recent score export.
1600000US1347336,Lookout Mountain city,13,9700000US1305370,Walker County School District,100.000,census_tiger_2023_polygon_intersection,medium,candidate_spatial,SAT,average_composite,1136.9,2024-25,16,,official_district_average,official_state_export,georgia_goews_2024_25_scores_crosswalked,high,Georgia GOSA district average; All Students; highest/recent score export.
1600000US1367256,Rossville city,13,9700000US1305370,Walker County School District,100.000,census_tiger_2023_polygon_intersection,medium,candidate_spatial,ACT,average_composite,21.1,2024-25,105,,official_district_average,official_state_export,georgia_goews_2024_25_scores_crosswalked,high,Georgia GOSA district average; All Students; highest/recent score export.
1600000US1367256,Rossville city,13,9700000US1305370,Walker County School District,100.000,census_tiger_2023_polygon_intersection,medium,candidate_spatial,SAT,average_composite,1136.9,2024-25,16,,official_district_average,official_state_export,georgia_goews_2024_25_scores_crosswalked,high,Georgia GOSA district average; All Students; highest/recent score export.
1600000US1303124,Arnoldsville city,13,9700000US1303990,Oglethorpe County School District,100.000,census_tiger_2023_polygon_intersection,medium,candidate_spatial,ACT,average_composite,22.4,2024-25,15,,official_district_average,official_state_export,georgia_goews_2024_25_scores_crosswalked,high,Georgia GOSA district average; All Students; highest/recent score export.
1600000US1303124,Arnoldsville city,13,9700000US1303990,Oglethorpe County School District,100.000,census_tiger_2023_polygon_intersection,medium,candidate_spatial,SAT,average_composite,1025.9,2024-25,37,,official_district_average,official_state_export,georgia_goews_2024_25_scores_crosswalked,high,Georgia GOSA district average; All Students; highest/recent score export.
1600000US1384960,Young Harris city,13,9700000US1305070,Towns County School District,100.000,census_tiger_2023_polygon_intersection,medium,candidate_spatial,SAT,average_composite,1149.3,2024-25,15,,official_district_average,official_state_export,georgia_goews_2024_25_scores_crosswalked,high,Georgia GOSA district average; All Students; highest/recent score export.
1600000US1321940,Dawsonville city,13,9700000US1301650,Dawson County School District,100.000,census_tiger_2023_polygon_intersection,medium,candidate_spatial,ACT,average_composite,19.7,2024-25,23,,official_district_average,official_state_export,georgia_goews_2024_25_scores_crosswalked,high,Georgia GOSA district average; All Students; highest/recent score export.
1600000US1321940,Dawsonville city,13,9700000US1301650,Dawson County School District,100.000,census_tiger_2023_polygon_intersection,medium,candidate_spatial,SAT,average_composite,1039.5,2024-25,83,,official_district_average,official_state_export,georgia_goews_2024_25_scores_crosswalked,high,Georgia GOSA district average; All Students; highest/recent score export.
1600000US1302928,Arlington city,13,9700000US1300750,Calhoun County School District,59.820,census_tiger_2023_polygon_intersection,medium,candidate_spatial,ACT,average_composite,13.7,2024-25,13,,official_district_average,official_state_export,georgia_goews_2024_25_scores_crosswalked,high,Georgia GOSA district average; All Students; highest/recent score export.
1600000US1302928,Arlington city,13,9700000US1301920,Early County School District,40.180,census_tiger_2023_polygon_intersection,low,candidate_spatial,SAT,average_composite,883.4,2024-25,41,,official_district_average,official_state_export,georgia_goews_2024_25_scores_crosswalked,high,Georgia GOSA district average; All Students; highest/recent score export.
1600000US1341792,Jakin city,13,9700000US1301920,Early County School District,100.000,census_tiger_2023_polygon_intersection,medium,candidate_spatial,SAT,average_composite,883.4,2024-25,41,,official_district_average,official_state_export,georgia_goews_2024_25_scores_crosswalked,high,Georgia GOSA district average; All Students; highest/recent score export.
1600000US1309488,Bostwick city,13,9700000US1303780,Morgan County School District,100.000,census_tiger_2023_polygon_intersection,medium,candidate_spatial,ACT,average_composite,22.1,2024-25,44,,official_district_average,official_state_export,georgia_goews_2024_25_scores_crosswalked,high,Georgia GOSA district average; All Students; highest/recent score export.
1600000US1309488,Bostwick city,13,9700000US1303780,Morgan County School District,100.000,census_tiger_2023_polygon_intersection,medium,candidate_spatial,SAT,average_composite,1044.8,2024-25,83,,official_district_average,official_state_export,georgia_goews_2024_25_scores_crosswalked,high,Georgia GOSA district average; All Students; highest/recent score export.
1600000US1311672,Buckhead town,13,9700000US1303780,Morgan County School District,100.000,census_tiger_2023_polygon_intersection,medium,candidate_spatial,ACT,average_composite,22.1,2024-25,44,,official_district_average,official_state_export,georgia_goews_2024_25_scores_crosswalked,high,Georgia GOSA district average; All Students; highest/recent score export.
1600000US1311672,Buckhead town,13,9700000US1303780,Morgan County School District,100.000,census_tiger_2023_polygon_intersection,medium,candidate_spatial,SAT,average_composite,1044.8,2024-25,83,,official_district_average,official_state_export,georgia_goews_2024_25_scores_crosswalked,high,Georgia GOSA district average; All Students; highest/recent score export.
1600000US1317328,Cochran city,13,9700000US1300440,Bleckley County School District,100.000,census_tiger_2023_polygon_intersection,medium,candidate_spatial,SAT,average_composite,1100.8,2024-25,49,,official_district_average,official_state_export,georgia_goews_2024_25_scores_crosswalked,high,Georgia GOSA district average; All Students; highest/recent score export.
1600000US1374348,Summertown city,13,9700000US1302040,Emanuel County School District,100.000,census_tiger_2023_polygon_intersection,medium,candidate_spatial,SAT,average_composite,990.4,2024-25,81,,official_district_average,official_state_export,georgia_goews_2024_25_scores_crosswalked,high,Georgia GOSA district average; All Students; highest/recent score export.
1600000US1329528,Fitzgerald city,13,9700000US1302910,Irwin County School District,0.491,census_tiger_2023_polygon_intersection,low,candidate_spatial,ACT,average_composite,18,2024-25,11,,official_district_average,official_state_export,georgia_goews_2024_25_scores_crosswalked,high,Georgia GOSA district average; All Students; highest/recent score export.
1600000US1329528,Fitzgerald city,13,9700000US1302910,Irwin County School District,0.491,census_tiger_2023_polygon_intersection,low,candidate_spatial,SAT,average_composite,966,2024-25,35,,official_district_average,official_state_export,georgia_goews_2024_25_scores_crosswalked,high,Georgia GOSA district average; All Students; highest/recent score export.
1600000US1329528,Fitzgerald city,13,9700000US1300360,Ben Hill County School District,99.509,census_tiger_2023_polygon_intersection,medium,candidate_spatial,SAT,average_composite,982.9,2024-25,31,,official_district_average,official_state_export,georgia_goews_2024_25_scores_crosswalked,high,Georgia GOSA district average; All Students; highest/recent score export.
1600000US1320288,Crawford city,13,9700000US1303990,Oglethorpe County School District,100.000,census_tiger_2023_polygon_intersection,medium,candidate_spatial,ACT,average_composite,22.4,2024-25,15,,official_district_average,official_state_export,georgia_goews_2024_25_scores_crosswalked,high,Georgia GOSA district average; All Students; highest/recent score export.
1600000US1320288,Crawford city,13,9700000US1303990,Oglethorpe County School District,100.000,census_tiger_2023_polygon_intersection,medium,candidate_spatial,SAT,average_composite,1025.9,2024-25,37,,official_district_average,official_state_export,georgia_goews_2024_25_scores_crosswalked,high,Georgia GOSA district average; All Students; highest/recent score export.
1600000US1350260,Maxeys town,13,9700000US1303990,Oglethorpe County School District,100.000,census_tiger_2023_polygon_intersection,medium,candidate_spatial,ACT,average_composite,22.4,2024-25,15,,official_district_average,official_state_export,georgia_goews_2024_25_scores_crosswalked,high,Georgia GOSA district average; All Students; highest/recent score export.
1600000US1350260,Maxeys town,13,9700000US1303990,Oglethorpe County School District,100.000,census_tiger_2023_polygon_intersection,medium,candidate_spatial,SAT,average_composite,1025.9,2024-25,37,,official_district_average,official_state_export,georgia_goews_2024_25_scores_crosswalked,high,Georgia GOSA district average; All Students; highest/recent score export.
1600000US1301024,Alapaha town,13,9700000US1300390,Berrien County School District,100.000,census_tiger_2023_polygon_intersection,medium,candidate_spatial,SAT,average_composite,1057.5,2024-25,61,,official_district_average,official_state_export,georgia_goews_2024_25_scores_crosswalked,high,Georgia GOSA district average; All Students; highest/recent score export.
1600000US1323284,Doerun city,13,9700000US1301380,Colquitt County School District,100.000,census_tiger_2023_polygon_intersection,medium,candidate_spatial,ACT,average_composite,19.3,2024-25,26,,official_district_average,official_state_export,georgia_goews_2024_25_scores_crosswalked,high,Georgia GOSA district average; All Students; highest/recent score export.
1600000US1323284,Doerun city,13,9700000US1301380,Colquitt County School District,100.000,census_tiger_2023_polygon_intersection,medium,candidate_spatial,SAT,average_composite,1023.2,2024-25,116,,official_district_average,official_state_export,georgia_goews_2024_25_scores_crosswalked,high,Georgia GOSA district average; All Students; highest/recent score export.
1600000US1327008,Ellenton town,13,9700000US1301380,Colquitt County School District,100.000,census_tiger_2023_polygon_intersection,medium,candidate_spatial,ACT,average_composite,19.3,2024-25,26,,official_district_average,official_state_export,georgia_goews_2024_25_scores_crosswalked,high,Georgia GOSA district average; All Students; highest/recent score export.
1600000US1327008,Ellenton town,13,9700000US1301380,Colquitt County School District,100.000,census_tiger_2023_polygon_intersection,medium,candidate_spatial,SAT,average_composite,1023.2,2024-25,116,,official_district_average,official_state_export,georgia_goews_2024_25_scores_crosswalked,high,Georgia GOSA district average; All Students; highest/recent score export.
1600000US1320848,Culloden city,13,9700000US1303720,Monroe County School District,100.000,census_tiger_2023_polygon_intersection,medium,candidate_spatial,ACT,average_composite,20.7,2024-25,25,,official_district_average,official_state_export,georgia_goews_2024_25_scores_crosswalked,high,Georgia GOSA district average; All Students; highest/recent score export.
1600000US1320848,Culloden city,13,9700000US1303720,Monroe County School District,100.000,census_tiger_2023_polygon_intersection,medium,candidate_spatial,SAT,average_composite,1040.8,2024-25,92,,official_district_average,official_state_export,georgia_goews_2024_25_scores_crosswalked,high,Georgia GOSA district average; All Students; highest/recent score export.
1600000US1331684,Funston city,13,9700000US1301380,Colquitt County School District,100.000,census_tiger_2023_polygon_intersection,medium,candidate_spatial,ACT,average_composite,19.3,2024-25,26,,official_district_average,official_state_export,georgia_goews_2024_25_scores_crosswalked,high,Georgia GOSA district average; All Students; highest/recent score export.
1600000US1331684,Funston city,13,9700000US1301380,Colquitt County School District,100.000,census_tiger_2023_polygon_intersection,medium,candidate_spatial,SAT,average_composite,1023.2,2024-25,116,,official_district_average,official_state_export,georgia_goews_2024_25_scores_crosswalked,high,Georgia GOSA district average; All Students; highest/recent score export.
1600000US1355860,Norman Park city,13,9700000US1301380,Colquitt County School District,100.000,census_tiger_2023_polygon_intersection,medium,candidate_spatial,ACT,average_composite,19.3,2024-25,26,,official_district_average,official_state_export,georgia_goews_2024_25_scores_crosswalked,high,Georgia GOSA district average; All Students; highest/recent score export.
1600000US1355860,Norman Park city,13,9700000US1301380,Colquitt County School District,100.000,census_tiger_2023_polygon_intersection,medium,candidate_spatial,SAT,average_composite,1023.2,2024-25,116,,official_district_average,official_state_export,georgia_goews_2024_25_scores_crosswalked,high,Georgia GOSA district average; All Students; highest/recent score export.
1600000US1358184,Omega city,13,9700000US1301380,Colquitt County School District,3.607,census_tiger_2023_polygon_intersection,low,candidate_spatial,ACT,average_composite,19.3,2024-25,26,,official_district_average,official_state_export,georgia_goews_2024_25_scores_crosswalked,high,Georgia GOSA district average; All Students; highest/recent score export.
1600000US1358184,Omega city,13,9700000US1301380,Colquitt County School District,3.607,census_tiger_2023_polygon_intersection,low,candidate_spatial,SAT,average_composite,1023.2,2024-25,116,,official_district_average,official_state_export,georgia_goews_2024_25_scores_crosswalked,high,Georgia GOSA district average; All Students; highest/recent score export.
1600000US1358184,Omega city,13,9700000US1304980,Tift County School District,96.393,census_tiger_2023_polygon_intersection,medium,candidate_spatial,SAT,average_composite,1026.3,2024-25,124,,official_district_average,official_state_export,georgia_goews_2024_25_scores_crosswalked,high,Georgia GOSA district average; All Students; highest/recent score export.
1600000US1327932,Eton city,13,9700000US1303840,Murray County School District,100.000,census_tiger_2023_polygon_intersection,medium,candidate_spatial,SAT,average_composite,998.2,2024-25,118,,official_district_average,official_state_export,georgia_goews_2024_25_scores_crosswalked,high,Georgia GOSA district average; All Students; highest/recent score export.
1600000US1315508,Chatsworth city,13,9700000US1303840,Murray County School District,100.000,census_tiger_2023_polygon_intersection,medium,candidate_spatial,SAT,average_composite,998.2,2024-25,118,,official_district_average,official_state_export,georgia_goews_2024_25_scores_crosswalked,high,Georgia GOSA district average; All Students; highest/recent score export.
1600000US1317776,College Park city,13,9700000US1301230,Clayton County School District,25.423,census_tiger_2023_polygon_intersection,low,candidate_spatial,ACT,average_composite,16.9,2024-25,215,,official_district_average,official_state_export,georgia_goews_2024_25_scores_crosswalked,high,Georgia GOSA district average; All Students; highest/recent score export.
1600000US1317776,College Park city,13,9700000US1301230,Clayton County School District,25.423,census_tiger_2023_polygon_intersection,low,candidate_spatial,SAT,average_composite,955.9,2024-25,780,,official_district_average,official_state_export,georgia_goews_2024_25_scores_crosswalked,high,Georgia GOSA district average; All Students; highest/recent score export.
1600000US1317776,College Park city,13,9700000US1302280,Fulton County School District,74.577,census_tiger_2023_polygon_intersection,medium,candidate_spatial,ACT,average_composite,24,2024-25,1303,,official_district_average,official_state_export,georgia_goews_2024_25_scores_crosswalked,high,Georgia GOSA district average; All Students; highest/recent score export.
1600000US1317776,College Park city,13,9700000US1302280,Fulton County School District,74.577,census_tiger_2023_polygon_intersection,medium,candidate_spatial,SAT,average_composite,1034,2024-25,4167.5,,official_district_average,official_state_export,georgia_goews_2024_25_scores_crosswalked,high,Georgia GOSA district average; All Students; highest/recent score export.
1600000US1342604,Jonesboro city,13,9700000US1301230,Clayton County School District,100.000,census_tiger_2023_polygon_intersection,medium,candidate_spatial,ACT,average_composite,16.9,2024-25,215,,official_district_average,official_state_export,georgia_goews_2024_25_scores_crosswalked,high,Georgia GOSA district average; All Students; highest/recent score export.
1600000US1342604,Jonesboro city,13,9700000US1301230,Clayton County School District,100.000,census_tiger_2023_polygon_intersection,medium,candidate_spatial,SAT,average_composite,955.9,2024-25,780,,official_district_average,official_state_export,georgia_goews_2024_25_scores_crosswalked,high,Georgia GOSA district average; All Students; highest/recent score export.
1600000US1347616,Lovejoy city,13,9700000US1301230,Clayton County School District,100.000,census_tiger_2023_polygon_intersection,medium,candidate_spatial,ACT,average_composite,16.9,2024-25,215,,official_district_average,official_state_export,georgia_goews_2024_25_scores_crosswalked,high,Georgia GOSA district average; All Students; highest/recent score export.
1600000US1347616,Lovejoy city,13,9700000US1301230,Clayton County School District,100.000,census_tiger_2023_polygon_intersection,medium,candidate_spatial,SAT,average_composite,955.9,2024-25,780,,official_district_average,official_state_export,georgia_goews_2024_25_scores_crosswalked,high,Georgia GOSA district average; All Students; highest/recent score export.
1600000US1311560,Brunswick city,13,9700000US1302400,Glynn County School District,100.000,census_tiger_2023_polygon_intersection,medium,candidate_spatial,ACT,average_composite,22.1,2024-25,112,,official_district_average,official_state_export,georgia_goews_2024_25_scores_crosswalked,high,Georgia GOSA district average; All Students; highest/recent score export.
1600000US1311560,Brunswick city,13,9700000US1302400,Glynn County School District,100.000,census_tiger_2023_polygon_intersection,medium,candidate_spatial,SAT,average_composite,1088.9,2024-25,258,,official_district_average,official_state_export,georgia_goews_2024_25_scores_crosswalked,high,Georgia GOSA district average; All Students; highest/recent score export.
1600000US1354264,Nashville city,13,9700000US1300390,Berrien County School District,100.000,census_tiger_2023_polygon_intersection,medium,candidate_spatial,SAT,average_composite,1057.5,2024-25,61,,official_district_average,official_state_export,georgia_goews_2024_25_scores_crosswalked,high,Georgia GOSA district average; All Students; highest/recent score export.
1600000US1307304,Berlin city,13,9700000US1301380,Colquitt County School District,100.000,census_tiger_2023_polygon_intersection,medium,candidate_spatial,ACT,average_composite,19.3,2024-25,26,,official_district_average,official_state_export,georgia_goews_2024_25_scores_crosswalked,high,Georgia GOSA district average; All Students; highest/recent score export.
1600000US1307304,Berlin city,13,9700000US1301380,Colquitt County School District,100.000,census_tiger_2023_polygon_intersection,medium,candidate_spatial,SAT,average_composite,1023.2,2024-25,116,,official_district_average,official_state_export,georgia_goews_2024_25_scores_crosswalked,high,Georgia GOSA district average; All Students; highest/recent score export.
1600000US1353060,Moultrie city,13,9700000US1301380,Colquitt County School District,100.000,census_tiger_2023_polygon_intersection,medium,candidate_spatial,ACT,average_composite,19.3,2024-25,26,,official_district_average,official_state_export,georgia_goews_2024_25_scores_crosswalked,high,Georgia GOSA district average; All Students; highest/recent score export.
1600000US1353060,Moultrie city,13,9700000US1301380,Colquitt County School District,100.000,census_tiger_2023_polygon_intersection,medium,candidate_spatial,SAT,average_composite,1023.2,2024-25,116,,official_district_average,official_state_export,georgia_goews_2024_25_scores_crosswalked,high,Georgia GOSA district average; All Students; highest/recent score export.
1600000US1323872,Douglas city,13,9700000US1301350,Coffee County School District,100.000,census_tiger_2023_polygon_intersection,medium,candidate_spatial,ACT,average_composite,19,2024-25,44,,official_district_average,official_state_export,georgia_goews_2024_25_scores_crosswalked,high,Georgia GOSA district average; All Students; highest/recent score export.
1600000US1323872,Douglas city,13,9700000US1301350,Coffee County School District,100.000,census_tiger_2023_polygon_intersection,medium,candidate_spatial,SAT,average_composite,995.9,2024-25,104,,official_district_average,official_state_export,georgia_goews_2024_25_scores_crosswalked,high,Georgia GOSA district average; All Students; highest/recent score export.
1600000US1355440,Nicholls city,13,9700000US1301350,Coffee County School District,100.000,census_tiger_2023_polygon_intersection,medium,candidate_spatial,ACT,average_composite,19,2024-25,44,,official_district_average,official_state_export,georgia_goews_2024_25_scores_crosswalked,high,Georgia GOSA district average; All Students; highest/recent score export.
1600000US1355440,Nicholls city,13,9700000US1301350,Coffee County School District,100.000,census_tiger_2023_polygon_intersection,medium,candidate_spatial,SAT,average_composite,995.9,2024-25,104,,official_district_average,official_state_export,georgia_goews_2024_25_scores_crosswalked,high,Georgia GOSA district average; All Students; highest/recent score export.
1600000US1326084,Eatonton city,13,9700000US1304260,Putnam County School District,100.000,census_tiger_2023_polygon_intersection,medium,candidate_spatial,ACT,average_composite,17.2,2024-25,18,,official_district_average,official_state_export,georgia_goews_2024_25_scores_crosswalked,high,Georgia GOSA district average; All Students; highest/recent score export.
1600000US1326084,Eatonton city,13,9700000US1304260,Putnam County School District,100.000,census_tiger_2023_polygon_intersection,medium,candidate_spatial,SAT,average_composite,993.1,2024-25,29,,official_district_average,official_state_export,georgia_goews_2024_25_scores_crosswalked,high,Georgia GOSA district average; All Students; highest/recent score export.
1600000US1335800,Gumbranch city,13,9700000US1303300,Liberty County School District,100.000,census_tiger_2023_polygon_intersection,medium,candidate_spatial,ACT,average_composite,18.3,2024-25,89,,official_district_average,official_state_export,georgia_goews_2024_25_scores_crosswalked,high,Georgia GOSA district average; All Students; highest/recent score export.
1600000US1335800,Gumbranch city,13,9700000US1303300,Liberty County School District,100.000,census_tiger_2023_polygon_intersection,medium,candidate_spatial,SAT,average_composite,978.5,2024-25,156,,official_district_average,official_state_export,georgia_goews_2024_25_scores_crosswalked,high,Georgia GOSA district average; All Students; highest/recent score export.
1600000US1338964,Hinesville city,13,9700000US1303300,Liberty County School District,100.000,census_tiger_2023_polygon_intersection,medium,candidate_spatial,ACT,average_composite,18.3,2024-25,89,,official_district_average,official_state_export,georgia_goews_2024_25_scores_crosswalked,high,Georgia GOSA district average; All Students; highest/recent score export.
1600000US1338964,Hinesville city,13,9700000US1303300,Liberty County School District,100.000,census_tiger_2023_polygon_intersection,medium,candidate_spatial,SAT,average_composite,978.5,2024-25,156,,official_district_average,official_state_export,georgia_goews_2024_25_scores_crosswalked,high,Georgia GOSA district average; All Students; highest/recent score export.
1600000US1373256,Statesboro city,13,9700000US1300630,Bulloch County School District,100.000,census_tiger_2023_polygon_intersection,medium,candidate_spatial,ACT,average_composite,19.2,2024-25,33,,official_district_average,official_state_export,georgia_goews_2024_25_scores_crosswalked,high,Georgia GOSA district average; All Students; highest/recent score export.
1600000US1373256,Statesboro city,13,9700000US1300630,Bulloch County School District,100.000,census_tiger_2023_polygon_intersection,medium,candidate_spatial,SAT,average_composite,1066.6,2024-25,169,,official_district_average,official_state_export,georgia_goews_2024_25_scores_crosswalked,high,Georgia GOSA district average; All Students; highest/recent score export.
1600000US1326980,Ellaville city,13,9700000US1304470,Schley County School District,100.000,census_tiger_2023_polygon_intersection,medium,candidate_spatial,ACT,average_composite,20.4,2024-25,17,,official_district_average,official_state_export,georgia_goews_2024_25_scores_crosswalked,high,Georgia GOSA district average; All Students; highest/recent score export.
1600000US1326980,Ellaville city,13,9700000US1304470,Schley County School District,100.000,census_tiger_2023_polygon_intersection,medium,candidate_spatial,SAT,average_composite,979.4,2024-25,18,,official_district_average,official_state_export,georgia_goews_2024_25_scores_crosswalked,high,Georgia GOSA district average; All Students; highest/recent score export.
1600000US1353004,Morrow city,13,9700000US1301230,Clayton County School District,100.000,census_tiger_2023_polygon_intersection,medium,candidate_spatial,ACT,average_composite,16.9,2024-25,215,,official_district_average,official_state_export,georgia_goews_2024_25_scores_crosswalked,high,Georgia GOSA district average; All Students; highest/recent score export.
1600000US1353004,Morrow city,13,9700000US1301230,Clayton County School District,100.000,census_tiger_2023_polygon_intersection,medium,candidate_spatial,SAT,average_composite,955.9,2024-25,780,,official_district_average,official_state_export,georgia_goews_2024_25_scores_crosswalked,high,Georgia GOSA district average; All Students; highest/recent score export.
1600000US1310860,Bronwood town,13,9700000US1304860,Terrell County School District,100.000,census_tiger_2023_polygon_intersection,medium,candidate_spatial,SAT,average_composite,834.8,2024-25,21,,official_district_average,official_state_export,georgia_goews_2024_25_scores_crosswalked,high,Georgia GOSA district average; All Students; highest/recent score export.
1600000US1321912,Dawson city,13,9700000US1304860,Terrell County School District,100.000,census_tiger_2023_polygon_intersection,medium,candidate_spatial,SAT,average_composite,834.8,2024-25,21,,official_district_average,official_state_export,georgia_goews_2024_25_scores_crosswalked,high,Georgia GOSA district average; All Students; highest/recent score export.
1600000US1359416,Parrott town,13,9700000US1304860,Terrell County School District,100.000,census_tiger_2023_polygon_intersection,medium,candidate_spatial,SAT,average_composite,834.8,2024-25,21,,official_district_average,official_state_export,georgia_goews_2024_25_scores_crosswalked,high,Georgia GOSA district average; All Students; highest/recent score export.
1600000US1304140,Auburn city,13,9700000US1300290,Barrow County School District,97.841,census_tiger_2023_polygon_intersection,medium,candidate_spatial,ACT,average_composite,20,2024-25,40,,official_district_average,official_state_export,georgia_goews_2024_25_scores_crosswalked,high,Georgia GOSA district average; All Students; highest/recent score export.
1600000US1304140,Auburn city,13,9700000US1300290,Barrow County School District,97.841,census_tiger_2023_polygon_intersection,medium,candidate_spatial,SAT,average_composite,1026.7,2024-25,251,,official_district_average,official_state_export,georgia_goews_2024_25_scores_crosswalked,high,Georgia GOSA district average; All Students; highest/recent score export.
1600000US1304140,Auburn city,13,9700000US1302550,Gwinnett County School District,2.159,census_tiger_2023_polygon_intersection,low,candidate_spatial,ACT,average_composite,22.8,2024-25,920,,official_district_average,official_state_export,georgia_goews_2024_25_scores_crosswalked,high,Georgia GOSA district average; All Students; highest/recent score export.
1600000US1304140,Auburn city,13,9700000US1302550,Gwinnett County School District,2.159,census_tiger_2023_polygon_intersection,low,candidate_spatial,SAT,average_composite,1109.9,2024-25,4964,,official_district_average,official_state_export,georgia_goews_2024_25_scores_crosswalked,high,Georgia GOSA district average; All Students; highest/recent score export.
1600000US1310076,Braselton town,13,9700000US1300290,Barrow County School District,21.403,census_tiger_2023_polygon_intersection,low,candidate_spatial,ACT,average_composite,20,2024-25,40,,official_district_average,official_state_export,georgia_goews_2024_25_scores_crosswalked,high,Georgia GOSA district average; All Students; highest/recent score export.
1600000US1310076,Braselton town,13,9700000US1300290,Barrow County School District,21.403,census_tiger_2023_polygon_intersection,low,candidate_spatial,SAT,average_composite,1026.7,2024-25,251,,official_district_average,official_state_export,georgia_goews_2024_25_scores_crosswalked,high,Georgia GOSA district average; All Students; highest/recent score export.
1600000US1310076,Braselton town,13,9700000US1302940,Jackson County School District,41.599,census_tiger_2023_polygon_intersection,low,candidate_spatial,ACT,average_composite,20.7,2024-25,145,,official_district_average,official_state_export,georgia_goews_2024_25_scores_crosswalked,high,Georgia GOSA district average; All Students; highest/recent score export.
1600000US1310076,Braselton town,13,9700000US1302940,Jackson County School District,41.599,census_tiger_2023_polygon_intersection,low,candidate_spatial,SAT,average_composite,1061.6,2024-25,197,,official_district_average,official_state_export,georgia_goews_2024_25_scores_crosswalked,high,Georgia GOSA district average; All Students; highest/recent score export.
1600000US1310076,Braselton town,13,9700000US1302550,Gwinnett County School District,24.022,census_tiger_2023_polygon_intersection,low,candidate_spatial,ACT,average_composite,22.8,2024-25,920,,official_district_average,official_state_export,georgia_goews_2024_25_scores_crosswalked,high,Georgia GOSA district average; All Students; highest/recent score export.
1600000US1310076,Braselton town,13,9700000US1302550,Gwinnett County School District,24.022,census_tiger_2023_polygon_intersection,low,candidate_spatial,SAT,average_composite,1109.9,2024-25,4964,,official_district_average,official_state_export,georgia_goews_2024_25_scores_crosswalked,high,Georgia GOSA district average; All Students; highest/recent score export.
1600000US1310076,Braselton town,13,9700000US1302610,Hall County School District,12.976,census_tiger_2023_polygon_intersection,low,candidate_spatial,ACT,average_composite,20.8,2024-25,85,,official_district_average,official_state_export,georgia_goews_2024_25_scores_crosswalked,high,Georgia GOSA district average; All Students; highest/recent score export.
1600000US1310076,Braselton town,13,9700000US1302610,Hall County School District,12.976,census_tiger_2023_polygon_intersection,low,candidate_spatial,SAT,average_composite,1038.5,2024-25,611,,official_district_average,official_state_export,georgia_goews_2024_25_scores_crosswalked,high,Georgia GOSA district average; All Students; highest/recent score export.
1600000US1383420,Winder city,13,9700000US1300290,Barrow County School District,100.000,census_tiger_2023_polygon_intersection,medium,candidate_spatial,ACT,average_composite,20,2024-25,40,,official_district_average,official_state_export,georgia_goews_2024_25_scores_crosswalked,high,Georgia GOSA district average; All Students; highest/recent score export.
1600000US1383420,Winder city,13,9700000US1300290,Barrow County School District,100.000,census_tiger_2023_polygon_intersection,medium,candidate_spatial,SAT,average_composite,1026.7,2024-25,251,,official_district_average,official_state_export,georgia_goews_2024_25_scores_crosswalked,high,Georgia GOSA district average; All Students; highest/recent score export.
1600000US1311784,Buford city,13,9700000US1300600,Buford City School District,98.378,census_tiger_2023_polygon_intersection,medium,candidate_spatial,ACT,average_composite,23.7,2024-25,75,,official_district_average,official_state_export,georgia_goews_2024_25_scores_crosswalked,high,Georgia GOSA district average; All Students; highest/recent score export.
1600000US1311784,Buford city,13,9700000US1300600,Buford City School District,98.378,census_tiger_2023_polygon_intersection,medium,candidate_spatial,SAT,average_composite,1113.3,2024-25,213,,official_district_average,official_state_export,georgia_goews_2024_25_scores_crosswalked,high,Georgia GOSA district average; All Students; highest/recent score export.
1600000US1311784,Buford city,13,9700000US1302550,Gwinnett County School District,0.505,census_tiger_2023_polygon_intersection,low,candidate_spatial,ACT,average_composite,22.8,2024-25,920,,official_district_average,official_state_export,georgia_goews_2024_25_scores_crosswalked,high,Georgia GOSA district average; All Students; highest/recent score export.
1600000US1311784,Buford city,13,9700000US1302550,Gwinnett County School District,0.505,census_tiger_2023_polygon_intersection,low,candidate_spatial,SAT,average_composite,1109.9,2024-25,4964,,official_district_average,official_state_export,georgia_goews_2024_25_scores_crosswalked,high,Georgia GOSA district average; All Students; highest/recent score export.
1600000US1311784,Buford city,13,9700000US1302610,Hall County School District,1.117,census_tiger_2023_polygon_intersection,low,candidate_spatial,ACT,average_composite,20.8,2024-25,85,,official_district_average,official_state_export,georgia_goews_2024_25_scores_crosswalked,high,Georgia GOSA district average; All Students; highest/recent score export.
1600000US1311784,Buford city,13,9700000US1302610,Hall County School District,1.117,census_tiger_2023_polygon_intersection,low,candidate_spatial,SAT,average_composite,1038.5,2024-25,611,,official_district_average,official_state_export,georgia_goews_2024_25_scores_crosswalked,high,Georgia GOSA district average; All Students; highest/recent score export.
1600000US1330340,Flowery Branch city,13,9700000US1302610,Hall County School District,100.000,census_tiger_2023_polygon_intersection,medium,candidate_spatial,ACT,average_composite,20.8,2024-25,85,,official_district_average,official_state_export,georgia_goews_2024_25_scores_crosswalked,high,Georgia GOSA district average; All Students; highest/recent score export.
1600000US1330340,Flowery Branch city,13,9700000US1302610,Hall County School District,100.000,census_tiger_2023_polygon_intersection,medium,candidate_spatial,SAT,average_composite,1038.5,2024-25,611,,official_district_average,official_state_export,georgia_goews_2024_25_scores_crosswalked,high,Georgia GOSA district average; All Students; highest/recent score export.
1600000US1347896,Lula city,13,9700000US1302610,Hall County School District,87.483,census_tiger_2023_polygon_intersection,medium,candidate_spatial,ACT,average_composite,20.8,2024-25,85,,official_district_average,official_state_export,georgia_goews_2024_25_scores_crosswalked,high,Georgia GOSA district average; All Students; highest/recent score export.
1600000US1347896,Lula city,13,9700000US1302610,Hall County School District,87.483,census_tiger_2023_polygon_intersection,medium,candidate_spatial,SAT,average_composite,1038.5,2024-25,611,,official_district_average,official_state_export,georgia_goews_2024_25_scores_crosswalked,high,Georgia GOSA district average; All Students; highest/recent score export.
1600000US1347896,Lula city,13,9700000US1300240,Banks County School District,12.517,census_tiger_2023_polygon_intersection,low,candidate_spatial,SAT,average_composite,994.2,2024-25,57,,official_district_average,official_state_export,georgia_goews_2024_25_scores_crosswalked,high,Georgia GOSA district average; All Students; highest/recent score export.
1600000US1382412,Whigham city,13,9700000US1302460,Grady County School District,100.000,census_tiger_2023_polygon_intersection,medium,candidate_spatial,ACT,average_composite,17.7,2024-25,13,,official_district_average,official_state_export,georgia_goews_2024_25_scores_crosswalked,high,Georgia GOSA district average; All Students; highest/recent score export.
1600000US1382412,Whigham city,13,9700000US1302460,Grady County School District,100.000,census_tiger_2023_polygon_intersection,medium,candidate_spatial,SAT,average_composite,959.7,2024-25,79,,official_district_average,official_state_export,georgia_goews_2024_25_scores_crosswalked,high,Georgia GOSA district average; All Students; highest/recent score export.
1600000US1302648,Arcade city,13,9700000US1302940,Jackson County School District,100.000,census_tiger_2023_polygon_intersection,medium,candidate_spatial,ACT,average_composite,20.7,2024-25,145,,official_district_average,official_state_export,georgia_goews_2024_25_scores_crosswalked,high,Georgia GOSA district average; All Students; highest/recent score export.
1600000US1302648,Arcade city,13,9700000US1302940,Jackson County School District,100.000,census_tiger_2023_polygon_intersection,medium,candidate_spatial,SAT,average_composite,1061.6,2024-25,197,,official_district_average,official_state_export,georgia_goews_2024_25_scores_crosswalked,high,Georgia GOSA district average; All Students; highest/recent score export.
1600000US1350484,Maysville town,13,9700000US1302940,Jackson County School District,52.304,census_tiger_2023_polygon_intersection,medium,candidate_spatial,ACT,average_composite,20.7,2024-25,145,,official_district_average,official_state_export,georgia_goews_2024_25_scores_crosswalked,high,Georgia GOSA district average; All Students; highest/recent score export.
1600000US1350484,Maysville town,13,9700000US1302940,Jackson County School District,52.304,census_tiger_2023_polygon_intersection,medium,candidate_spatial,SAT,average_composite,1061.6,2024-25,197,,official_district_average,official_state_export,georgia_goews_2024_25_scores_crosswalked,high,Georgia GOSA district average; All Students; highest/recent score export.
1600000US1350484,Maysville town,13,9700000US1300240,Banks County School District,47.696,census_tiger_2023_polygon_intersection,low,candidate_spatial,SAT,average_composite,994.2,2024-25,57,,official_district_average,official_state_export,georgia_goews_2024_25_scores_crosswalked,high,Georgia GOSA district average; All Students; highest/recent score export.
1600000US1355468,Nicholson city,13,9700000US1302940,Jackson County School District,100.000,census_tiger_2023_polygon_intersection,medium,candidate_spatial,ACT,average_composite,20.7,2024-25,145,,official_district_average,official_state_export,georgia_goews_2024_25_scores_crosswalked,high,Georgia GOSA district average; All Students; highest/recent score export.
1600000US1355468,Nicholson city,13,9700000US1302940,Jackson County School District,100.000,census_tiger_2023_polygon_intersection,medium,candidate_spatial,SAT,average_composite,1061.6,2024-25,197,,official_district_average,official_state_export,georgia_goews_2024_25_scores_crosswalked,high,Georgia GOSA district average; All Students; highest/recent score export.
1600000US1337144,Hartwell city,13,9700000US1302730,Hart County School District,100.000,census_tiger_2023_polygon_intersection,medium,candidate_spatial,SAT,average_composite,1023.7,2024-25,89,,official_district_average,official_state_export,georgia_goews_2024_25_scores_crosswalked,high,Georgia GOSA district average; All Students; highest/recent score export.
1600000US1330732,Forsyth city,13,9700000US1303720,Monroe County School District,100.000,census_tiger_2023_polygon_intersection,medium,candidate_spatial,ACT,average_composite,20.7,2024-25,25,,official_district_average,official_state_export,georgia_goews_2024_25_scores_crosswalked,high,Georgia GOSA district average; All Students; highest/recent score export.
1600000US1330732,Forsyth city,13,9700000US1303720,Monroe County School District,100.000,census_tiger_2023_polygon_intersection,medium,candidate_spatial,SAT,average_composite,1040.8,2024-25,92,,official_district_average,official_state_export,georgia_goews_2024_25_scores_crosswalked,high,Georgia GOSA district average; All Students; highest/recent score export.
1600000US1373784,Stonecrest city,13,9700000US1301740,DeKalb County School District,100.000,census_tiger_2023_polygon_intersection,medium,candidate_spatial,ACT,average_composite,21.6,2024-25,602,,official_district_average,official_state_export,georgia_goews_2024_25_scores_crosswalked,high,Georgia GOSA district average; All Students; highest/recent score export.
1600000US1373784,Stonecrest city,13,9700000US1301740,DeKalb County School District,100.000,census_tiger_2023_polygon_intersection,medium,candidate_spatial,SAT,average_composite,922.6,2024-25,4213.5,,official_district_average,official_state_export,georgia_goews_2024_25_scores_crosswalked,high,Georgia GOSA district average; All Students; highest/recent score export.
1600000US1302364,Antioch CDP,13,9700000US1302700,Harris County School District,100.000,census_tiger_2023_polygon_intersection,medium,candidate_spatial,ACT,average_composite,21.5,2024-25,44,,official_district_average,official_state_export,georgia_goews_2024_25_scores_crosswalked,high,Georgia GOSA district average; All Students; highest/recent score export.
1600000US1302364,Antioch CDP,13,9700000US1302700,Harris County School District,100.000,census_tiger_2023_polygon_intersection,medium,candidate_spatial,SAT,average_composite,1109.8,2024-25,107,,official_district_average,official_state_export,georgia_goews_2024_25_scores_crosswalked,high,Georgia GOSA district average; All Students; highest/recent score export.
1600000US1302536,Appling CDP,13,9700000US1301410,Columbia County School District,100.000,census_tiger_2023_polygon_intersection,medium,candidate_spatial,ACT,average_composite,22.4,2024-25,165,,official_district_average,official_state_export,georgia_goews_2024_25_scores_crosswalked,high,Georgia GOSA district average; All Students; highest/recent score export.
1600000US1302536,Appling CDP,13,9700000US1301410,Columbia County School District,100.000,census_tiger_2023_polygon_intersection,medium,candidate_spatial,SAT,average_composite,1072.3,2024-25,837,,official_district_average,official_state_export,georgia_goews_2024_25_scores_crosswalked,high,Georgia GOSA district average; All Students; highest/recent score export.
1600000US1304700,Axson CDP,13,9700000US1300090,Atkinson County School District,100.000,census_tiger_2023_polygon_intersection,medium,candidate_spatial,SAT,average_composite,1033,2024-25,10,,official_district_average,official_state_export,georgia_goews_2024_25_scores_crosswalked,high,Georgia GOSA district average; All Students; highest/recent score export.
1600000US1306884,Belvedere Park CDP,13,9700000US1301740,DeKalb County School District,100.000,census_tiger_2023_polygon_intersection,medium,candidate_spatial,ACT,average_composite,21.6,2024-25,602,,official_district_average,official_state_export,georgia_goews_2024_25_scores_crosswalked,high,Georgia GOSA district average; All Students; highest/recent score export.
1600000US1306884,Belvedere Park CDP,13,9700000US1301740,DeKalb County School District,100.000,census_tiger_2023_polygon_intersection,medium,candidate_spatial,SAT,average_composite,922.6,2024-25,4213.5,,official_district_average,official_state_export,georgia_goews_2024_25_scores_crosswalked,high,Georgia GOSA district average; All Students; highest/recent score export.
1600000US1306968,Bemiss CDP,13,9700000US1303390,Lowndes County School District,100.000,census_tiger_2023_polygon_intersection,medium,candidate_spatial,ACT,average_composite,20.6,2024-25,57,,official_district_average,official_state_export,georgia_goews_2024_25_scores_crosswalked,high,Georgia GOSA district average; All Students; highest/recent score export.
1600000US1306968,Bemiss CDP,13,9700000US1303390,Lowndes County School District,100.000,census_tiger_2023_polygon_intersection,medium,candidate_spatial,SAT,average_composite,1058.9,2024-25,255,,official_district_average,official_state_export,georgia_goews_2024_25_scores_crosswalked,high,Georgia GOSA district average; All Students; highest/recent score export.
1600000US1307380,Berry College CDP,13,9700000US1302190,Floyd County School District,100.000,census_tiger_2023_polygon_intersection,medium,candidate_spatial,ACT,average_composite,20.6,2024-25,85,,official_district_average,official_state_export,georgia_goews_2024_25_scores_crosswalked,high,Georgia GOSA district average; All Students; highest/recent score export.
1600000US1307380,Berry College CDP,13,9700000US1302190,Floyd County School District,100.000,census_tiger_2023_polygon_intersection,medium,candidate_spatial,SAT,average_composite,1072.9,2024-25,125,,official_district_average,official_state_export,georgia_goews_2024_25_scores_crosswalked,high,Georgia GOSA district average; All Students; highest/recent score export.
1600000US1309152,Bolingbroke CDP,13,9700000US1303720,Monroe County School District,100.000,census_tiger_2023_polygon_intersection,medium,candidate_spatial,ACT,average_composite,20.7,2024-25,25,,official_district_average,official_state_export,georgia_goews_2024_25_scores_crosswalked,high,Georgia GOSA district average; All Students; highest/recent score export.
1600000US1309152,Bolingbroke CDP,13,9700000US1303720,Monroe County School District,100.000,census_tiger_2023_polygon_intersection,medium,candidate_spatial,SAT,average_composite,1040.8,2024-25,92,,official_district_average,official_state_export,georgia_goews_2024_25_scores_crosswalked,high,Georgia GOSA district average; All Students; highest/recent score export.
1600000US1309272,Bonanza CDP,13,9700000US1301230,Clayton County School District,100.000,census_tiger_2023_polygon_intersection,medium,candidate_spatial,ACT,average_composite,16.9,2024-25,215,,official_district_average,official_state_export,georgia_goews_2024_25_scores_crosswalked,high,Georgia GOSA district average; All Students; highest/recent score export.
1600000US1309272,Bonanza CDP,13,9700000US1301230,Clayton County School District,100.000,census_tiger_2023_polygon_intersection,medium,candidate_spatial,SAT,average_composite,955.9,2024-25,780,,official_district_average,official_state_export,georgia_goews_2024_25_scores_crosswalked,high,Georgia GOSA district average; All Students; highest/recent score export.
1600000US1309768,Box Springs CDP,13,9700000US1304650,Talbot County School District,100.000,census_tiger_2023_polygon_intersection,medium,candidate_spatial,SAT,average_composite,786.3,2024-25,24,,official_district_average,official_state_export,georgia_goews_2024_25_scores_crosswalked,high,Georgia GOSA district average; All Students; highest/recent score export.
1600000US1309852,Boykin CDP,13,9700000US1303660,Miller County School District,100.000,census_tiger_2023_polygon_intersection,medium,candidate_spatial,SAT,average_composite,928.9,2024-25,18,,official_district_average,official_state_export,georgia_goews_2024_25_scores_crosswalked,high,Georgia GOSA district average; All Students; highest/recent score export.
1600000US1310664,Bristol CDP,13,9700000US1304140,Pierce County School District,100.000,census_tiger_2023_polygon_intersection,medium,candidate_spatial,ACT,average_composite,19.9,2024-25,15,,official_district_average,official_state_export,georgia_goews_2024_25_scores_crosswalked,high,Georgia GOSA district average; All Students; highest/recent score export.
1600000US1310664,Bristol CDP,13,9700000US1304140,Pierce County School District,100.000,census_tiger_2023_polygon_intersection,medium,candidate_spatial,SAT,average_composite,1084.6,2024-25,56,,official_district_average,official_state_export,georgia_goews_2024_25_scores_crosswalked,high,Georgia GOSA district average; All Students; highest/recent score export.
1600000US1311626,Buckhead CDP,13,9700000US1300570,Bryan County School District,100.000,census_tiger_2023_polygon_intersection,medium,candidate_spatial,ACT,average_composite,20.5,2024-25,49,,official_district_average,official_state_export,georgia_goews_2024_25_scores_crosswalked,high,Georgia GOSA district average; All Students; highest/recent score export.
1600000US1311626,Buckhead CDP,13,9700000US1300570,Bryan County School District,100.000,census_tiger_2023_polygon_intersection,medium,candidate_spatial,SAT,average_composite,1056.5,2024-25,302,,official_district_average,official_state_export,georgia_goews_2024_25_scores_crosswalked,high,Georgia GOSA district average; All Students; highest/recent score export.
1600000US1312484,Calvary CDP,13,9700000US1302460,Grady County School District,100.000,census_tiger_2023_polygon_intersection,medium,candidate_spatial,ACT,average_composite,17.7,2024-25,13,,official_district_average,official_state_export,georgia_goews_2024_25_scores_crosswalked,high,Georgia GOSA district average; All Students; highest/recent score export.
1600000US1312484,Calvary CDP,13,9700000US1302460,Grady County School District,100.000,census_tiger_2023_polygon_intersection,medium,candidate_spatial,SAT,average_composite,959.7,2024-25,79,,official_district_average,official_state_export,georgia_goews_2024_25_scores_crosswalked,high,Georgia GOSA district average; All Students; highest/recent score export.
1600000US1312834,Candler-McAfee CDP,13,9700000US1301740,DeKalb County School District,100.000,census_tiger_2023_polygon_intersection,medium,candidate_spatial,ACT,average_composite,21.6,2024-25,602,,official_district_average,official_state_export,georgia_goews_2024_25_scores_crosswalked,high,Georgia GOSA district average; All Students; highest/recent score export.
1600000US1312834,Candler-McAfee CDP,13,9700000US1301740,DeKalb County School District,100.000,census_tiger_2023_polygon_intersection,medium,candidate_spatial,SAT,average_composite,922.6,2024-25,4213.5,,official_district_average,official_state_export,georgia_goews_2024_25_scores_crosswalked,high,Georgia GOSA district average; All Students; highest/recent score export.
1600000US1312960,Canoochee CDP,13,9700000US1302040,Emanuel County School District,100.000,census_tiger_2023_polygon_intersection,medium,candidate_spatial,SAT,average_composite,990.4,2024-25,81,,official_district_average,official_state_export,georgia_goews_2024_25_scores_crosswalked,high,Georgia GOSA district average; All Students; highest/recent score export.
1600000US1314024,Cataula CDP,13,9700000US1302700,Harris County School District,100.000,census_tiger_2023_polygon_intersection,medium,candidate_spatial,ACT,average_composite,21.5,2024-25,44,,official_district_average,official_state_export,georgia_goews_2024_25_scores_crosswalked,high,Georgia GOSA district average; All Students; highest/recent score export.
1600000US1314024,Cataula CDP,13,9700000US1302700,Harris County School District,100.000,census_tiger_2023_polygon_intersection,medium,candidate_spatial,SAT,average_composite,1109.8,2024-25,107,,official_district_average,official_state_export,georgia_goews_2024_25_scores_crosswalked,high,Georgia GOSA district average; All Students; highest/recent score export.
1600000US1314472,Cedar Springs CDP,13,9700000US1301920,Early County School District,100.000,census_tiger_2023_polygon_intersection,medium,candidate_spatial,SAT,average_composite,883.4,2024-25,41,,official_district_average,official_state_export,georgia_goews_2024_25_scores_crosswalked,high,Georgia GOSA district average; All Students; highest/recent score export.
1600000US1315585,Chattanooga Valley CDP,13,9700000US1305370,Walker County School District,100.000,census_tiger_2023_polygon_intersection,medium,candidate_spatial,ACT,average_composite,21.1,2024-25,105,,official_district_average,official_state_export,georgia_goews_2024_25_scores_crosswalked,high,Georgia GOSA district average; All Students; highest/recent score export.
1600000US1315585,Chattanooga Valley CDP,13,9700000US1305370,Walker County School District,100.000,census_tiger_2023_polygon_intersection,medium,candidate_spatial,SAT,average_composite,1136.9,2024-25,16,,official_district_average,official_state_export,georgia_goews_2024_25_scores_crosswalked,high,Georgia GOSA district average; All Students; highest/recent score export.
1600000US1315844,Cherry Log CDP,13,9700000US1302340,Gilmer County School District,100.000,census_tiger_2023_polygon_intersection,medium,candidate_spatial,ACT,average_composite,19.9,2024-25,73,,official_district_average,official_state_export,georgia_goews_2024_25_scores_crosswalked,high,Georgia GOSA district average; All Students; highest/recent score export.
1600000US1315844,Cherry Log CDP,13,9700000US1302340,Gilmer County School District,100.000,census_tiger_2023_polygon_intersection,medium,candidate_spatial,SAT,average_composite,1033.9,2024-25,66,,official_district_average,official_state_export,georgia_goews_2024_25_scores_crosswalked,high,Georgia GOSA district average; All Students; highest/recent score export.
1600000US1317132,Clyattville CDP,13,9700000US1303390,Lowndes County School District,100.000,census_tiger_2023_polygon_intersection,medium,candidate_spatial,ACT,average_composite,20.6,2024-25,57,,official_district_average,official_state_export,georgia_goews_2024_25_scores_crosswalked,high,Georgia GOSA district average; All Students; highest/recent score export.
1600000US1317132,Clyattville CDP,13,9700000US1303390,Lowndes County School District,100.000,census_tiger_2023_polygon_intersection,medium,candidate_spatial,SAT,average_composite,1058.9,2024-25,255,,official_district_average,official_state_export,georgia_goews_2024_25_scores_crosswalked,high,Georgia GOSA district average; All Students; highest/recent score export.
1600000US1319280,Conley CDP,13,9700000US1301230,Clayton County School District,100.000,census_tiger_2023_polygon_intersection,medium,candidate_spatial,ACT,average_composite,16.9,2024-25,215,,official_district_average,official_state_export,georgia_goews_2024_25_scores_crosswalked,high,Georgia GOSA district average; All Students; highest/recent score export.
1600000US1319280,Conley CDP,13,9700000US1301230,Clayton County School District,100.000,census_tiger_2023_polygon_intersection,medium,candidate_spatial,SAT,average_composite,955.9,2024-25,780,,official_district_average,official_state_export,georgia_goews_2024_25_scores_crosswalked,high,Georgia GOSA district average; All Students; highest/recent score export.
1600000US1319830,Country Club Estates CDP,13,9700000US1302400,Glynn County School District,100.000,census_tiger_2023_polygon_intersection,medium,candidate_spatial,ACT,average_composite,22.1,2024-25,112,,official_district_average,official_state_export,georgia_goews_2024_25_scores_crosswalked,high,Georgia GOSA district average; All Students; highest/recent score export.
1600000US1319830,Country Club Estates CDP,13,9700000US1302400,Glynn County School District,100.000,census_tiger_2023_polygon_intersection,medium,candidate_spatial,SAT,average_composite,1088.9,2024-25,258,,official_district_average,official_state_export,georgia_goews_2024_25_scores_crosswalked,high,Georgia GOSA district average; All Students; highest/recent score export.
1600000US1320372,Crescent CDP,13,9700000US1303600,McIntosh County School District,100.000,census_tiger_2023_polygon_intersection,medium,candidate_spatial,SAT,average_composite,928,2024-25,15,,official_district_average,official_state_export,georgia_goews_2024_25_scores_crosswalked,high,Georgia GOSA district average; All Students; highest/recent score export.
1600000US1320550,Crooked Creek CDP,13,9700000US1304260,Putnam County School District,100.000,census_tiger_2023_polygon_intersection,medium,candidate_spatial,ACT,average_composite,17.2,2024-25,18,,official_district_average,official_state_export,georgia_goews_2024_25_scores_crosswalked,high,Georgia GOSA district average; All Students; highest/recent score export.
1600000US1320550,Crooked Creek CDP,13,9700000US1304260,Putnam County School District,100.000,census_tiger_2023_polygon_intersection,medium,candidate_spatial,SAT,average_composite,993.1,2024-25,29,,official_district_average,official_state_export,georgia_goews_2024_25_scores_crosswalked,high,Georgia GOSA district average; All Students; highest/recent score export.
1600000US1322080,Deenwood CDP,13,9700000US1305430,Ware County School District,100.000,census_tiger_2023_polygon_intersection,medium,candidate_spatial,ACT,average_composite,18.5,2024-25,21,,official_district_average,official_state_export,georgia_goews_2024_25_scores_crosswalked,high,Georgia GOSA district average; All Students; highest/recent score export.
1600000US1322080,Deenwood CDP,13,9700000US1305430,Ware County School District,100.000,census_tiger_2023_polygon_intersection,medium,candidate_spatial,SAT,average_composite,1008.3,2024-25,77,,official_district_average,official_state_export,georgia_goews_2024_25_scores_crosswalked,high,Georgia GOSA district average; All Students; highest/recent score export.
1600000US1322724,Dewy Rose CDP,13,9700000US1302010,Elbert County School District,100.000,census_tiger_2023_polygon_intersection,medium,candidate_spatial,SAT,average_composite,1026.4,2024-25,44,,official_district_average,official_state_export,georgia_goews_2024_25_scores_crosswalked,high,Georgia GOSA district average; All Students; highest/recent score export.
1600000US1323060,Dixie CDP,13,9700000US1300540,Brooks County School District,100.000,census_tiger_2023_polygon_intersection,medium,candidate_spatial,SAT,average_composite,931.3,2024-25,30,,official_district_average,official_state_export,georgia_goews_2024_25_scores_crosswalked,high,Georgia GOSA district average; All Students; highest/recent score export.
1600000US1323144,Dixie Union CDP,13,9700000US1305430,Ware County School District,100.000,census_tiger_2023_polygon_intersection,medium,candidate_spatial,ACT,average_composite,18.5,2024-25,21,,official_district_average,official_state_export,georgia_goews_2024_25_scores_crosswalked,high,Georgia GOSA district average; All Students; highest/recent score export.
1600000US1323144,Dixie Union CDP,13,9700000US1305430,Ware County School District,100.000,census_tiger_2023_polygon_intersection,medium,candidate_spatial,SAT,average_composite,1008.3,2024-25,77,,official_district_average,official_state_export,georgia_goews_2024_25_scores_crosswalked,high,Georgia GOSA district average; All Students; highest/recent score export.
1600000US1323200,Dock Junction CDP,13,9700000US1302400,Glynn County School District,100.000,census_tiger_2023_polygon_intersection,medium,candidate_spatial,ACT,average_composite,22.1,2024-25,112,,official_district_average,official_state_export,georgia_goews_2024_25_scores_crosswalked,high,Georgia GOSA district average; All Students; highest/recent score export.
1600000US1323200,Dock Junction CDP,13,9700000US1302400,Glynn County School District,100.000,census_tiger_2023_polygon_intersection,medium,candidate_spatial,SAT,average_composite,1088.9,2024-25,258,,official_district_average,official_state_export,georgia_goews_2024_25_scores_crosswalked,high,Georgia GOSA district average; All Students; highest/recent score export.
1600000US1324264,Druid Hills CDP,13,9700000US1300120,Atlanta City School District,0.547,census_tiger_2023_polygon_intersection,low,candidate_spatial,ACT,average_composite,20.4,2024-25,480,,official_district_average,official_state_export,georgia_goews_2024_25_scores_crosswalked,high,Georgia GOSA district average; All Students; highest/recent score export.
1600000US1324264,Druid Hills CDP,13,9700000US1300120,Atlanta City School District,0.547,census_tiger_2023_polygon_intersection,low,candidate_spatial,SAT,average_composite,1033.3,2024-25,858,,official_district_average,official_state_export,georgia_goews_2024_25_scores_crosswalked,high,Georgia GOSA district average; All Students; highest/recent score export.
1600000US1324264,Druid Hills CDP,13,9700000US1301740,DeKalb County School District,99.453,census_tiger_2023_polygon_intersection,medium,candidate_spatial,ACT,average_composite,21.6,2024-25,602,,official_district_average,official_state_export,georgia_goews_2024_25_scores_crosswalked,high,Georgia GOSA district average; All Students; highest/recent score export.
1600000US1324264,Druid Hills CDP,13,9700000US1301740,DeKalb County School District,99.453,census_tiger_2023_polygon_intersection,medium,candidate_spatial,SAT,average_composite,922.6,2024-25,4213.5,,official_district_average,official_state_export,georgia_goews_2024_25_scores_crosswalked,high,Georgia GOSA district average; All Students; highest/recent score export.
1600000US1324876,Dutch Island CDP,13,9700000US1301020,Chatham County School District,100.000,census_tiger_2023_polygon_intersection,medium,candidate_spatial,ACT,average_composite,19.6,2024-25,114,,official_district_average,official_state_export,georgia_goews_2024_25_scores_crosswalked,high,Georgia GOSA district average; All Students; highest/recent score export.
1600000US1324876,Dutch Island CDP,13,9700000US1301020,Chatham County School District,100.000,census_tiger_2023_polygon_intersection,medium,candidate_spatial,SAT,average_composite,1000.3,2024-25,822,,official_district_average,official_state_export,georgia_goews_2024_25_scores_crosswalked,high,Georgia GOSA district average; All Students; highest/recent score export.
1600000US1324964,Eagle Grove CDP,13,9700000US1302730,Hart County School District,100.000,census_tiger_2023_polygon_intersection,medium,candidate_spatial,SAT,average_composite,1023.7,2024-25,89,,official_district_average,official_state_export,georgia_goews_2024_25_scores_crosswalked,high,Georgia GOSA district average; All Students; highest/recent score export.
1600000US1325440,East Griffin CDP,13,9700000US1302520,Spalding County School District,100.000,census_tiger_2023_polygon_intersection,medium,candidate_spatial,ACT,average_composite,18.3,2024-25,32,,official_district_average,official_state_export,georgia_goews_2024_25_scores_crosswalked,high,Georgia GOSA district average; All Students; highest/recent score export.
1600000US1325440,East Griffin CDP,13,9700000US1302520,Spalding County School District,100.000,census_tiger_2023_polygon_intersection,medium,candidate_spatial,SAT,average_composite,958.3,2024-25,151,,official_district_average,official_state_export,georgia_goews_2024_25_scores_crosswalked,high,Georgia GOSA district average; All Students; highest/recent score export.
1600000US1325692,East Newnan CDP,13,9700000US1301500,Coweta County School District,100.000,census_tiger_2023_polygon_intersection,medium,candidate_spatial,ACT,average_composite,21.5,2024-25,184,,official_district_average,official_state_export,georgia_goews_2024_25_scores_crosswalked,high,Georgia GOSA district average; All Students; highest/recent score export.
1600000US1325692,East Newnan CDP,13,9700000US1301500,Coweta County School District,100.000,census_tiger_2023_polygon_intersection,medium,candidate_spatial,SAT,average_composite,1063.9,2024-25,564,,official_district_average,official_state_export,georgia_goews_2024_25_scores_crosswalked,high,Georgia GOSA district average; All Students; highest/recent score export.
1600000US1327064,Ellerslie CDP,13,9700000US1302700,Harris County School District,100.000,census_tiger_2023_polygon_intersection,medium,candidate_spatial,ACT,average_composite,21.5,2024-25,44,,official_district_average,official_state_export,georgia_goews_2024_25_scores_crosswalked,high,Georgia GOSA district average; All Students; highest/recent score export.
1600000US1327064,Ellerslie CDP,13,9700000US1302700,Harris County School District,100.000,census_tiger_2023_polygon_intersection,medium,candidate_spatial,SAT,average_composite,1109.8,2024-25,107,,official_district_average,official_state_export,georgia_goews_2024_25_scores_crosswalked,high,Georgia GOSA district average; All Students; highest/recent score export.
1600000US1327512,Empire CDP,13,9700000US1301770,Dodge County School District,61.082,census_tiger_2023_polygon_intersection,medium,candidate_spatial,SAT,average_composite,1066.1,2024-25,31,,official_district_average,official_state_export,georgia_goews_2024_25_scores_crosswalked,high,Georgia GOSA district average; All Students; highest/recent score export.
1600000US1327512,Empire CDP,13,9700000US1300440,Bleckley County School District,38.918,census_tiger_2023_polygon_intersection,low,candidate_spatial,SAT,average_composite,1100.8,2024-25,49,,official_district_average,official_state_export,georgia_goews_2024_25_scores_crosswalked,high,Georgia GOSA district average; All Students; highest/recent score export.
1600000US1327736,Epworth CDP,13,9700000US1302100,Fannin County School District,100.000,census_tiger_2023_polygon_intersection,medium,candidate_spatial,ACT,average_composite,19.8,2024-25,10,,official_district_average,official_state_export,georgia_goews_2024_25_scores_crosswalked,high,Georgia GOSA district average; All Students; highest/recent score export.
1600000US1327736,Epworth CDP,13,9700000US1302100,Fannin County School District,100.000,census_tiger_2023_polygon_intersection,medium,candidate_spatial,SAT,average_composite,1039.8,2024-25,61,,official_district_average,official_state_export,georgia_goews_2024_25_scores_crosswalked,high,Georgia GOSA district average; All Students; highest/recent score export.
1600000US1328016,Eulonia CDP,13,9700000US1303600,McIntosh County School District,100.000,census_tiger_2023_polygon_intersection,medium,candidate_spatial,SAT,average_composite,928,2024-25,15,,official_district_average,official_state_export,georgia_goews_2024_25_scores_crosswalked,high,Georgia GOSA district average; All Students; highest/recent score export.
1600000US1328044,Evans CDP,13,9700000US1301410,Columbia County School District,100.000,census_tiger_2023_polygon_intersection,medium,candidate_spatial,ACT,average_composite,22.4,2024-25,165,,official_district_average,official_state_export,georgia_goews_2024_25_scores_crosswalked,high,Georgia GOSA district average; All Students; highest/recent score export.
1600000US1328044,Evans CDP,13,9700000US1301410,Columbia County School District,100.000,census_tiger_2023_polygon_intersection,medium,candidate_spatial,SAT,average_composite,1072.3,2024-25,837,,official_district_average,official_state_export,georgia_goews_2024_25_scores_crosswalked,high,Georgia GOSA district average; All Students; highest/recent score export.
1600000US1328100,Everett CDP,13,9700000US1302400,Glynn County School District,100.000,census_tiger_2023_polygon_intersection,medium,candidate_spatial,ACT,average_composite,22.1,2024-25,112,,official_district_average,official_state_export,georgia_goews_2024_25_scores_crosswalked,high,Georgia GOSA district average; All Students; highest/recent score export.
1600000US1328100,Everett CDP,13,9700000US1302400,Glynn County School District,100.000,census_tiger_2023_polygon_intersection,medium,candidate_spatial,SAT,average_composite,1088.9,2024-25,258,,official_district_average,official_state_export,georgia_goews_2024_25_scores_crosswalked,high,Georgia GOSA district average; All Students; highest/recent score export.
1600000US1328296,Experiment CDP,13,9700000US1302520,Spalding County School District,100.000,census_tiger_2023_polygon_intersection,medium,candidate_spatial,ACT,average_composite,18.3,2024-25,32,,official_district_average,official_state_export,georgia_goews_2024_25_scores_crosswalked,high,Georgia GOSA district average; All Students; highest/recent score export.
1600000US1328296,Experiment CDP,13,9700000US1302520,Spalding County School District,100.000,census_tiger_2023_polygon_intersection,medium,candidate_spatial,SAT,average_composite,958.3,2024-25,151,,official_district_average,official_state_export,georgia_goews_2024_25_scores_crosswalked,high,Georgia GOSA district average; All Students; highest/recent score export.
1600000US1328324,Faceville CDP,13,9700000US1301710,Decatur County School District,100.000,census_tiger_2023_polygon_intersection,medium,candidate_spatial,ACT,average_composite,20.7,2024-25,32,,official_district_average,official_state_export,georgia_goews_2024_25_scores_crosswalked,high,Georgia GOSA district average; All Students; highest/recent score export.
1600000US1328324,Faceville CDP,13,9700000US1301710,Decatur County School District,100.000,census_tiger_2023_polygon_intersection,medium,candidate_spatial,SAT,average_composite,1041,2024-25,61,,official_district_average,official_state_export,georgia_goews_2024_25_scores_crosswalked,high,Georgia GOSA district average; All Students; highest/recent score export.
1600000US1328440,Fairfield Plantation CDP,13,9700000US1300840,Carroll County School District,100.000,census_tiger_2023_polygon_intersection,medium,candidate_spatial,ACT,average_composite,20.9,2024-25,60,,official_district_average,official_state_export,georgia_goews_2024_25_scores_crosswalked,high,Georgia GOSA district average; All Students; highest/recent score export.
1600000US1328440,Fairfield Plantation CDP,13,9700000US1300840,Carroll County School District,100.000,census_tiger_2023_polygon_intersection,medium,candidate_spatial,SAT,average_composite,1041.8,2024-25,310,,official_district_average,official_state_export,georgia_goews_2024_25_scores_crosswalked,high,Georgia GOSA district average; All Students; highest/recent score export.
1600000US1328520,Fair Oaks CDP,13,9700000US1301290,Cobb County School District,100.000,census_tiger_2023_polygon_intersection,medium,candidate_spatial,ACT,average_composite,23,2024-25,1245,,official_district_average,official_state_export,georgia_goews_2024_25_scores_crosswalked,high,Georgia GOSA district average; All Students; highest/recent score export.
1600000US1328520,Fair Oaks CDP,13,9700000US1301290,Cobb County School District,100.000,census_tiger_2023_polygon_intersection,medium,candidate_spatial,SAT,average_composite,1092.9,2024-25,3758,,official_district_average,official_state_export,georgia_goews_2024_25_scores_crosswalked,high,Georgia GOSA district average; All Students; highest/recent score export.
1600000US1328548,Fairplay CDP,13,9700000US1301860,Douglas County School District,100.000,census_tiger_2023_polygon_intersection,medium,candidate_spatial,ACT,average_composite,18.7,2024-25,230,,official_district_average,official_state_export,georgia_goews_2024_25_scores_crosswalked,high,Georgia GOSA district average; All Students; highest/recent score export.
1600000US1328548,Fairplay CDP,13,9700000US1301860,Douglas County School District,100.000,census_tiger_2023_polygon_intersection,medium,candidate_spatial,SAT,average_composite,994,2024-25,790,,official_district_average,official_state_export,georgia_goews_2024_25_scores_crosswalked,high,Georgia GOSA district average; All Students; highest/recent score export.
1600000US1328632,Fairview CDP,13,9700000US1305370,Walker County School District,100.000,census_tiger_2023_polygon_intersection,medium,candidate_spatial,ACT,average_composite,21.1,2024-25,105,,official_district_average,official_state_export,georgia_goews_2024_25_scores_crosswalked,high,Georgia GOSA district average; All Students; highest/recent score export.
1600000US1328632,Fairview CDP,13,9700000US1305370,Walker County School District,100.000,census_tiger_2023_polygon_intersection,medium,candidate_spatial,SAT,average_composite,1136.9,2024-25,16,,official_district_average,official_state_export,georgia_goews_2024_25_scores_crosswalked,high,Georgia GOSA district average; All Students; highest/recent score export.
1600000US1332132,Gardi CDP,13,9700000US1305550,Wayne County School District,100.000,census_tiger_2023_polygon_intersection,medium,candidate_spatial,ACT,average_composite,18.4,2024-25,18,,official_district_average,official_state_export,georgia_goews_2024_25_scores_crosswalked,high,Georgia GOSA district average; All Students; highest/recent score export.
1600000US1332132,Gardi CDP,13,9700000US1305550,Wayne County School District,100.000,census_tiger_2023_polygon_intersection,medium,candidate_spatial,SAT,average_composite,993.4,2024-25,96,,official_district_average,official_state_export,georgia_goews_2024_25_scores_crosswalked,high,Georgia GOSA district average; All Students; highest/recent score export.
1600000US1332482,Georgetown CDP,13,9700000US1301020,Chatham County School District,100.000,census_tiger_2023_polygon_intersection,medium,candidate_spatial,ACT,average_composite,19.6,2024-25,114,,official_district_average,official_state_export,georgia_goews_2024_25_scores_crosswalked,high,Georgia GOSA district average; All Students; highest/recent score export.
1600000US1332482,Georgetown CDP,13,9700000US1301020,Chatham County School District,100.000,census_tiger_2023_polygon_intersection,medium,candidate_spatial,SAT,average_composite,1000.3,2024-25,822,,official_district_average,official_state_export,georgia_goews_2024_25_scores_crosswalked,high,Georgia GOSA district average; All Students; highest/recent score export.
1600000US1333280,Glenn CDP,13,9700000US1302790,Heard County School District,100.000,census_tiger_2023_polygon_intersection,medium,candidate_spatial,ACT,average_composite,21.4,2024-25,26,,official_district_average,official_state_export,georgia_goews_2024_25_scores_crosswalked,high,Georgia GOSA district average; All Students; highest/recent score export.
1600000US1333280,Glenn CDP,13,9700000US1302790,Heard County School District,100.000,census_tiger_2023_polygon_intersection,medium,candidate_spatial,SAT,average_composite,1025.2,2024-25,54,,official_district_average,official_state_export,georgia_goews_2024_25_scores_crosswalked,high,Georgia GOSA district average; All Students; highest/recent score export.
1600000US1333672,Godfrey CDP,13,9700000US1303780,Morgan County School District,100.000,census_tiger_2023_polygon_intersection,medium,candidate_spatial,ACT,average_composite,22.1,2024-25,44,,official_district_average,official_state_export,georgia_goews_2024_25_scores_crosswalked,high,Georgia GOSA district average; All Students; highest/recent score export.
1600000US1333672,Godfrey CDP,13,9700000US1303780,Morgan County School District,100.000,census_tiger_2023_polygon_intersection,medium,candidate_spatial,SAT,average_composite,1044.8,2024-25,83,,official_district_average,official_state_export,georgia_goews_2024_25_scores_crosswalked,high,Georgia GOSA district average; All Students; highest/recent score export.
1600000US1334176,Gough CDP,13,9700000US1300660,Burke County School District,100.000,census_tiger_2023_polygon_intersection,medium,candidate_spatial,SAT,average_composite,939.7,2024-25,74,,official_district_average,official_state_export,georgia_goews_2024_25_scores_crosswalked,high,Georgia GOSA district average; All Students; highest/recent score export.
1600000US1335240,Gresham Park CDP,13,9700000US1301740,DeKalb County School District,100.000,census_tiger_2023_polygon_intersection,medium,candidate_spatial,ACT,average_composite,21.6,2024-25,602,,official_district_average,official_state_export,georgia_goews_2024_25_scores_crosswalked,high,Georgia GOSA district average; All Students; highest/recent score export.
1600000US1335240,Gresham Park CDP,13,9700000US1301740,DeKalb County School District,100.000,census_tiger_2023_polygon_intersection,medium,candidate_spatial,SAT,average_composite,922.6,2024-25,4213.5,,official_district_average,official_state_export,georgia_goews_2024_25_scores_crosswalked,high,Georgia GOSA district average; All Students; highest/recent score export.
1600000US1335814,Gumlog CDP,13,9700000US1302250,Franklin County School District,100.000,census_tiger_2023_polygon_intersection,medium,candidate_spatial,ACT,average_composite,20.7,2024-25,13,,official_district_average,official_state_export,georgia_goews_2024_25_scores_crosswalked,high,Georgia GOSA district average; All Students; highest/recent score export.
1600000US1335814,Gumlog CDP,13,9700000US1302250,Franklin County School District,100.000,census_tiger_2023_polygon_intersection,medium,candidate_spatial,SAT,average_composite,1056.3,2024-25,72,,official_district_average,official_state_export,georgia_goews_2024_25_scores_crosswalked,high,Georgia GOSA district average; All Students; highest/recent score export.
1600000US1336416,Hannahs Mill CDP,13,9700000US1305280,Upson County School District,100.000,census_tiger_2023_polygon_intersection,medium,candidate_spatial,ACT,average_composite,21.3,2024-25,11,,official_district_average,official_state_export,georgia_goews_2024_25_scores_crosswalked,high,Georgia GOSA district average; All Students; highest/recent score export.
1600000US1336416,Hannahs Mill CDP,13,9700000US1305280,Upson County School District,100.000,census_tiger_2023_polygon_intersection,medium,candidate_spatial,SAT,average_composite,1001.5,2024-25,75,,official_district_average,official_state_export,georgia_goews_2024_25_scores_crosswalked,high,Georgia GOSA district average; All Students; highest/recent score export.
1600000US1336668,Hardwick CDP,13,9700000US1300210,Baldwin County School District,100.000,census_tiger_2023_polygon_intersection,medium,candidate_spatial,ACT,average_composite,18.3,2024-25,19,,official_district_average,official_state_export,georgia_goews_2024_25_scores_crosswalked,high,Georgia GOSA district average; All Students; highest/recent score export.
1600000US1336668,Hardwick CDP,13,9700000US1300210,Baldwin County School District,100.000,census_tiger_2023_polygon_intersection,medium,candidate_spatial,SAT,average_composite,944.1,2024-25,88,,official_district_average,official_state_export,georgia_goews_2024_25_scores_crosswalked,high,Georgia GOSA district average; All Students; highest/recent score export.
1600000US1337910,Henderson CDP,13,9700000US1301020,Chatham County School District,100.000,census_tiger_2023_polygon_intersection,medium,candidate_spatial,ACT,average_composite,19.6,2024-25,114,,official_district_average,official_state_export,georgia_goews_2024_25_scores_crosswalked,high,Georgia GOSA district average; All Students; highest/recent score export.
1600000US1337910,Henderson CDP,13,9700000US1301020,Chatham County School District,100.000,census_tiger_2023_polygon_intersection,medium,candidate_spatial,SAT,average_composite,1000.3,2024-25,822,,official_district_average,official_state_export,georgia_goews_2024_25_scores_crosswalked,high,Georgia GOSA district average; All Students; highest/recent score export.
1600000US1338105,Heron Bay CDP,13,9700000US1302520,Spalding County School District,33.532,census_tiger_2023_polygon_intersection,low,candidate_spatial,ACT,average_composite,18.3,2024-25,32,,official_district_average,official_state_export,georgia_goews_2024_25_scores_crosswalked,high,Georgia GOSA district average; All Students; highest/recent score export.
1600000US1338105,Heron Bay CDP,13,9700000US1302520,Spalding County School District,33.532,census_tiger_2023_polygon_intersection,low,candidate_spatial,SAT,average_composite,958.3,2024-25,151,,official_district_average,official_state_export,georgia_goews_2024_25_scores_crosswalked,high,Georgia GOSA district average; All Students; highest/recent score export.
1600000US1338105,Heron Bay CDP,13,9700000US1302820,Henry County School District,66.468,census_tiger_2023_polygon_intersection,medium,candidate_spatial,ACT,average_composite,17.8,2024-25,505,,official_district_average,official_state_export,georgia_goews_2024_25_scores_crosswalked,high,Georgia GOSA district average; All Students; highest/recent score export.
1600000US1338105,Heron Bay CDP,13,9700000US1302820,Henry County School District,66.468,census_tiger_2023_polygon_intersection,medium,candidate_spatial,SAT,average_composite,979.9,2024-25,1490,,official_district_average,official_state_export,georgia_goews_2024_25_scores_crosswalked,high,Georgia GOSA district average; All Students; highest/recent score export.
1600000US1338292,Hickox CDP,13,9700000US1300480,Brantley County School District,100.000,census_tiger_2023_polygon_intersection,medium,candidate_spatial,SAT,average_composite,1036,2024-25,20,,official_district_average,official_state_export,georgia_goews_2024_25_scores_crosswalked,high,Georgia GOSA district average; All Students; highest/recent score export.
1600000US1338866,Hilltop CDP,13,9700000US1304170,Pike County School District,100.000,census_tiger_2023_polygon_intersection,medium,candidate_spatial,SAT,average_composite,1053.1,2024-25,59,,official_district_average,official_state_export,georgia_goews_2024_25_scores_crosswalked,high,Georgia GOSA district average; All Students; highest/recent score export.
1600000US1340028,Hortense CDP,13,9700000US1300480,Brantley County School District,100.000,census_tiger_2023_polygon_intersection,medium,candidate_spatial,SAT,average_composite,1036,2024-25,20,,official_district_average,official_state_export,georgia_goews_2024_25_scores_crosswalked,high,Georgia GOSA district average; All Students; highest/recent score export.
1600000US1340196,Howard CDP,13,9700000US1304800,Taylor County School District,100.000,census_tiger_2023_polygon_intersection,medium,candidate_spatial,ACT,average_composite,17.4,2024-25,15,,official_district_average,official_state_export,georgia_goews_2024_25_scores_crosswalked,high,Georgia GOSA district average; All Students; highest/recent score export.
1600000US1340196,Howard CDP,13,9700000US1304800,Taylor County School District,100.000,census_tiger_2023_polygon_intersection,medium,candidate_spatial,SAT,average_composite,953.8,2024-25,29,,official_district_average,official_state_export,georgia_goews_2024_25_scores_crosswalked,high,Georgia GOSA district average; All Students; highest/recent score export.
1600000US1341036,Indian Springs CDP,13,9700000US1300930,Catoosa County School District,100.000,census_tiger_2023_polygon_intersection,medium,candidate_spatial,ACT,average_composite,21.1,2024-25,166,,official_district_average,official_state_export,georgia_goews_2024_25_scores_crosswalked,high,Georgia GOSA district average; All Students; highest/recent score export.
1600000US1341036,Indian Springs CDP,13,9700000US1300930,Catoosa County School District,100.000,census_tiger_2023_polygon_intersection,medium,candidate_spatial,SAT,average_composite,1098.2,2024-25,97,,official_district_average,official_state_export,georgia_goews_2024_25_scores_crosswalked,high,Georgia GOSA district average; All Students; highest/recent score export.
1600000US1341347,Irondale CDP,13,9700000US1301230,Clayton County School District,100.000,census_tiger_2023_polygon_intersection,medium,candidate_spatial,ACT,average_composite,16.9,2024-25,215,,official_district_average,official_state_export,georgia_goews_2024_25_scores_crosswalked,high,Georgia GOSA district average; All Students; highest/recent score export.
1600000US1341347,Irondale CDP,13,9700000US1301230,Clayton County School District,100.000,census_tiger_2023_polygon_intersection,medium,candidate_spatial,SAT,average_composite,955.9,2024-25,780,,official_district_average,official_state_export,georgia_goews_2024_25_scores_crosswalked,high,Georgia GOSA district average; All Students; highest/recent score export.
1600000US1341484,Isle of Hope CDP,13,9700000US1301020,Chatham County School District,100.000,census_tiger_2023_polygon_intersection,medium,candidate_spatial,ACT,average_composite,19.6,2024-25,114,,official_district_average,official_state_export,georgia_goews_2024_25_scores_crosswalked,high,Georgia GOSA district average; All Students; highest/recent score export.
1600000US1341484,Isle of Hope CDP,13,9700000US1301020,Chatham County School District,100.000,census_tiger_2023_polygon_intersection,medium,candidate_spatial,SAT,average_composite,1000.3,2024-25,822,,official_district_average,official_state_export,georgia_goews_2024_25_scores_crosswalked,high,Georgia GOSA district average; All Students; highest/recent score export.
1600000US1342128,Jekyll Island CDP,13,9700000US1302400,Glynn County School District,100.000,census_tiger_2023_polygon_intersection,medium,candidate_spatial,ACT,average_composite,22.1,2024-25,112,,official_district_average,official_state_export,georgia_goews_2024_25_scores_crosswalked,high,Georgia GOSA district average; All Students; highest/recent score export.
1600000US1342128,Jekyll Island CDP,13,9700000US1302400,Glynn County School District,100.000,census_tiger_2023_polygon_intersection,medium,candidate_spatial,SAT,average_composite,1088.9,2024-25,258,,official_district_average,official_state_export,georgia_goews_2024_25_scores_crosswalked,high,Georgia GOSA district average; All Students; highest/recent score export.
1600000US1342772,Juliette CDP,13,9700000US1303720,Monroe County School District,100.000,census_tiger_2023_polygon_intersection,medium,candidate_spatial,ACT,average_composite,20.7,2024-25,25,,official_district_average,official_state_export,georgia_goews_2024_25_scores_crosswalked,high,Georgia GOSA district average; All Students; highest/recent score export.
1600000US1342772,Juliette CDP,13,9700000US1303720,Monroe County School District,100.000,census_tiger_2023_polygon_intersection,medium,candidate_spatial,SAT,average_composite,1040.8,2024-25,92,,official_district_average,official_state_export,georgia_goews_2024_25_scores_crosswalked,high,Georgia GOSA district average; All Students; highest/recent score export.
1600000US1343210,Kennesaw State University CDP,13,9700000US1301290,Cobb County School District,100.000,census_tiger_2023_polygon_intersection,medium,candidate_spatial,ACT,average_composite,23,2024-25,1245,,official_district_average,official_state_export,georgia_goews_2024_25_scores_crosswalked,high,Georgia GOSA district average; All Students; highest/recent score export.
1600000US1343210,Kennesaw State University CDP,13,9700000US1301290,Cobb County School District,100.000,census_tiger_2023_polygon_intersection,medium,candidate_spatial,SAT,average_composite,1092.9,2024-25,3758,,official_district_average,official_state_export,georgia_goews_2024_25_scores_crosswalked,high,Georgia GOSA district average; All Students; highest/recent score export.
1600000US1343580,Kings Bay Base CDP,13,9700000US1300780,Camden County School District,100.000,census_tiger_2023_polygon_intersection,medium,candidate_spatial,ACT,average_composite,22.8,2024-25,37,,official_district_average,official_state_export,georgia_goews_2024_25_scores_crosswalked,high,Georgia GOSA district average; All Students; highest/recent score export.
1600000US1343580,Kings Bay Base CDP,13,9700000US1300780,Camden County School District,100.000,census_tiger_2023_polygon_intersection,medium,candidate_spatial,SAT,average_composite,1081.3,2024-25,222,,official_district_average,official_state_export,georgia_goews_2024_25_scores_crosswalked,high,Georgia GOSA district average; All Students; highest/recent score export.
1600000US1344060,Knoxville CDP,13,9700000US1301530,Crawford County School District,100.000,census_tiger_2023_polygon_intersection,medium,candidate_spatial,SAT,average_composite,918.6,2024-25,28,,official_district_average,official_state_export,georgia_goews_2024_25_scores_crosswalked,high,Georgia GOSA district average; All Students; highest/recent score export.
1600000US1344900,Lakeview CDP,13,9700000US1305370,Walker County School District,17.917,census_tiger_2023_polygon_intersection,low,candidate_spatial,ACT,average_composite,21.1,2024-25,105,,official_district_average,official_state_export,georgia_goews_2024_25_scores_crosswalked,high,Georgia GOSA district average; All Students; highest/recent score export.
1600000US1344900,Lakeview CDP,13,9700000US1305370,Walker County School District,17.917,census_tiger_2023_polygon_intersection,low,candidate_spatial,SAT,average_composite,1136.9,2024-25,16,,official_district_average,official_state_export,georgia_goews_2024_25_scores_crosswalked,high,Georgia GOSA district average; All Students; highest/recent score export.
1600000US1344900,Lakeview CDP,13,9700000US1300930,Catoosa County School District,82.083,census_tiger_2023_polygon_intersection,medium,candidate_spatial,ACT,average_composite,21.1,2024-25,166,,official_district_average,official_state_export,georgia_goews_2024_25_scores_crosswalked,high,Georgia GOSA district average; All Students; highest/recent score export.
1600000US1344900,Lakeview CDP,13,9700000US1300930,Catoosa County School District,82.083,census_tiger_2023_polygon_intersection,medium,candidate_spatial,SAT,average_composite,1098.2,2024-25,97,,official_district_average,official_state_export,georgia_goews_2024_25_scores_crosswalked,high,Georgia GOSA district average; All Students; highest/recent score export.
1600000US1344956,Lakeview Estates CDP,13,9700000US1304410,Rockdale County School District,100.000,census_tiger_2023_polygon_intersection,medium,candidate_spatial,ACT,average_composite,18.2,2024-25,145,,official_district_average,official_state_export,georgia_goews_2024_25_scores_crosswalked,high,Georgia GOSA district average; All Students; highest/recent score export.
1600000US1344956,Lakeview Estates CDP,13,9700000US1304410,Rockdale County School District,100.000,census_tiger_2023_polygon_intersection,medium,candidate_spatial,SAT,average_composite,994.7,2024-25,492,,official_district_average,official_state_export,georgia_goews_2024_25_scores_crosswalked,high,Georgia GOSA district average; All Students; highest/recent score export.
1600000US1346524,Lincoln Park CDP,13,9700000US1305280,Upson County School District,100.000,census_tiger_2023_polygon_intersection,medium,candidate_spatial,ACT,average_composite,21.3,2024-25,11,,official_district_average,official_state_export,georgia_goews_2024_25_scores_crosswalked,high,Georgia GOSA district average; All Students; highest/recent score export.
1600000US1346524,Lincoln Park CDP,13,9700000US1305280,Upson County School District,100.000,census_tiger_2023_polygon_intersection,medium,candidate_spatial,SAT,average_composite,1001.5,2024-25,75,,official_district_average,official_state_export,georgia_goews_2024_25_scores_crosswalked,high,Georgia GOSA district average; All Students; highest/recent score export.
1600000US1346580,Lindale CDP,13,9700000US1302190,Floyd County School District,100.000,census_tiger_2023_polygon_intersection,medium,candidate_spatial,ACT,average_composite,20.6,2024-25,85,,official_district_average,official_state_export,georgia_goews_2024_25_scores_crosswalked,high,Georgia GOSA district average; All Students; highest/recent score export.
1600000US1346580,Lindale CDP,13,9700000US1302190,Floyd County School District,100.000,census_tiger_2023_polygon_intersection,medium,candidate_spatial,SAT,average_composite,1072.9,2024-25,125,,official_district_average,official_state_export,georgia_goews_2024_25_scores_crosswalked,high,Georgia GOSA district average; All Students; highest/recent score export.
1600000US1346832,Lithia Springs CDP,13,9700000US1301860,Douglas County School District,100.000,census_tiger_2023_polygon_intersection,medium,candidate_spatial,ACT,average_composite,18.7,2024-25,230,,official_district_average,official_state_export,georgia_goews_2024_25_scores_crosswalked,high,Georgia GOSA district average; All Students; highest/recent score export.
1600000US1346832,Lithia Springs CDP,13,9700000US1301860,Douglas County School District,100.000,census_tiger_2023_polygon_intersection,medium,candidate_spatial,SAT,average_composite,994,2024-25,790,,official_district_average,official_state_export,georgia_goews_2024_25_scores_crosswalked,high,Georgia GOSA district average; All Students; highest/recent score export.
1600000US1348288,Mableton CDP,13,9700000US1301290,Cobb County School District,100.000,census_tiger_2023_polygon_intersection,medium,candidate_spatial,ACT,average_composite,23,2024-25,1245,,official_district_average,official_state_export,georgia_goews_2024_25_scores_crosswalked,high,Georgia GOSA district average; All Students; highest/recent score export.
1600000US1348288,Mableton CDP,13,9700000US1301290,Cobb County School District,100.000,census_tiger_2023_polygon_intersection,medium,candidate_spatial,SAT,average_composite,1092.9,2024-25,3758,,official_district_average,official_state_export,georgia_goews_2024_25_scores_crosswalked,high,Georgia GOSA district average; All Students; highest/recent score export.
1600000US1349588,Manor CDP,13,9700000US1305430,Ware County School District,100.000,census_tiger_2023_polygon_intersection,medium,candidate_spatial,ACT,average_composite,18.5,2024-25,21,,official_district_average,official_state_export,georgia_goews_2024_25_scores_crosswalked,high,Georgia GOSA district average; All Students; highest/recent score export.
1600000US1349588,Manor CDP,13,9700000US1305430,Ware County School District,100.000,census_tiger_2023_polygon_intersection,medium,candidate_spatial,SAT,average_composite,1008.3,2024-25,77,,official_district_average,official_state_export,georgia_goews_2024_25_scores_crosswalked,high,Georgia GOSA district average; All Students; highest/recent score export.
1600000US1350036,Martinez CDP,13,9700000US1301410,Columbia County School District,100.000,census_tiger_2023_polygon_intersection,medium,candidate_spatial,ACT,average_composite,22.4,2024-25,165,,official_district_average,official_state_export,georgia_goews_2024_25_scores_crosswalked,high,Georgia GOSA district average; All Students; highest/recent score export.
1600000US1350036,Martinez CDP,13,9700000US1301410,Columbia County School District,100.000,census_tiger_2023_polygon_intersection,medium,candidate_spatial,SAT,average_composite,1072.3,2024-25,837,,official_district_average,official_state_export,georgia_goews_2024_25_scores_crosswalked,high,Georgia GOSA district average; All Students; highest/recent score export.
1600000US1350176,Matthews CDP,13,9700000US1303060,Jefferson County School District,100.000,census_tiger_2023_polygon_intersection,medium,candidate_spatial,SAT,average_composite,981.9,2024-25,21,,official_district_average,official_state_export,georgia_goews_2024_25_scores_crosswalked,high,Georgia GOSA district average; All Students; highest/recent score export.
1600000US1350820,Mendes CDP,13,9700000US1304770,Tattnall County School District,100.000,census_tiger_2023_polygon_intersection,medium,candidate_spatial,SAT,average_composite,1059.7,2024-25,38,,official_district_average,official_state_export,georgia_goews_2024_25_scores_crosswalked,high,Georgia GOSA district average; All Students; highest/recent score export.
1600000US1350960,Mershon CDP,13,9700000US1304140,Pierce County School District,100.000,census_tiger_2023_polygon_intersection,medium,candidate_spatial,ACT,average_composite,19.9,2024-25,15,,official_district_average,official_state_export,georgia_goews_2024_25_scores_crosswalked,high,Georgia GOSA district average; All Students; highest/recent score export.
1600000US1350960,Mershon CDP,13,9700000US1304140,Pierce County School District,100.000,census_tiger_2023_polygon_intersection,medium,candidate_spatial,SAT,average_composite,1084.6,2024-25,56,,official_district_average,official_state_export,georgia_goews_2024_25_scores_crosswalked,high,Georgia GOSA district average; All Students; highest/recent score export.
1600000US1351576,Millwood CDP,13,9700000US1305430,Ware County School District,100.000,census_tiger_2023_polygon_intersection,medium,candidate_spatial,ACT,average_composite,18.5,2024-25,21,,official_district_average,official_state_export,georgia_goews_2024_25_scores_crosswalked,high,Georgia GOSA district average; All Students; highest/recent score export.
1600000US1351576,Millwood CDP,13,9700000US1305430,Ware County School District,100.000,census_tiger_2023_polygon_intersection,medium,candidate_spatial,SAT,average_composite,1008.3,2024-25,77,,official_district_average,official_state_export,georgia_goews_2024_25_scores_crosswalked,high,Georgia GOSA district average; All Students; highest/recent score export.
1600000US1351660,Milstead CDP,13,9700000US1304410,Rockdale County School District,100.000,census_tiger_2023_polygon_intersection,medium,candidate_spatial,ACT,average_composite,18.2,2024-25,145,,official_district_average,official_state_export,georgia_goews_2024_25_scores_crosswalked,high,Georgia GOSA district average; All Students; highest/recent score export.
1600000US1351660,Milstead CDP,13,9700000US1304410,Rockdale County School District,100.000,census_tiger_2023_polygon_intersection,medium,candidate_spatial,SAT,average_composite,994.7,2024-25,492,,official_district_average,official_state_export,georgia_goews_2024_25_scores_crosswalked,high,Georgia GOSA district average; All Students; highest/recent score export.
1600000US1351744,Mineral Bluff CDP,13,9700000US1302100,Fannin County School District,100.000,census_tiger_2023_polygon_intersection,medium,candidate_spatial,ACT,average_composite,19.8,2024-25,10,,official_district_average,official_state_export,georgia_goews_2024_25_scores_crosswalked,high,Georgia GOSA district average; All Students; highest/recent score export.
1600000US1351744,Mineral Bluff CDP,13,9700000US1302100,Fannin County School District,100.000,census_tiger_2023_polygon_intersection,medium,candidate_spatial,SAT,average_composite,1039.8,2024-25,61,,official_district_average,official_state_export,georgia_goews_2024_25_scores_crosswalked,high,Georgia GOSA district average; All Students; highest/recent score export.
1600000US1352332,Montgomery CDP,13,9700000US1301020,Chatham County School District,100.000,census_tiger_2023_polygon_intersection,medium,candidate_spatial,ACT,average_composite,19.6,2024-25,114,,official_district_average,official_state_export,georgia_goews_2024_25_scores_crosswalked,high,Georgia GOSA district average; All Students; highest/recent score export.
1600000US1352332,Montgomery CDP,13,9700000US1301020,Chatham County School District,100.000,census_tiger_2023_polygon_intersection,medium,candidate_spatial,SAT,average_composite,1000.3,2024-25,822,,official_district_average,official_state_export,georgia_goews_2024_25_scores_crosswalked,high,Georgia GOSA district average; All Students; highest/recent score export.
1600000US1352556,Moody AFB CDP,13,9700000US1303390,Lowndes County School District,100.000,census_tiger_2023_polygon_intersection,medium,candidate_spatial,ACT,average_composite,20.6,2024-25,57,,official_district_average,official_state_export,georgia_goews_2024_25_scores_crosswalked,high,Georgia GOSA district average; All Students; highest/recent score export.
1600000US1352556,Moody AFB CDP,13,9700000US1303390,Lowndes County School District,100.000,census_tiger_2023_polygon_intersection,medium,candidate_spatial,SAT,average_composite,1058.9,2024-25,255,,official_district_average,official_state_export,georgia_goews_2024_25_scores_crosswalked,high,Georgia GOSA district average; All Students; highest/recent score export.
1600000US1353186,Mountain Park CDP,13,9700000US1302550,Gwinnett County School District,100.000,census_tiger_2023_polygon_intersection,medium,candidate_spatial,ACT,average_composite,22.8,2024-25,920,,official_district_average,official_state_export,georgia_goews_2024_25_scores_crosswalked,high,Georgia GOSA district average; All Students; highest/recent score export.
1600000US1353186,Mountain Park CDP,13,9700000US1302550,Gwinnett County School District,100.000,census_tiger_2023_polygon_intersection,medium,candidate_spatial,SAT,average_composite,1109.9,2024-25,4964,,official_district_average,official_state_export,georgia_goews_2024_25_scores_crosswalked,high,Georgia GOSA district average; All Students; highest/recent score export.
1600000US1354012,Musella CDP,13,9700000US1301530,Crawford County School District,100.000,census_tiger_2023_polygon_intersection,medium,candidate_spatial,SAT,average_composite,918.6,2024-25,28,,official_district_average,official_state_export,georgia_goews_2024_25_scores_crosswalked,high,Georgia GOSA district average; All Students; highest/recent score export.
1600000US1354404,Naylor CDP,13,9700000US1303390,Lowndes County School District,100.000,census_tiger_2023_polygon_intersection,medium,candidate_spatial,ACT,average_composite,20.6,2024-25,57,,official_district_average,official_state_export,georgia_goews_2024_25_scores_crosswalked,high,Georgia GOSA district average; All Students; highest/recent score export.
1600000US1354404,Naylor CDP,13,9700000US1303390,Lowndes County School District,100.000,census_tiger_2023_polygon_intersection,medium,candidate_spatial,SAT,average_composite,1058.9,2024-25,255,,official_district_average,official_state_export,georgia_goews_2024_25_scores_crosswalked,high,Georgia GOSA district average; All Students; highest/recent score export.
1600000US1354768,New England CDP,13,9700000US1301590,Dade County School District,100.000,census_tiger_2023_polygon_intersection,medium,candidate_spatial,ACT,average_composite,18.8,2024-25,25,,official_district_average,official_state_export,georgia_goews_2024_25_scores_crosswalked,high,Georgia GOSA district average; All Students; highest/recent score export.
1600000US1354768,New England CDP,13,9700000US1301590,Dade County School District,100.000,census_tiger_2023_polygon_intersection,medium,candidate_spatial,SAT,average_composite,1026.3,2024-25,16,,official_district_average,official_state_export,georgia_goews_2024_25_scores_crosswalked,high,Georgia GOSA district average; All Students; highest/recent score export.
1600000US1355944,Norristown CDP,13,9700000US1302040,Emanuel County School District,100.000,census_tiger_2023_polygon_intersection,medium,candidate_spatial,SAT,average_composite,990.4,2024-25,81,,official_district_average,official_state_export,georgia_goews_2024_25_scores_crosswalked,high,Georgia GOSA district average; All Students; highest/recent score export.
1600000US1356112,North Decatur CDP,13,9700000US1301740,DeKalb County School District,100.000,census_tiger_2023_polygon_intersection,medium,candidate_spatial,ACT,average_composite,21.6,2024-25,602,,official_district_average,official_state_export,georgia_goews_2024_25_scores_crosswalked,high,Georgia GOSA district average; All Students; highest/recent score export.
1600000US1356112,North Decatur CDP,13,9700000US1301740,DeKalb County School District,100.000,census_tiger_2023_polygon_intersection,medium,candidate_spatial,SAT,average_composite,922.6,2024-25,4213.5,,official_district_average,official_state_export,georgia_goews_2024_25_scores_crosswalked,high,Georgia GOSA district average; All Students; highest/recent score export.
1600000US1356168,North Druid Hills CDP,13,9700000US1300120,Atlanta City School District,0.032,census_tiger_2023_polygon_intersection,low,candidate_spatial,ACT,average_composite,20.4,2024-25,480,,official_district_average,official_state_export,georgia_goews_2024_25_scores_crosswalked,high,Georgia GOSA district average; All Students; highest/recent score export.
1600000US1356168,North Druid Hills CDP,13,9700000US1300120,Atlanta City School District,0.032,census_tiger_2023_polygon_intersection,low,candidate_spatial,SAT,average_composite,1033.3,2024-25,858,,official_district_average,official_state_export,georgia_goews_2024_25_scores_crosswalked,high,Georgia GOSA district average; All Students; highest/recent score export.
1600000US1356168,North Druid Hills CDP,13,9700000US1301740,DeKalb County School District,99.968,census_tiger_2023_polygon_intersection,medium,candidate_spatial,ACT,average_composite,21.6,2024-25,602,,official_district_average,official_state_export,georgia_goews_2024_25_scores_crosswalked,high,Georgia GOSA district average; All Students; highest/recent score export.
1600000US1356168,North Druid Hills CDP,13,9700000US1301740,DeKalb County School District,99.968,census_tiger_2023_polygon_intersection,medium,candidate_spatial,SAT,average_composite,922.6,2024-25,4213.5,,official_district_average,official_state_export,georgia_goews_2024_25_scores_crosswalked,high,Georgia GOSA district average; All Students; highest/recent score export.
1600000US1357876,Ohoopee CDP,13,9700000US1305040,Toombs County School District,100.000,census_tiger_2023_polygon_intersection,medium,candidate_spatial,SAT,average_composite,999.5,2024-25,38,,official_district_average,official_state_export,georgia_goews_2024_25_scores_crosswalked,high,Georgia GOSA district average; All Students; highest/recent score export.
1600000US1359080,Panthersville CDP,13,9700000US1301740,DeKalb County School District,100.000,census_tiger_2023_polygon_intersection,medium,candidate_spatial,ACT,average_composite,21.6,2024-25,602,,official_district_average,official_state_export,georgia_goews_2024_25_scores_crosswalked,high,Georgia GOSA district average; All Students; highest/recent score export.
1600000US1359080,Panthersville CDP,13,9700000US1301740,DeKalb County School District,100.000,census_tiger_2023_polygon_intersection,medium,candidate_spatial,SAT,average_composite,922.6,2024-25,4213.5,,official_district_average,official_state_export,georgia_goews_2024_25_scores_crosswalked,high,Georgia GOSA district average; All Students; highest/recent score export.
1600000US1360312,Perkins CDP,13,9700000US1303090,Jenkins County School District,100.000,census_tiger_2023_polygon_intersection,medium,candidate_spatial,SAT,average_composite,983.1,2024-25,16,,official_district_average,official_state_export,georgia_goews_2024_25_scores_crosswalked,high,Georgia GOSA district average; All Students; highest/recent score export.
1600000US1360508,Phillipsburg CDP,13,9700000US1304980,Tift County School District,100.000,census_tiger_2023_polygon_intersection,medium,candidate_spatial,SAT,average_composite,1026.3,2024-25,124,,official_district_average,official_state_export,georgia_goews_2024_25_scores_crosswalked,high,Georgia GOSA district average; All Students; highest/recent score export.
1600000US1361376,Piney Grove CDP,13,9700000US1302700,Harris County School District,100.000,census_tiger_2023_polygon_intersection,medium,candidate_spatial,ACT,average_composite,21.5,2024-25,44,,official_district_average,official_state_export,georgia_goews_2024_25_scores_crosswalked,high,Georgia GOSA district average; All Students; highest/recent score export.
1600000US1361376,Piney Grove CDP,13,9700000US1302700,Harris County School District,100.000,census_tiger_2023_polygon_intersection,medium,candidate_spatial,SAT,average_composite,1109.8,2024-25,107,,official_district_average,official_state_export,georgia_goews_2024_25_scores_crosswalked,high,Georgia GOSA district average; All Students; highest/recent score export.
1600000US1363084,Putney CDP,13,9700000US1301830,Dougherty School District,100.000,census_tiger_2023_polygon_intersection,medium,candidate_spatial,ACT,average_composite,16,2024-25,21,,official_district_average,official_state_export,georgia_goews_2024_25_scores_crosswalked,high,Georgia GOSA district average; All Students; highest/recent score export.
1600000US1363084,Putney CDP,13,9700000US1301830,Dougherty School District,100.000,census_tiger_2023_polygon_intersection,medium,candidate_spatial,SAT,average_composite,848,2024-25,518,,official_district_average,official_state_export,georgia_goews_2024_25_scores_crosswalked,high,Georgia GOSA district average; All Students; highest/recent score export.
1600000US1363588,Raoul CDP,13,9700000US1302580,Habersham County School District,100.000,census_tiger_2023_polygon_intersection,medium,candidate_spatial,SAT,average_composite,1082,2024-25,109,,official_district_average,official_state_export,georgia_goews_2024_25_scores_crosswalked,high,Georgia GOSA district average; All Students; highest/recent score export.
1600000US1363952,Redan CDP,13,9700000US1301740,DeKalb County School District,100.000,census_tiger_2023_polygon_intersection,medium,candidate_spatial,ACT,average_composite,21.6,2024-25,602,,official_district_average,official_state_export,georgia_goews_2024_25_scores_crosswalked,high,Georgia GOSA district average; All Students; highest/recent score export.
1600000US1363952,Redan CDP,13,9700000US1301740,DeKalb County School District,100.000,census_tiger_2023_polygon_intersection,medium,candidate_spatial,SAT,average_composite,922.6,2024-25,4213.5,,official_district_average,official_state_export,georgia_goews_2024_25_scores_crosswalked,high,Georgia GOSA district average; All Students; highest/recent score export.
1600000US1364288,Reed Creek CDP,13,9700000US1302730,Hart County School District,100.000,census_tiger_2023_polygon_intersection,medium,candidate_spatial,SAT,average_composite,1023.7,2024-25,89,,official_district_average,official_state_export,georgia_goews_2024_25_scores_crosswalked,high,Georgia GOSA district average; All Students; highest/recent score export.
1600000US1365968,Robins AFB CDP,13,9700000US1302880,Houston County School District,100.000,census_tiger_2023_polygon_intersection,medium,candidate_spatial,ACT,average_composite,21.3,2024-25,169,,official_district_average,official_state_export,georgia_goews_2024_25_scores_crosswalked,high,Georgia GOSA district average; All Students; highest/recent score export.
1600000US1365968,Robins AFB CDP,13,9700000US1302880,Houston County School District,100.000,census_tiger_2023_polygon_intersection,medium,candidate_spatial,SAT,average_composite,1061.4,2024-25,758,,official_district_average,official_state_export,georgia_goews_2024_25_scores_crosswalked,high,Georgia GOSA district average; All Students; highest/recent score export.
1600000US1366220,Rockingham CDP,13,9700000US1300150,Bacon County School District,100.000,census_tiger_2023_polygon_intersection,medium,candidate_spatial,SAT,average_composite,1007.6,2024-25,17,,official_district_average,official_state_export,georgia_goews_2024_25_scores_crosswalked,high,Georgia GOSA district average; All Students; highest/recent score export.
1600000US1366304,Rock Spring CDP,13,9700000US1305370,Walker County School District,100.000,census_tiger_2023_polygon_intersection,medium,candidate_spatial,ACT,average_composite,21.1,2024-25,105,,official_district_average,official_state_export,georgia_goews_2024_25_scores_crosswalked,high,Georgia GOSA district average; All Students; highest/recent score export.
1600000US1366304,Rock Spring CDP,13,9700000US1305370,Walker County School District,100.000,census_tiger_2023_polygon_intersection,medium,candidate_spatial,SAT,average_composite,1136.9,2024-25,16,,official_district_average,official_state_export,georgia_goews_2024_25_scores_crosswalked,high,Georgia GOSA district average; All Students; highest/recent score export.
1600000US1367676,Russell CDP,13,9700000US1300290,Barrow County School District,100.000,census_tiger_2023_polygon_intersection,medium,candidate_spatial,ACT,average_composite,20,2024-25,40,,official_district_average,official_state_export,georgia_goews_2024_25_scores_crosswalked,high,Georgia GOSA district average; All Students; highest/recent score export.
1600000US1367676,Russell CDP,13,9700000US1300290,Barrow County School District,100.000,census_tiger_2023_polygon_intersection,medium,candidate_spatial,SAT,average_composite,1026.7,2024-25,251,,official_district_average,official_state_export,georgia_goews_2024_25_scores_crosswalked,high,Georgia GOSA district average; All Students; highest/recent score export.
1600000US1368040,St. Simons CDP,13,9700000US1302400,Glynn County School District,100.000,census_tiger_2023_polygon_intersection,medium,candidate_spatial,ACT,average_composite,22.1,2024-25,112,,official_district_average,official_state_export,georgia_goews_2024_25_scores_crosswalked,high,Georgia GOSA district average; All Students; highest/recent score export.
1600000US1368040,St. Simons CDP,13,9700000US1302400,Glynn County School District,100.000,census_tiger_2023_polygon_intersection,medium,candidate_spatial,SAT,average_composite,1088.9,2024-25,258,,official_district_average,official_state_export,georgia_goews_2024_25_scores_crosswalked,high,Georgia GOSA district average; All Students; highest/recent score export.
1600000US1368129,Salem CDP,13,9700000US1305280,Upson County School District,100.000,census_tiger_2023_polygon_intersection,medium,candidate_spatial,ACT,average_composite,21.3,2024-25,11,,official_district_average,official_state_export,georgia_goews_2024_25_scores_crosswalked,high,Georgia GOSA district average; All Students; highest/recent score export.
1600000US1368129,Salem CDP,13,9700000US1305280,Upson County School District,100.000,census_tiger_2023_polygon_intersection,medium,candidate_spatial,SAT,average_composite,1001.5,2024-25,75,,official_district_average,official_state_export,georgia_goews_2024_25_scores_crosswalked,high,Georgia GOSA district average; All Students; highest/recent score export.
1600000US1368805,Satilla CDP,13,9700000US1303000,Jeff Davis County School District,100.000,census_tiger_2023_polygon_intersection,medium,candidate_spatial,SAT,average_composite,1097.4,2024-25,27,,official_district_average,official_state_export,georgia_goews_2024_25_scores_crosswalked,high,Georgia GOSA district average; All Students; highest/recent score export.
1600000US1368880,Sautee-Nacoochee CDP,13,9700000US1305670,White County School District,100.000,census_tiger_2023_polygon_intersection,medium,candidate_spatial,ACT,average_composite,22.1,2024-25,12,,official_district_average,official_state_export,georgia_goews_2024_25_scores_crosswalked,high,Georgia GOSA district average; All Students; highest/recent score export.
1600000US1368880,Sautee-Nacoochee CDP,13,9700000US1305670,White County School District,100.000,census_tiger_2023_polygon_intersection,medium,candidate_spatial,SAT,average_composite,1054.7,2024-25,78,,official_district_average,official_state_export,georgia_goews_2024_25_scores_crosswalked,high,Georgia GOSA district average; All Students; highest/recent score export.
1600000US1369392,Scottdale CDP,13,9700000US1301740,DeKalb County School District,100.000,census_tiger_2023_polygon_intersection,medium,candidate_spatial,ACT,average_composite,21.6,2024-25,602,,official_district_average,official_state_export,georgia_goews_2024_25_scores_crosswalked,high,Georgia GOSA district average; All Students; highest/recent score export.
1600000US1369392,Scottdale CDP,13,9700000US1301740,DeKalb County School District,100.000,census_tiger_2023_polygon_intersection,medium,candidate_spatial,SAT,average_composite,922.6,2024-25,4213.5,,official_district_average,official_state_export,georgia_goews_2024_25_scores_crosswalked,high,Georgia GOSA district average; All Students; highest/recent score export.
1600000US1369728,Seville CDP,13,9700000US1305730,Wilcox County School District,100.000,census_tiger_2023_polygon_intersection,medium,candidate_spatial,SAT,average_composite,973.2,2024-25,22,,official_district_average,official_state_export,georgia_goews_2024_25_scores_crosswalked,high,Georgia GOSA district average; All Students; highest/recent score export.
1600000US1369868,Shannon CDP,13,9700000US1302190,Floyd County School District,100.000,census_tiger_2023_polygon_intersection,medium,candidate_spatial,ACT,average_composite,20.6,2024-25,85,,official_district_average,official_state_export,georgia_goews_2024_25_scores_crosswalked,high,Georgia GOSA district average; All Students; highest/recent score export.
1600000US1369868,Shannon CDP,13,9700000US1302190,Floyd County School District,100.000,census_tiger_2023_polygon_intersection,medium,candidate_spatial,SAT,average_composite,1072.9,2024-25,125,,official_district_average,official_state_export,georgia_goews_2024_25_scores_crosswalked,high,Georgia GOSA district average; All Students; highest/recent score export.
1600000US1371184,Skidaway Island CDP,13,9700000US1301020,Chatham County School District,100.000,census_tiger_2023_polygon_intersection,medium,candidate_spatial,ACT,average_composite,19.6,2024-25,114,,official_district_average,official_state_export,georgia_goews_2024_25_scores_crosswalked,high,Georgia GOSA district average; All Students; highest/recent score export.
1600000US1371184,Skidaway Island CDP,13,9700000US1301020,Chatham County School District,100.000,census_tiger_2023_polygon_intersection,medium,candidate_spatial,SAT,average_composite,1000.3,2024-25,822,,official_district_average,official_state_export,georgia_goews_2024_25_scores_crosswalked,high,Georgia GOSA district average; All Students; highest/recent score export.
1600000US1371296,Smarr CDP,13,9700000US1303720,Monroe County School District,100.000,census_tiger_2023_polygon_intersection,medium,candidate_spatial,ACT,average_composite,20.7,2024-25,25,,official_district_average,official_state_export,georgia_goews_2024_25_scores_crosswalked,high,Georgia GOSA district average; All Students; highest/recent score export.
1600000US1371296,Smarr CDP,13,9700000US1303720,Monroe County School District,100.000,census_tiger_2023_polygon_intersection,medium,candidate_spatial,SAT,average_composite,1040.8,2024-25,92,,official_district_average,official_state_export,georgia_goews_2024_25_scores_crosswalked,high,Georgia GOSA district average; All Students; highest/recent score export.
1600000US1373452,Sterling CDP,13,9700000US1302400,Glynn County School District,100.000,census_tiger_2023_polygon_intersection,medium,candidate_spatial,ACT,average_composite,22.1,2024-25,112,,official_district_average,official_state_export,georgia_goews_2024_25_scores_crosswalked,high,Georgia GOSA district average; All Students; highest/recent score export.
1600000US1373452,Sterling CDP,13,9700000US1302400,Glynn County School District,100.000,census_tiger_2023_polygon_intersection,medium,candidate_spatial,SAT,average_composite,1088.9,2024-25,258,,official_district_average,official_state_export,georgia_goews_2024_25_scores_crosswalked,high,Georgia GOSA district average; All Students; highest/recent score export.
1600000US1373760,Stockton CDP,13,9700000US1303240,Lanier County School District,100.000,census_tiger_2023_polygon_intersection,medium,candidate_spatial,SAT,average_composite,1029.6,2024-25,25,,official_district_average,official_state_export,georgia_goews_2024_25_scores_crosswalked,high,Georgia GOSA district average; All Students; highest/recent score export.
1600000US1374628,Sunnyside CDP,13,9700000US1305430,Ware County School District,100.000,census_tiger_2023_polygon_intersection,medium,candidate_spatial,ACT,average_composite,18.5,2024-25,21,,official_district_average,official_state_export,georgia_goews_2024_25_scores_crosswalked,high,Georgia GOSA district average; All Students; highest/recent score export.
1600000US1374628,Sunnyside CDP,13,9700000US1305430,Ware County School District,100.000,census_tiger_2023_polygon_intersection,medium,candidate_spatial,SAT,average_composite,1008.3,2024-25,77,,official_district_average,official_state_export,georgia_goews_2024_25_scores_crosswalked,high,Georgia GOSA district average; All Students; highest/recent score export.
1600000US1374768,Sunset Village CDP,13,9700000US1305280,Upson County School District,100.000,census_tiger_2023_polygon_intersection,medium,candidate_spatial,ACT,average_composite,21.3,2024-25,11,,official_district_average,official_state_export,georgia_goews_2024_25_scores_crosswalked,high,Georgia GOSA district average; All Students; highest/recent score export.
1600000US1374768,Sunset Village CDP,13,9700000US1305280,Upson County School District,100.000,census_tiger_2023_polygon_intersection,medium,candidate_spatial,SAT,average_composite,1001.5,2024-25,75,,official_district_average,official_state_export,georgia_goews_2024_25_scores_crosswalked,high,Georgia GOSA district average; All Students; highest/recent score export.
1600000US1375239,Talahi Island CDP,13,9700000US1301020,Chatham County School District,100.000,census_tiger_2023_polygon_intersection,medium,candidate_spatial,ACT,average_composite,19.6,2024-25,114,,official_district_average,official_state_export,georgia_goews_2024_25_scores_crosswalked,high,Georgia GOSA district average; All Students; highest/recent score export.
1600000US1375239,Talahi Island CDP,13,9700000US1301020,Chatham County School District,100.000,census_tiger_2023_polygon_intersection,medium,candidate_spatial,SAT,average_composite,1000.3,2024-25,822,,official_district_average,official_state_export,georgia_goews_2024_25_scores_crosswalked,high,Georgia GOSA district average; All Students; highest/recent score export.
1600000US1375580,Tate City CDP,13,9700000US1305070,Towns County School District,100.000,census_tiger_2023_polygon_intersection,medium,candidate_spatial,SAT,average_composite,1149.3,2024-25,15,,official_district_average,official_state_export,georgia_goews_2024_25_scores_crosswalked,high,Georgia GOSA district average; All Students; highest/recent score export.
1600000US1375692,Tazewell CDP,13,9700000US1303540,Marion County School District,100.000,census_tiger_2023_polygon_intersection,medium,candidate_spatial,SAT,average_composite,876.3,2024-25,30,,official_district_average,official_state_export,georgia_goews_2024_25_scores_crosswalked,high,Georgia GOSA district average; All Students; highest/recent score export.
1600000US1376112,The Rock CDP,13,9700000US1305280,Upson County School District,100.000,census_tiger_2023_polygon_intersection,medium,candidate_spatial,ACT,average_composite,21.3,2024-25,11,,official_district_average,official_state_export,georgia_goews_2024_25_scores_crosswalked,high,Georgia GOSA district average; All Students; highest/recent score export.
1600000US1376112,The Rock CDP,13,9700000US1305280,Upson County School District,100.000,census_tiger_2023_polygon_intersection,medium,candidate_spatial,SAT,average_composite,1001.5,2024-25,75,,official_district_average,official_state_export,georgia_goews_2024_25_scores_crosswalked,high,Georgia GOSA district average; All Students; highest/recent score export.
1600000US1378464,Unionville CDP,13,9700000US1304980,Tift County School District,100.000,census_tiger_2023_polygon_intersection,medium,candidate_spatial,SAT,average_composite,1026.3,2024-25,124,,official_district_average,official_state_export,georgia_goews_2024_25_scores_crosswalked,high,Georgia GOSA district average; All Students; highest/recent score export.
1600000US1379612,Vinings CDP,13,9700000US1301290,Cobb County School District,100.000,census_tiger_2023_polygon_intersection,medium,candidate_spatial,ACT,average_composite,23,2024-25,1245,,official_district_average,official_state_export,georgia_goews_2024_25_scores_crosswalked,high,Georgia GOSA district average; All Students; highest/recent score export.
1600000US1379612,Vinings CDP,13,9700000US1301290,Cobb County School District,100.000,census_tiger_2023_polygon_intersection,medium,candidate_spatial,SAT,average_composite,1092.9,2024-25,3758,,official_district_average,official_state_export,georgia_goews_2024_25_scores_crosswalked,high,Georgia GOSA district average; All Students; highest/recent score export.
1600000US1380368,Waresboro CDP,13,9700000US1305430,Ware County School District,100.000,census_tiger_2023_polygon_intersection,medium,candidate_spatial,ACT,average_composite,18.5,2024-25,21,,official_district_average,official_state_export,georgia_goews_2024_25_scores_crosswalked,high,Georgia GOSA district average; All Students; highest/recent score export.
1600000US1380368,Waresboro CDP,13,9700000US1305430,Ware County School District,100.000,census_tiger_2023_polygon_intersection,medium,candidate_spatial,SAT,average_composite,1008.3,2024-25,77,,official_district_average,official_state_export,georgia_goews_2024_25_scores_crosswalked,high,Georgia GOSA district average; All Students; highest/recent score export.
1600000US1380648,Warthen CDP,13,9700000US1305490,Washington County School District,100.000,census_tiger_2023_polygon_intersection,medium,candidate_spatial,ACT,average_composite,15.9,2024-25,12,,official_district_average,official_state_export,georgia_goews_2024_25_scores_crosswalked,high,Georgia GOSA district average; All Students; highest/recent score export.
1600000US1380648,Warthen CDP,13,9700000US1305490,Washington County School District,100.000,census_tiger_2023_polygon_intersection,medium,candidate_spatial,SAT,average_composite,951.2,2024-25,41,,official_district_average,official_state_export,georgia_goews_2024_25_scores_crosswalked,high,Georgia GOSA district average; All Students; highest/recent score export.
1600000US1380816,Waverly CDP,13,9700000US1300780,Camden County School District,100.000,census_tiger_2023_polygon_intersection,medium,candidate_spatial,ACT,average_composite,22.8,2024-25,37,,official_district_average,official_state_export,georgia_goews_2024_25_scores_crosswalked,high,Georgia GOSA district average; All Students; highest/recent score export.
1600000US1380816,Waverly CDP,13,9700000US1300780,Camden County School District,100.000,census_tiger_2023_polygon_intersection,medium,candidate_spatial,SAT,average_composite,1081.3,2024-25,222,,official_district_average,official_state_export,georgia_goews_2024_25_scores_crosswalked,high,Georgia GOSA district average; All Students; highest/recent score export.
1600000US1381012,Waynesville CDP,13,9700000US1300480,Brantley County School District,100.000,census_tiger_2023_polygon_intersection,medium,candidate_spatial,SAT,average_composite,1036,2024-25,20,,official_district_average,official_state_export,georgia_goews_2024_25_scores_crosswalked,high,Georgia GOSA district average; All Students; highest/recent score export.
1600000US1381208,Wenona CDP,13,9700000US1301560,Crisp County School District,100.000,census_tiger_2023_polygon_intersection,medium,candidate_spatial,SAT,average_composite,948.3,2024-25,78,,official_district_average,official_state_export,georgia_goews_2024_25_scores_crosswalked,high,Georgia GOSA district average; All Students; highest/recent score export.
1600000US1381488,West Brow CDP,13,9700000US1301590,Dade County School District,100.000,census_tiger_2023_polygon_intersection,medium,candidate_spatial,ACT,average_composite,18.8,2024-25,25,,official_district_average,official_state_export,georgia_goews_2024_25_scores_crosswalked,high,Georgia GOSA district average; All Students; highest/recent score export.
1600000US1381488,West Brow CDP,13,9700000US1301590,Dade County School District,100.000,census_tiger_2023_polygon_intersection,medium,candidate_spatial,SAT,average_composite,1026.3,2024-25,16,,official_district_average,official_state_export,georgia_goews_2024_25_scores_crosswalked,high,Georgia GOSA district average; All Students; highest/recent score export.
1600000US1382636,Whitemarsh Island CDP,13,9700000US1301020,Chatham County School District,100.000,census_tiger_2023_polygon_intersection,medium,candidate_spatial,ACT,average_composite,19.6,2024-25,114,,official_district_average,official_state_export,georgia_goews_2024_25_scores_crosswalked,high,Georgia GOSA district average; All Students; highest/recent score export.
1600000US1382636,Whitemarsh Island CDP,13,9700000US1301020,Chatham County School District,100.000,census_tiger_2023_polygon_intersection,medium,candidate_spatial,SAT,average_composite,1000.3,2024-25,822,,official_district_average,official_state_export,georgia_goews_2024_25_scores_crosswalked,high,Georgia GOSA district average; All Students; highest/recent score export.
1600000US1382916,Wildwood CDP,13,9700000US1301590,Dade County School District,100.000,census_tiger_2023_polygon_intersection,medium,candidate_spatial,ACT,average_composite,18.8,2024-25,25,,official_district_average,official_state_export,georgia_goews_2024_25_scores_crosswalked,high,Georgia GOSA district average; All Students; highest/recent score export.
1600000US1382916,Wildwood CDP,13,9700000US1301590,Dade County School District,100.000,census_tiger_2023_polygon_intersection,medium,candidate_spatial,SAT,average_composite,1026.3,2024-25,16,,official_district_average,official_state_export,georgia_goews_2024_25_scores_crosswalked,high,Georgia GOSA district average; All Students; highest/recent score export.
1600000US1383168,Wilmington Island CDP,13,9700000US1301020,Chatham County School District,100.000,census_tiger_2023_polygon_intersection,medium,candidate_spatial,ACT,average_composite,19.6,2024-25,114,,official_district_average,official_state_export,georgia_goews_2024_25_scores_crosswalked,high,Georgia GOSA district average; All Students; highest/recent score export.
1600000US1383168,Wilmington Island CDP,13,9700000US1301020,Chatham County School District,100.000,census_tiger_2023_polygon_intersection,medium,candidate_spatial,SAT,average_composite,1000.3,2024-25,822,,official_district_average,official_state_export,georgia_goews_2024_25_scores_crosswalked,high,Georgia GOSA district average; All Students; highest/recent score export.
1600000US1384832,Yonah CDP,13,9700000US1305670,White County School District,100.000,census_tiger_2023_polygon_intersection,medium,candidate_spatial,ACT,average_composite,22.1,2024-25,12,,official_district_average,official_state_export,georgia_goews_2024_25_scores_crosswalked,high,Georgia GOSA district average; All Students; highest/recent score export.
1600000US1384832,Yonah CDP,13,9700000US1305670,White County School District,100.000,census_tiger_2023_polygon_intersection,medium,candidate_spatial,SAT,average_composite,1054.7,2024-25,78,,official_district_average,official_state_export,georgia_goews_2024_25_scores_crosswalked,high,Georgia GOSA district average; All Students; highest/recent score export.
1600000US2135380,Hazel city,21,9700000US2100870,Calloway County School District,100.000,census_tiger_2023_polygon_intersection,medium,candidate_spatial,ACT,average_composite,18.5,2024-25,201,,official_district_total_grade_11_average,official_state_export,kentucky_act_2024_25_scores,high,Kentucky district total; ACT grade 11 average score by site; all students aggregate as published.
1600000US2143444,LaFayette city,21,9700000US2101150,Christian County School District,100.000,census_tiger_2023_polygon_intersection,medium,candidate_spatial,ACT,average_composite,16.8,2024-25,524,,official_district_total_grade_11_average,official_state_export,kentucky_act_2024_25_scores,high,Kentucky district total; ACT grade 11 average score by site; all students aggregate as published.
1600000US2113060,Carrsville city,21,9700000US2103510,Livingston County School District,100.000,census_tiger_2023_polygon_intersection,medium,candidate_spatial,ACT,average_composite,17.8,2024-25,67,,official_district_total_grade_11_average,official_state_export,kentucky_act_2024_25_scores,high,Kentucky district total; ACT grade 11 average score by site; all students aggregate as published.
1600000US2105068,Beechwood Village city,21,9700000US2102990,Jefferson County School District,100.000,census_tiger_2023_polygon_intersection,medium,candidate_spatial,ACT,average_composite,17.4,2024-25,6433,,official_district_total_grade_11_average,official_state_export,kentucky_act_2024_25_scores,high,Kentucky district total; ACT grade 11 average score by site; all students aggregate as published.
1600000US2168556,Sandy Hook city,21,9700000US2101680,Elliott County School District,100.000,census_tiger_2023_polygon_intersection,medium,candidate_spatial,ACT,average_composite,16.5,2024-25,67,,official_district_total_grade_11_average,official_state_export,kentucky_act_2024_25_scores,high,Kentucky district total; ACT grade 11 average score by site; all students aggregate as published.
1600000US2167890,St. Mary city,21,9700000US2103780,Marion County School District,100.000,census_tiger_2023_polygon_intersection,medium,candidate_spatial,ACT,average_composite,17.4,2024-25,228,,official_district_total_grade_11_average,official_state_export,kentucky_act_2024_25_scores,high,Kentucky district total; ACT grade 11 average score by site; all students aggregate as published.
1600000US2141716,Keene city,21,9700000US2103030,Jessamine County School District,100.000,census_tiger_2023_polygon_intersection,medium,candidate_spatial,ACT,average_composite,18.4,2024-25,629,,official_district_total_grade_11_average,official_state_export,kentucky_act_2024_25_scores,high,Kentucky district total; ACT grade 11 average score by site; all students aggregate as published.
1600000US2116110,Coal Run Village city,21,9700000US2104800,Pike County School District,100.000,census_tiger_2023_polygon_intersection,medium,candidate_spatial,ACT,average_composite,17.4,2024-25,478,,official_district_total_grade_11_average,official_state_export,kentucky_act_2024_25_scores,high,Kentucky district total; ACT grade 11 average score by site; all students aggregate as published.
1600000US2104654,Beaver Dam city,21,9700000US2104500,Ohio County School District,100.000,census_tiger_2023_polygon_intersection,medium,candidate_spatial,ACT,average_composite,18.6,2024-25,237,,official_district_total_grade_11_average,official_state_export,kentucky_act_2024_25_scores,high,Kentucky district total; ACT grade 11 average score by site; all students aggregate as published.
1600000US2149098,McHenry city,21,9700000US2104500,Ohio County School District,100.000,census_tiger_2023_polygon_intersection,medium,candidate_spatial,ACT,average_composite,18.6,2024-25,237,,official_district_total_grade_11_average,official_state_export,kentucky_act_2024_25_scores,high,Kentucky district total; ACT grade 11 average score by site; all students aggregate as published.
1600000US2165226,Richmond city,21,9700000US2103720,Madison County School District,100.000,census_tiger_2023_polygon_intersection,medium,candidate_spatial,ACT,average_composite,18.9,2024-25,796,,official_district_total_grade_11_average,official_state_export,kentucky_act_2024_25_scores,high,Kentucky district total; ACT grade 11 average score by site; all students aggregate as published.
1600000US2119882,Danville city,21,9700000US2100630,Boyle County School District,42.834,census_tiger_2023_polygon_intersection,low,candidate_spatial,ACT,average_composite,20.9,2024-25,211,,official_district_total_grade_11_average,official_state_export,kentucky_act_2024_25_scores,high,Kentucky district total; ACT grade 11 average score by site; all students aggregate as published.
1600000US2119882,Danville city,21,9700000US2101440,Danville Independent School District,57.166,census_tiger_2023_polygon_intersection,medium,candidate_spatial,ACT,average_composite,17,2024-25,134,,official_district_total_grade_11_average,official_state_export,kentucky_act_2024_25_scores,high,Kentucky district total; ACT grade 11 average score by site; all students aggregate as published.
1600000US2173038,Stamping Ground city,21,9700000US2105260,Scott County School District,100.000,census_tiger_2023_polygon_intersection,medium,candidate_spatial,ACT,average_composite,18.4,2024-25,739,,official_district_total_grade_11_average,official_state_export,kentucky_act_2024_25_scores,high,Kentucky district total; ACT grade 11 average score by site; all students aggregate as published.
1600000US2161356,Pioneer Village city,21,9700000US2100750,Bullitt County School District,100.000,census_tiger_2023_polygon_intersection,medium,candidate_spatial,ACT,average_composite,17.9,2024-25,1025,,official_district_total_grade_11_average,official_state_export,kentucky_act_2024_25_scores,high,Kentucky district total; ACT grade 11 average score by site; all students aggregate as published.
1600000US2149116,McKee city,21,9700000US2102940,Jackson County School District,100.000,census_tiger_2023_polygon_intersection,medium,candidate_spatial,ACT,average_composite,17.4,2024-25,118,,official_district_total_grade_11_average,official_state_export,kentucky_act_2024_25_scores,high,Kentucky district total; ACT grade 11 average score by site; all students aggregate as published.
1600000US2128900,Frankfort city,21,9700000US2101980,Frankfort Independent School District,14.793,census_tiger_2023_polygon_intersection,low,candidate_spatial,ACT,average_composite,19.6,2024-25,92,,official_district_total_grade_11_average,official_state_export,kentucky_act_2024_25_scores,high,Kentucky district total; ACT grade 11 average score by site; all students aggregate as published.
1600000US2128900,Frankfort city,21,9700000US2102010,Franklin County School District,85.207,census_tiger_2023_polygon_intersection,medium,candidate_spatial,ACT,average_composite,18,2024-25,416,,official_district_total_grade_11_average,official_state_export,kentucky_act_2024_25_scores,high,Kentucky district total; ACT grade 11 average score by site; all students aggregate as published.
1600000US2158962,Paintsville city,21,9700000US2104680,Paintsville Independent School District,46.773,census_tiger_2023_polygon_intersection,low,candidate_spatial,ACT,average_composite,18.3,2024-25,46,,official_district_total_grade_11_average,official_state_export,kentucky_act_2024_25_scores,high,Kentucky district total; ACT grade 11 average score by site; all students aggregate as published.
1600000US2158962,Paintsville city,21,9700000US2103060,Johnson County School District,53.227,census_tiger_2023_polygon_intersection,medium,candidate_spatial,ACT,average_composite,18.1,2024-25,249,,official_district_total_grade_11_average,official_state_export,kentucky_act_2024_25_scores,high,Kentucky district total; ACT grade 11 average score by site; all students aggregate as published.
1600000US2140240,Jeffersonville city,21,9700000US2104250,Montgomery County School District,100.000,census_tiger_2023_polygon_intersection,medium,candidate_spatial,ACT,average_composite,18,2024-25,312,,official_district_total_grade_11_average,official_state_export,kentucky_act_2024_25_scores,high,Kentucky district total; ACT grade 11 average score by site; all students aggregate as published.
1600000US2153130,Monticello city,21,9700000US2105790,Wayne County School District,100.000,census_tiger_2023_polygon_intersection,medium,candidate_spatial,ACT,average_composite,15.8,2024-25,228,,official_district_total_grade_11_average,official_state_export,kentucky_act_2024_25_scores,high,Kentucky district total; ACT grade 11 average score by site; all students aggregate as published.
1600000US2158836,Paducah city,21,9700000US2104650,Paducah Independent School District,50.905,census_tiger_2023_polygon_intersection,medium,candidate_spatial,ACT,average_composite,16.9,2024-25,206,,official_district_total_grade_11_average,official_state_export,kentucky_act_2024_25_scores,high,Kentucky district total; ACT grade 11 average score by site; all students aggregate as published.
1600000US2158836,Paducah city,21,9700000US2103960,McCracken County School District,49.095,census_tiger_2023_polygon_intersection,low,candidate_spatial,ACT,average_composite,20,2024-25,431,,official_district_total_grade_11_average,official_state_export,kentucky_act_2024_25_scores,high,Kentucky district total; ACT grade 11 average score by site; all students aggregate as published.
1600000US2167638,Sacramento city,21,9700000US2104020,McLean County School District,100.000,census_tiger_2023_polygon_intersection,medium,candidate_spatial,ACT,average_composite,17.8,2024-25,99,,official_district_total_grade_11_average,official_state_export,kentucky_act_2024_25_scores,high,Kentucky district total; ACT grade 11 average score by site; all students aggregate as published.
1600000US2132572,Grayson city,21,9700000US2101020,Carter County School District,100.000,census_tiger_2023_polygon_intersection,medium,candidate_spatial,ACT,average_composite,17,2024-25,306,,official_district_total_grade_11_average,official_state_export,kentucky_act_2024_25_scores,high,Kentucky district total; ACT grade 11 average score by site; all students aggregate as published.
1600000US2153418,Morehead city,21,9700000US2105100,Rowan County School District,100.000,census_tiger_2023_polygon_intersection,medium,candidate_spatial,ACT,average_composite,18.1,2024-25,227,,official_district_total_grade_11_average,official_state_export,kentucky_act_2024_25_scores,high,Kentucky district total; ACT grade 11 average score by site; all students aggregate as published.
1600000US2181624,West Buechel city,21,9700000US2102990,Jefferson County School District,100.000,census_tiger_2023_polygon_intersection,medium,candidate_spatial,ACT,average_composite,17.4,2024-25,6433,,official_district_total_grade_11_average,official_state_export,kentucky_act_2024_25_scores,high,Kentucky district total; ACT grade 11 average score by site; all students aggregate as published.
1600000US2182164,Westwood city,21,9700000US2102990,Jefferson County School District,100.000,census_tiger_2023_polygon_intersection,medium,candidate_spatial,ACT,average_composite,17.4,2024-25,6433,,official_district_total_grade_11_average,official_state_export,kentucky_act_2024_25_scores,high,Kentucky district total; ACT grade 11 average score by site; all students aggregate as published.
1600000US2158692,Owenton city,21,9700000US2104560,Owen County School District,100.000,census_tiger_2023_polygon_intersection,medium,candidate_spatial,ACT,average_composite,16.8,2024-25,134,,official_district_total_grade_11_average,official_state_export,kentucky_act_2024_25_scores,high,Kentucky district total; ACT grade 11 average score by site; all students aggregate as published.
1600000US2182776,Whitesburg city,21,9700000US2103360,Letcher County School District,100.000,census_tiger_2023_polygon_intersection,medium,candidate_spatial,ACT,average_composite,18.2,2024-25,144,,official_district_total_grade_11_average,official_state_export,kentucky_act_2024_25_scores,high,Kentucky district total; ACT grade 11 average score by site; all students aggregate as published.
1600000US2127846,Fleming-Neon city,21,9700000US2103360,Letcher County School District,100.000,census_tiger_2023_polygon_intersection,medium,candidate_spatial,ACT,average_composite,18.2,2024-25,144,,official_district_total_grade_11_average,official_state_export,kentucky_act_2024_25_scores,high,Kentucky district total; ACT grade 11 average score by site; all students aggregate as published.
1600000US2179590,Vicco city,21,9700000US2104770,Perry County School District,92.035,census_tiger_2023_polygon_intersection,medium,candidate_spatial,ACT,average_composite,16.7,2024-25,218,,official_district_total_grade_11_average,official_state_export,kentucky_act_2024_25_scores,high,Kentucky district total; ACT grade 11 average score by site; all students aggregate as published.
1600000US2179590,Vicco city,21,9700000US2103120,Knott County School District,7.965,census_tiger_2023_polygon_intersection,low,candidate_spatial,ACT,average_composite,17.3,2024-25,153,,official_district_total_grade_11_average,official_state_export,kentucky_act_2024_25_scores,high,Kentucky district total; ACT grade 11 average score by site; all students aggregate as published.
1600000US2135362,Hazard city,21,9700000US2104770,Perry County School District,32.997,census_tiger_2023_polygon_intersection,low,candidate_spatial,ACT,average_composite,16.7,2024-25,218,,official_district_total_grade_11_average,official_state_export,kentucky_act_2024_25_scores,high,Kentucky district total; ACT grade 11 average score by site; all students aggregate as published.
1600000US2135362,Hazard city,21,9700000US2102670,Hazard Independent School District,67.003,census_tiger_2023_polygon_intersection,medium,candidate_spatial,ACT,average_composite,19,2024-25,73,,official_district_total_grade_11_average,official_state_export,kentucky_act_2024_25_scores,high,Kentucky district total; ACT grade 11 average score by site; all students aggregate as published.
1600000US2152140,Midway city,21,9700000US2106000,Woodford County School District,100.000,census_tiger_2023_polygon_intersection,medium,candidate_spatial,ACT,average_composite,19.3,2024-25,346,,official_district_total_grade_11_average,official_state_export,kentucky_act_2024_25_scores,high,Kentucky district total; ACT grade 11 average score by site; all students aggregate as published.
1600000US2102674,Augusta city,21,9700000US2100180,Augusta Independent School District,100.000,census_tiger_2023_polygon_intersection,medium,candidate_spatial,ACT,average_composite,16.4,2024-25,28,,official_district_total_grade_11_average,official_state_export,kentucky_act_2024_25_scores,high,Kentucky district total; ACT grade 11 average score by site; all students aggregate as published.
1600000US2110000,Brooksville city,21,9700000US2100660,Bracken County School District,100.000,census_tiger_2023_polygon_intersection,medium,candidate_spatial,ACT,average_composite,17.4,2024-25,100,,official_district_total_grade_11_average,official_state_export,kentucky_act_2024_25_scores,high,Kentucky district total; ACT grade 11 average score by site; all students aggregate as published.
1600000US2183550,Wilmore city,21,9700000US2103030,Jessamine County School District,100.000,census_tiger_2023_polygon_intersection,medium,candidate_spatial,ACT,average_composite,18.4,2024-25,629,,official_district_total_grade_11_average,official_state_export,kentucky_act_2024_25_scores,high,Kentucky district total; ACT grade 11 average score by site; all students aggregate as published.
1600000US2169114,Scottsville city,21,9700000US2100070,Allen County School District,100.000,census_tiger_2023_polygon_intersection,medium,candidate_spatial,ACT,average_composite,17,2024-25,217,,official_district_total_grade_11_average,official_state_export,kentucky_act_2024_25_scores,high,Kentucky district total; ACT grade 11 average score by site; all students aggregate as published.
1600000US2169852,Sharpsburg city,21,9700000US2100330,Bath County School District,100.000,census_tiger_2023_polygon_intersection,medium,candidate_spatial,ACT,average_composite,16.3,2024-25,146,,official_district_total_grade_11_average,official_state_export,kentucky_act_2024_25_scores,high,Kentucky district total; ACT grade 11 average score by site; all students aggregate as published.
1600000US2116750,Columbia city,21,9700000US2100030,Adair County School District,100.000,census_tiger_2023_polygon_intersection,medium,candidate_spatial,ACT,average_composite,16.8,2024-25,194,,official_district_total_grade_11_average,official_state_export,kentucky_act_2024_25_scores,high,Kentucky district total; ACT grade 11 average score by site; all students aggregate as published.
1600000US2105968,Berry city,21,9700000US2102580,Harrison County School District,100.000,census_tiger_2023_polygon_intersection,medium,candidate_spatial,ACT,average_composite,17.3,2024-25,239,,official_district_total_grade_11_average,official_state_export,kentucky_act_2024_25_scores,high,Kentucky district total; ACT grade 11 average score by site; all students aggregate as published.
1600000US2119432,Cynthiana city,21,9700000US2102580,Harrison County School District,100.000,census_tiger_2023_polygon_intersection,medium,candidate_spatial,ACT,average_composite,17.3,2024-25,239,,official_district_total_grade_11_average,official_state_export,kentucky_act_2024_25_scores,high,Kentucky district total; ACT grade 11 average score by site; all students aggregate as published.
1600000US2117686,Corydon city,21,9700000US2102710,Henderson County School District,100.000,census_tiger_2023_polygon_intersection,medium,candidate_spatial,ACT,average_composite,18.5,2024-25,534,,official_district_total_grade_11_average,official_state_export,kentucky_act_2024_25_scores,high,Kentucky district total; ACT grade 11 average score by site; all students aggregate as published.
1600000US2174064,Strathmoor Manor city,21,9700000US2102990,Jefferson County School District,100.000,census_tiger_2023_polygon_intersection,medium,candidate_spatial,ACT,average_composite,17.4,2024-25,6433,,official_district_total_grade_11_average,official_state_export,kentucky_act_2024_25_scores,high,Kentucky district total; ACT grade 11 average score by site; all students aggregate as published.
1600000US2169384,Seneca Gardens city,21,9700000US2102990,Jefferson County School District,100.000,census_tiger_2023_polygon_intersection,medium,candidate_spatial,ACT,average_composite,17.4,2024-25,6433,,official_district_total_grade_11_average,official_state_export,kentucky_act_2024_25_scores,high,Kentucky district total; ACT grade 11 average score by site; all students aggregate as published.
1600000US2152842,Mockingbird Valley city,21,9700000US2102990,Jefferson County School District,100.000,census_tiger_2023_polygon_intersection,medium,candidate_spatial,ACT,average_composite,17.4,2024-25,6433,,official_district_total_grade_11_average,official_state_export,kentucky_act_2024_25_scores,high,Kentucky district total; ACT grade 11 average score by site; all students aggregate as published.
1600000US2156928,Norwood city,21,9700000US2102990,Jefferson County School District,100.000,census_tiger_2023_polygon_intersection,medium,candidate_spatial,ACT,average_composite,17.4,2024-25,6433,,official_district_total_grade_11_average,official_state_export,kentucky_act_2024_25_scores,high,Kentucky district total; ACT grade 11 average score by site; all students aggregate as published.
1600000US2132986,Green Spring city,21,9700000US2102990,Jefferson County School District,100.000,census_tiger_2023_polygon_intersection,medium,candidate_spatial,ACT,average_composite,17.4,2024-25,6433,,official_district_total_grade_11_average,official_state_export,kentucky_act_2024_25_scores,high,Kentucky district total; ACT grade 11 average score by site; all students aggregate as published.
1600000US2131402,Glenview Hills city,21,9700000US2102990,Jefferson County School District,100.000,census_tiger_2023_polygon_intersection,medium,candidate_spatial,ACT,average_composite,17.4,2024-25,6433,,official_district_total_grade_11_average,official_state_export,kentucky_act_2024_25_scores,high,Kentucky district total; ACT grade 11 average score by site; all students aggregate as published.
1600000US2118270,Creekside city,21,9700000US2102990,Jefferson County School District,100.000,census_tiger_2023_polygon_intersection,medium,candidate_spatial,ACT,average_composite,17.4,2024-25,6433,,official_district_total_grade_11_average,official_state_export,kentucky_act_2024_25_scores,high,Kentucky district total; ACT grade 11 average score by site; all students aggregate as published.
1600000US2128612,Fort Wright city,21,9700000US2103090,Kenton County School District,95.355,census_tiger_2023_polygon_intersection,medium,candidate_spatial,ACT,average_composite,18.6,2024-25,1039,,official_district_total_grade_11_average,official_state_export,kentucky_act_2024_25_scores,high,Kentucky district total; ACT grade 11 average score by site; all students aggregate as published.
1600000US2128612,Fort Wright city,21,9700000US2100360,Beechwood Independent School District,2.755,census_tiger_2023_polygon_intersection,low,candidate_spatial,ACT,average_composite,23.5,2024-25,117,,official_district_total_grade_11_average,official_state_export,kentucky_act_2024_25_scores,high,Kentucky district total; ACT grade 11 average score by site; all students aggregate as published.
1600000US2128612,Fort Wright city,21,9700000US2101350,Covington Independent School District,1.890,census_tiger_2023_polygon_intersection,low,candidate_spatial,ACT,average_composite,14.9,2024-25,192,,official_district_total_grade_11_average,official_state_export,kentucky_act_2024_25_scores,high,Kentucky district total; ACT grade 11 average score by site; all students aggregate as published.
1600000US2179698,Villa Hills city,21,9700000US2103090,Kenton County School District,100.000,census_tiger_2023_polygon_intersection,medium,candidate_spatial,ACT,average_composite,18.6,2024-25,1039,,official_district_total_grade_11_average,official_state_export,kentucky_act_2024_25_scores,high,Kentucky district total; ACT grade 11 average score by site; all students aggregate as published.
1600000US2128558,Fort Mitchell city,21,9700000US2103090,Kenton County School District,19.792,census_tiger_2023_polygon_intersection,low,candidate_spatial,ACT,average_composite,18.6,2024-25,1039,,official_district_total_grade_11_average,official_state_export,kentucky_act_2024_25_scores,high,Kentucky district total; ACT grade 11 average score by site; all students aggregate as published.
1600000US2128558,Fort Mitchell city,21,9700000US2100360,Beechwood Independent School District,80.208,census_tiger_2023_polygon_intersection,medium,candidate_spatial,ACT,average_composite,23.5,2024-25,117,,official_district_total_grade_11_average,official_state_export,kentucky_act_2024_25_scores,high,Kentucky district total; ACT grade 11 average score by site; all students aggregate as published.
1600000US2123932,Edgewood city,21,9700000US2103090,Kenton County School District,92.905,census_tiger_2023_polygon_intersection,medium,candidate_spatial,ACT,average_composite,18.6,2024-25,1039,,official_district_total_grade_11_average,official_state_export,kentucky_act_2024_25_scores,high,Kentucky district total; ACT grade 11 average score by site; all students aggregate as published.
1600000US2123932,Edgewood city,21,9700000US2101740,Erlanger-Elsmere Independent School District,7.095,census_tiger_2023_polygon_intersection,low,candidate_spatial,ACT,average_composite,16.6,2024-25,184,,official_district_total_grade_11_average,official_state_export,kentucky_act_2024_25_scores,high,Kentucky district total; ACT grade 11 average score by site; all students aggregate as published.
1600000US2139142,Independence city,21,9700000US2103090,Kenton County School District,100.000,census_tiger_2023_polygon_intersection,medium,candidate_spatial,ACT,average_composite,18.6,2024-25,1039,,official_district_total_grade_11_average,official_state_export,kentucky_act_2024_25_scores,high,Kentucky district total; ACT grade 11 average score by site; all students aggregate as published.
1600000US2167602,Ryland Heights city,21,9700000US2103090,Kenton County School District,100.000,census_tiger_2023_polygon_intersection,medium,candidate_spatial,ACT,average_composite,18.6,2024-25,1039,,official_district_total_grade_11_average,official_state_export,kentucky_act_2024_25_scores,high,Kentucky district total; ACT grade 11 average score by site; all students aggregate as published.
1600000US2113492,Cave City city,21,9700000US2100300,Barren County School District,22.100,census_tiger_2023_polygon_intersection,low,candidate_spatial,ACT,average_composite,18.1,2024-25,370,,official_district_total_grade_11_average,official_state_export,kentucky_act_2024_25_scores,high,Kentucky district total; ACT grade 11 average score by site; all students aggregate as published.
1600000US2113492,Cave City city,21,9700000US2101110,Caverna Independent School District,77.900,census_tiger_2023_polygon_intersection,medium,candidate_spatial,ACT,average_composite,15.2,2024-25,57,,official_district_total_grade_11_average,official_state_export,kentucky_act_2024_25_scores,high,Kentucky district total; ACT grade 11 average score by site; all students aggregate as published.
1600000US2159232,Park City city,21,9700000US2100300,Barren County School District,100.000,census_tiger_2023_polygon_intersection,medium,candidate_spatial,ACT,average_composite,18.1,2024-25,370,,official_district_total_grade_11_average,official_state_export,kentucky_act_2024_25_scores,high,Kentucky district total; ACT grade 11 average score by site; all students aggregate as published.
1600000US2111098,Burkesville city,21,9700000US2101410,Cumberland County School District,100.000,census_tiger_2023_polygon_intersection,medium,candidate_spatial,ACT,average_composite,18.2,2024-25,72,,official_district_total_grade_11_average,official_state_export,kentucky_act_2024_25_scores,high,Kentucky district total; ACT grade 11 average score by site; all students aggregate as published.
1600000US2144146,Lawrenceburg city,21,9700000US2100120,Anderson County School District,100.000,census_tiger_2023_polygon_intersection,medium,candidate_spatial,ACT,average_composite,17,2024-25,304,,official_district_total_grade_11_average,official_state_export,kentucky_act_2024_25_scores,high,Kentucky district total; ACT grade 11 average score by site; all students aggregate as published.
1600000US2116768,Columbus city,21,9700000US2102790,Hickman County School District,100.000,census_tiger_2023_polygon_intersection,medium,candidate_spatial,ACT,average_composite,18.9,2024-25,47,,official_district_total_grade_11_average,official_state_export,kentucky_act_2024_25_scores,high,Kentucky district total; ACT grade 11 average score by site; all students aggregate as published.
1600000US2115742,Clinton city,21,9700000US2102790,Hickman County School District,100.000,census_tiger_2023_polygon_intersection,medium,candidate_spatial,ACT,average_composite,18.9,2024-25,47,,official_district_total_grade_11_average,official_state_export,kentucky_act_2024_25_scores,high,Kentucky district total; ACT grade 11 average score by site; all students aggregate as published.
1600000US2154660,Murray Hill city,21,9700000US2102990,Jefferson County School District,100.000,census_tiger_2023_polygon_intersection,medium,candidate_spatial,ACT,average_composite,17.4,2024-25,6433,,official_district_total_grade_11_average,official_state_export,kentucky_act_2024_25_scores,high,Kentucky district total; ACT grade 11 average score by site; all students aggregate as published.
1600000US2156550,Norbourne Estates city,21,9700000US2102990,Jefferson County School District,100.000,census_tiger_2023_polygon_intersection,medium,candidate_spatial,ACT,average_composite,17.4,2024-25,6433,,official_district_total_grade_11_average,official_state_export,kentucky_act_2024_25_scores,high,Kentucky district total; ACT grade 11 average score by site; all students aggregate as published.
1600000US2116372,Cold Spring city,21,9700000US2100900,Campbell County School District,100.000,census_tiger_2023_polygon_intersection,medium,candidate_spatial,ACT,average_composite,19.9,2024-25,387,,official_district_total_grade_11_average,official_state_export,kentucky_act_2024_25_scores,high,Kentucky district total; ACT grade 11 average score by site; all students aggregate as published.
1600000US2128594,Fort Thomas city,21,9700000US2100900,Campbell County School District,5.100,census_tiger_2023_polygon_intersection,low,candidate_spatial,ACT,average_composite,19.9,2024-25,387,,official_district_total_grade_11_average,official_state_export,kentucky_act_2024_25_scores,high,Kentucky district total; ACT grade 11 average score by site; all students aggregate as published.
1600000US2128594,Fort Thomas city,21,9700000US2102040,Fort Thomas Independent School District,93.643,census_tiger_2023_polygon_intersection,medium,candidate_spatial,ACT,average_composite,22.6,2024-25,285,,official_district_total_grade_11_average,official_state_export,kentucky_act_2024_25_scores,high,Kentucky district total; ACT grade 11 average score by site; all students aggregate as published.
1600000US2128594,Fort Thomas city,21,9700000US2104440,Newport Independent School District,1.108,census_tiger_2023_polygon_intersection,low,candidate_spatial,ACT,average_composite,15.6,2024-25,93,,official_district_total_grade_11_average,official_state_export,kentucky_act_2024_25_scores,high,Kentucky district total; ACT grade 11 average score by site; all students aggregate as published.
1600000US2128594,Fort Thomas city,21,9700000US2101530,Dayton Independent School District,0.141,census_tiger_2023_polygon_intersection,low,candidate_spatial,ACT,average_composite,16.7,2024-25,41,,official_district_total_grade_11_average,official_state_export,kentucky_act_2024_25_scores,high,Kentucky district total; ACT grade 11 average score by site; all students aggregate as published.
1600000US2136604,Highland Heights city,21,9700000US2100900,Campbell County School District,99.840,census_tiger_2023_polygon_intersection,medium,candidate_spatial,ACT,average_composite,19.9,2024-25,387,,official_district_total_grade_11_average,official_state_export,kentucky_act_2024_25_scores,high,Kentucky district total; ACT grade 11 average score by site; all students aggregate as published.
1600000US2136604,Highland Heights city,21,9700000US2102040,Fort Thomas Independent School District,0.160,census_tiger_2023_polygon_intersection,low,candidate_spatial,ACT,average_composite,22.6,2024-25,285,,official_district_total_grade_11_average,official_state_export,kentucky_act_2024_25_scores,high,Kentucky district total; ACT grade 11 average score by site; all students aggregate as published.
1600000US2155884,Newport city,21,9700000US2100900,Campbell County School District,0.314,census_tiger_2023_polygon_intersection,low,candidate_spatial,ACT,average_composite,19.9,2024-25,387,,official_district_total_grade_11_average,official_state_export,kentucky_act_2024_25_scores,high,Kentucky district total; ACT grade 11 average score by site; all students aggregate as published.
1600000US2155884,Newport city,21,9700000US2102040,Fort Thomas Independent School District,0.302,census_tiger_2023_polygon_intersection,low,candidate_spatial,ACT,average_composite,22.6,2024-25,285,,official_district_total_grade_11_average,official_state_export,kentucky_act_2024_25_scores,high,Kentucky district total; ACT grade 11 average score by site; all students aggregate as published.
1600000US2155884,Newport city,21,9700000US2104440,Newport Independent School District,99.361,census_tiger_2023_polygon_intersection,medium,candidate_spatial,ACT,average_composite,15.6,2024-25,93,,official_district_total_grade_11_average,official_state_export,kentucky_act_2024_25_scores,high,Kentucky district total; ACT grade 11 average score by site; all students aggregate as published.
1600000US2155884,Newport city,21,9700000US2100420,Bellevue Independent School District,0.004,census_tiger_2023_polygon_intersection,low,candidate_spatial,ACT,average_composite,17.9,2024-25,52,,official_district_total_grade_11_average,official_state_export,kentucky_act_2024_25_scores,high,Kentucky district total; ACT grade 11 average score by site; all students aggregate as published.
1600000US2170644,Silver Grove city,21,9700000US2100900,Campbell County School District,100.000,census_tiger_2023_polygon_intersection,medium,candidate_spatial,ACT,average_composite,19.9,2024-25,387,,official_district_total_grade_11_average,official_state_export,kentucky_act_2024_25_scores,high,Kentucky district total; ACT grade 11 average score by site; all students aggregate as published.
1600000US2171976,Southgate city,21,9700000US2100900,Campbell County School District,53.235,census_tiger_2023_polygon_intersection,medium,candidate_spatial,ACT,average_composite,19.9,2024-25,387,,official_district_total_grade_11_average,official_state_export,kentucky_act_2024_25_scores,high,Kentucky district total; ACT grade 11 average score by site; all students aggregate as published.
1600000US2171976,Southgate city,21,9700000US2104440,Newport Independent School District,0.031,census_tiger_2023_polygon_intersection,low,candidate_spatial,ACT,average_composite,15.6,2024-25,93,,official_district_total_grade_11_average,official_state_export,kentucky_act_2024_25_scores,high,Kentucky district total; ACT grade 11 average score by site; all students aggregate as published.
1600000US2183172,Wilder city,21,9700000US2100900,Campbell County School District,99.979,census_tiger_2023_polygon_intersection,medium,candidate_spatial,ACT,average_composite,19.9,2024-25,387,,official_district_total_grade_11_average,official_state_export,kentucky_act_2024_25_scores,high,Kentucky district total; ACT grade 11 average score by site; all students aggregate as published.
1600000US2183172,Wilder city,21,9700000US2104440,Newport Independent School District,0.021,census_tiger_2023_polygon_intersection,low,candidate_spatial,ACT,average_composite,15.6,2024-25,93,,official_district_total_grade_11_average,official_state_export,kentucky_act_2024_25_scores,high,Kentucky district total; ACT grade 11 average score by site; all students aggregate as published.
1600000US2107516,Bloomfield city,21,9700000US2104410,Nelson County School District,100.000,census_tiger_2023_polygon_intersection,medium,candidate_spatial,ACT,average_composite,17.4,2024-25,348,,official_district_total_grade_11_average,official_state_export,kentucky_act_2024_25_scores,high,Kentucky district total; ACT grade 11 average score by site; all students aggregate as published.
1600000US2161788,Pleasureville city,21,9700000US2105320,Shelby County School District,16.450,census_tiger_2023_polygon_intersection,low,candidate_spatial,ACT,average_composite,17.3,2024-25,496,,official_district_total_grade_11_average,official_state_export,kentucky_act_2024_25_scores,high,Kentucky district total; ACT grade 11 average score by site; all students aggregate as published.
1600000US2161788,Pleasureville city,21,9700000US2102760,Henry County School District,83.550,census_tiger_2023_polygon_intersection,medium,candidate_spatial,ACT,average_composite,16.8,2024-25,119,,official_district_total_grade_11_average,official_state_export,kentucky_act_2024_25_scores,high,Kentucky district total; ACT grade 11 average score by site; all students aggregate as published.
1600000US2171364,Smithfield city,21,9700000US2102760,Henry County School District,100.000,census_tiger_2023_polygon_intersection,medium,candidate_spatial,ACT,average_composite,16.8,2024-25,119,,official_district_total_grade_11_average,official_state_export,kentucky_act_2024_25_scores,high,Kentucky district total; ACT grade 11 average score by site; all students aggregate as published.
1600000US2156820,North Middletown city,21,9700000US2100540,Bourbon County School District,100.000,census_tiger_2023_polygon_intersection,medium,candidate_spatial,ACT,average_composite,17.4,2024-25,176,,official_district_total_grade_11_average,official_state_export,kentucky_act_2024_25_scores,high,Kentucky district total; ACT grade 11 average score by site; all students aggregate as published.
1600000US2168952,Science Hill city,21,9700000US2104950,Pulaski County School District,8.081,census_tiger_2023_polygon_intersection,low,candidate_spatial,ACT,average_composite,18.8,2024-25,577,,official_district_total_grade_11_average,official_state_export,kentucky_act_2024_25_scores,high,Kentucky district total; ACT grade 11 average score by site; all students aggregate as published.
1600000US2118352,Crescent Springs city,21,9700000US2103090,Kenton County School District,100.000,census_tiger_2023_polygon_intersection,medium,candidate_spatial,ACT,average_composite,18.6,2024-25,1039,,official_district_total_grade_11_average,official_state_export,kentucky_act_2024_25_scores,high,Kentucky district total; ACT grade 11 average score by site; all students aggregate as published.
1600000US2125300,Erlanger city,21,9700000US2103090,Kenton County School District,58.662,census_tiger_2023_polygon_intersection,medium,candidate_spatial,ACT,average_composite,18.6,2024-25,1039,,official_district_total_grade_11_average,official_state_export,kentucky_act_2024_25_scores,high,Kentucky district total; ACT grade 11 average score by site; all students aggregate as published.
1600000US2125300,Erlanger city,21,9700000US2100510,Boone County School District,0.581,census_tiger_2023_polygon_intersection,low,candidate_spatial,ACT,average_composite,19.2,2024-25,1506,,official_district_total_grade_11_average,official_state_export,kentucky_act_2024_25_scores,high,Kentucky district total; ACT grade 11 average score by site; all students aggregate as published.
1600000US2125300,Erlanger city,21,9700000US2101740,Erlanger-Elsmere Independent School District,40.757,census_tiger_2023_polygon_intersection,low,candidate_spatial,ACT,average_composite,16.6,2024-25,184,,official_district_total_grade_11_average,official_state_export,kentucky_act_2024_25_scores,high,Kentucky district total; ACT grade 11 average score by site; all students aggregate as published.
1600000US2113024,Carrollton city,21,9700000US2100990,Carroll County School District,100.000,census_tiger_2023_polygon_intersection,medium,candidate_spatial,ACT,average_composite,15.7,2024-25,149,,official_district_total_grade_11_average,official_state_export,kentucky_act_2024_25_scores,high,Kentucky district total; ACT grade 11 average score by site; all students aggregate as published.
1600000US2155758,New Haven city,21,9700000US2104410,Nelson County School District,100.000,census_tiger_2023_polygon_intersection,medium,candidate_spatial,ACT,average_composite,17.4,2024-25,348,,official_district_total_grade_11_average,official_state_export,kentucky_act_2024_25_scores,high,Kentucky district total; ACT grade 11 average score by site; all students aggregate as published.
1600000US2126020,Fairfield city,21,9700000US2104410,Nelson County School District,100.000,census_tiger_2023_polygon_intersection,medium,candidate_spatial,ACT,average_composite,17.4,2024-25,348,,official_district_total_grade_11_average,official_state_export,kentucky_act_2024_25_scores,high,Kentucky district total; ACT grade 11 average score by site; all students aggregate as published.
1600000US2108902,Bowling Green city,21,9700000US2100570,Bowling Green Independent School District,18.504,census_tiger_2023_polygon_intersection,low,candidate_spatial,ACT,average_composite,19.6,2024-25,344,,official_district_total_grade_11_average,official_state_export,kentucky_act_2024_25_scores,high,Kentucky district total; ACT grade 11 average score by site; all students aggregate as published.
1600000US2108902,Bowling Green city,21,9700000US2105730,Warren County School District,81.496,census_tiger_2023_polygon_intersection,medium,candidate_spatial,ACT,average_composite,18.7,2024-25,1317,,official_district_total_grade_11_average,official_state_export,kentucky_act_2024_25_scores,high,Kentucky district total; ACT grade 11 average score by site; all students aggregate as published.
1600000US2102368,Ashland city,21,9700000US2100620,Boyd County School District,5.896,census_tiger_2023_polygon_intersection,low,candidate_spatial,ACT,average_composite,17.6,2024-25,231,,official_district_total_grade_11_average,official_state_export,kentucky_act_2024_25_scores,high,Kentucky district total; ACT grade 11 average score by site; all students aggregate as published.
1600000US2102368,Ashland city,21,9700000US2100150,Ashland Independent School District,89.909,census_tiger_2023_polygon_intersection,medium,candidate_spatial,ACT,average_composite,18.6,2024-25,208,,official_district_total_grade_11_average,official_state_export,kentucky_act_2024_25_scores,high,Kentucky district total; ACT grade 11 average score by site; all students aggregate as published.
1600000US2102368,Ashland city,21,9700000US2101800,Fairview Independent School District,4.195,census_tiger_2023_polygon_intersection,low,candidate_spatial,ACT,average_composite,15.8,2024-25,37,,official_district_total_grade_11_average,official_state_export,kentucky_act_2024_25_scores,high,Kentucky district total; ACT grade 11 average score by site; all students aggregate as published.
1600000US2143264,Kuttawa city,21,9700000US2103690,Lyon County School District,100.000,census_tiger_2023_polygon_intersection,medium,candidate_spatial,ACT,average_composite,16.8,2024-25,68,,official_district_total_grade_11_average,official_state_export,kentucky_act_2024_25_scores,high,Kentucky district total; ACT grade 11 average score by site; all students aggregate as published.
1600000US2102044,Arlington city,21,9700000US2100960,Carlisle County School District,100.000,census_tiger_2023_polygon_intersection,medium,candidate_spatial,ACT,average_composite,18.3,2024-25,43,,official_district_total_grade_11_average,official_state_export,kentucky_act_2024_25_scores,high,Kentucky district total; ACT grade 11 average score by site; all students aggregate as published.
1600000US2103664,Bardwell city,21,9700000US2100960,Carlisle County School District,100.000,census_tiger_2023_polygon_intersection,medium,candidate_spatial,ACT,average_composite,18.3,2024-25,43,,official_district_total_grade_11_average,official_state_export,kentucky_act_2024_25_scores,high,Kentucky district total; ACT grade 11 average score by site; all students aggregate as published.
1600000US2159934,Pembroke city,21,9700000US2101150,Christian County School District,100.000,census_tiger_2023_polygon_intersection,medium,candidate_spatial,ACT,average_composite,16.8,2024-25,524,,official_district_total_grade_11_average,official_state_export,kentucky_act_2024_25_scores,high,Kentucky district total; ACT grade 11 average score by site; all students aggregate as published.
1600000US2109226,Brandenburg city,21,9700000US2104050,Meade County School District,100.000,census_tiger_2023_polygon_intersection,medium,candidate_spatial,ACT,average_composite,17.7,2024-25,376,,official_district_total_grade_11_average,official_state_export,kentucky_act_2024_25_scores,high,Kentucky district total; ACT grade 11 average score by site; all students aggregate as published.
1600000US2127856,Flemingsburg city,21,9700000US2101920,Fleming County School District,100.000,census_tiger_2023_polygon_intersection,medium,candidate_spatial,ACT,average_composite,17.8,2024-25,146,,official_district_total_grade_11_average,official_state_export,kentucky_act_2024_25_scores,high,Kentucky district total; ACT grade 11 average score by site; all students aggregate as published.
1600000US2109100,Bradfordsville city,21,9700000US2103780,Marion County School District,100.000,census_tiger_2023_polygon_intersection,medium,candidate_spatial,ACT,average_composite,17.4,2024-25,228,,official_district_total_grade_11_average,official_state_export,kentucky_act_2024_25_scores,high,Kentucky district total; ACT grade 11 average score by site; all students aggregate as published.
1600000US2147710,Loretto city,21,9700000US2103780,Marion County School District,100.000,census_tiger_2023_polygon_intersection,medium,candidate_spatial,ACT,average_composite,17.4,2024-25,228,,official_district_total_grade_11_average,official_state_export,kentucky_act_2024_25_scores,high,Kentucky district total; ACT grade 11 average score by site; all students aggregate as published.
1600000US2164146,Raywick city,21,9700000US2103780,Marion County School District,100.000,census_tiger_2023_polygon_intersection,medium,candidate_spatial,ACT,average_composite,17.4,2024-25,228,,official_district_total_grade_11_average,official_state_export,kentucky_act_2024_25_scores,high,Kentucky district total; ACT grade 11 average score by site; all students aggregate as published.
1600000US2109856,Bromley city,21,9700000US2103090,Kenton County School District,99.361,census_tiger_2023_polygon_intersection,medium,candidate_spatial,ACT,average_composite,18.6,2024-25,1039,,official_district_total_grade_11_average,official_state_export,kentucky_act_2024_25_scores,high,Kentucky district total; ACT grade 11 average score by site; all students aggregate as published.
1600000US2109856,Bromley city,21,9700000US2103630,Ludlow Independent School District,0.639,census_tiger_2023_polygon_intersection,low,candidate_spatial,ACT,average_composite,17.3,2024-25,68,,official_district_total_grade_11_average,official_state_export,kentucky_act_2024_25_scores,high,Kentucky district total; ACT grade 11 average score by site; all students aggregate as published.
1600000US2118442,Crestview Hills city,21,9700000US2103090,Kenton County School District,99.795,census_tiger_2023_polygon_intersection,medium,candidate_spatial,ACT,average_composite,18.6,2024-25,1039,,official_district_total_grade_11_average,official_state_export,kentucky_act_2024_25_scores,high,Kentucky district total; ACT grade 11 average score by site; all students aggregate as published.
1600000US2118442,Crestview Hills city,21,9700000US2100360,Beechwood Independent School District,0.205,census_tiger_2023_polygon_intersection,low,candidate_spatial,ACT,average_composite,23.5,2024-25,117,,official_district_total_grade_11_average,official_state_export,kentucky_act_2024_25_scores,high,Kentucky district total; ACT grade 11 average score by site; all students aggregate as published.
1600000US2124778,Elsmere city,21,9700000US2103090,Kenton County School District,53.888,census_tiger_2023_polygon_intersection,medium,candidate_spatial,ACT,average_composite,18.6,2024-25,1039,,official_district_total_grade_11_average,official_state_export,kentucky_act_2024_25_scores,high,Kentucky district total; ACT grade 11 average score by site; all students aggregate as published.
1600000US2124778,Elsmere city,21,9700000US2101740,Erlanger-Elsmere Independent School District,46.112,census_tiger_2023_polygon_intersection,low,candidate_spatial,ACT,average_composite,16.6,2024-25,184,,official_district_total_grade_11_average,official_state_export,kentucky_act_2024_25_scores,high,Kentucky district total; ACT grade 11 average score by site; all students aggregate as published.
1600000US2126236,Fairview city,21,9700000US2103090,Kenton County School District,100.000,census_tiger_2023_polygon_intersection,medium,candidate_spatial,ACT,average_composite,18.6,2024-25,1039,,official_district_total_grade_11_average,official_state_export,kentucky_act_2024_25_scores,high,Kentucky district total; ACT grade 11 average score by site; all students aggregate as published.
1600000US2124382,Elkhorn City city,21,9700000US2104800,Pike County School District,100.000,census_tiger_2023_polygon_intersection,medium,candidate_spatial,ACT,average_composite,17.4,2024-25,478,,official_district_total_grade_11_average,official_state_export,kentucky_act_2024_25_scores,high,Kentucky district total; ACT grade 11 average score by site; all students aggregate as published.
1600000US2153490,Morgantown city,21,9700000US2100810,Butler County School District,100.000,census_tiger_2023_polygon_intersection,medium,candidate_spatial,ACT,average_composite,17.8,2024-25,145,,official_district_total_grade_11_average,official_state_export,kentucky_act_2024_25_scores,high,Kentucky district total; ACT grade 11 average score by site; all students aggregate as published.
1600000US2184432,Woodbury city,21,9700000US2100810,Butler County School District,100.000,census_tiger_2023_polygon_intersection,medium,candidate_spatial,ACT,average_composite,17.8,2024-25,145,,official_district_total_grade_11_average,official_state_export,kentucky_act_2024_25_scores,high,Kentucky district total; ACT grade 11 average score by site; all students aggregate as published.
1600000US2140114,Jamestown city,21,9700000US2105160,Russell County School District,100.000,census_tiger_2023_polygon_intersection,medium,candidate_spatial,ACT,average_composite,18,2024-25,216,,official_district_total_grade_11_average,official_state_export,kentucky_act_2024_25_scores,high,Kentucky district total; ACT grade 11 average score by site; all students aggregate as published.
1600000US2167494,Russell Springs city,21,9700000US2105160,Russell County School District,100.000,census_tiger_2023_polygon_intersection,medium,candidate_spatial,ACT,average_composite,18,2024-25,216,,official_district_total_grade_11_average,official_state_export,kentucky_act_2024_25_scores,high,Kentucky district total; ACT grade 11 average score by site; all students aggregate as published.
1600000US2138908,Hyden city,21,9700000US2103330,Leslie County School District,100.000,census_tiger_2023_polygon_intersection,medium,candidate_spatial,ACT,average_composite,19.3,2024-25,99,,official_district_total_grade_11_average,official_state_export,kentucky_act_2024_25_scores,high,Kentucky district total; ACT grade 11 average score by site; all students aggregate as published.
1600000US2113870,Centertown city,21,9700000US2104500,Ohio County School District,100.000,census_tiger_2023_polygon_intersection,medium,candidate_spatial,ACT,average_composite,18.6,2024-25,237,,official_district_total_grade_11_average,official_state_export,kentucky_act_2024_25_scores,high,Kentucky district total; ACT grade 11 average score by site; all students aggregate as published.
1600000US2135020,Hartford city,21,9700000US2104500,Ohio County School District,100.000,census_tiger_2023_polygon_intersection,medium,candidate_spatial,ACT,average_composite,18.6,2024-25,237,,official_district_total_grade_11_average,official_state_export,kentucky_act_2024_25_scores,high,Kentucky district total; ACT grade 11 average score by site; all students aggregate as published.
1600000US2166216,Rockport city,21,9700000US2104500,Ohio County School District,100.000,census_tiger_2023_polygon_intersection,medium,candidate_spatial,ACT,average_composite,18.6,2024-25,237,,official_district_total_grade_11_average,official_state_export,kentucky_act_2024_25_scores,high,Kentucky district total; ACT grade 11 average score by site; all students aggregate as published.
1600000US2129080,Fredonia city,21,9700000US2100840,Caldwell County School District,100.000,census_tiger_2023_polygon_intersection,medium,candidate_spatial,ACT,average_composite,18.2,2024-25,136,,official_district_total_grade_11_average,official_state_export,kentucky_act_2024_25_scores,high,Kentucky district total; ACT grade 11 average score by site; all students aggregate as published.
1600000US2160258,Perryville city,21,9700000US2100630,Boyle County School District,100.000,census_tiger_2023_polygon_intersection,medium,candidate_spatial,ACT,average_composite,20.9,2024-25,211,,official_district_total_grade_11_average,official_state_export,kentucky_act_2024_25_scores,high,Kentucky district total; ACT grade 11 average score by site; all students aggregate as published.
1600000US2183856,Wingo city,21,9700000US2102280,Graves County School District,100.000,census_tiger_2023_polygon_intersection,medium,candidate_spatial,ACT,average_composite,18.1,2024-25,271,,official_district_total_grade_11_average,official_state_export,kentucky_act_2024_25_scores,high,Kentucky district total; ACT grade 11 average score by site; all students aggregate as published.
1600000US2136298,Hickman city,21,9700000US2102100,Fulton County School District,100.000,census_tiger_2023_polygon_intersection,medium,candidate_spatial,ACT,average_composite,16.7,2024-25,47,,official_district_total_grade_11_average,official_state_export,kentucky_act_2024_25_scores,high,Kentucky district total; ACT grade 11 average score by site; all students aggregate as published.
1600000US2117434,Corinth city,21,9700000US2105260,Scott County School District,0.331,census_tiger_2023_polygon_intersection,low,candidate_spatial,ACT,average_composite,18.4,2024-25,739,,official_district_total_grade_11_average,official_state_export,kentucky_act_2024_25_scores,high,Kentucky district total; ACT grade 11 average score by site; all students aggregate as published.
1600000US2117434,Corinth city,21,9700000US2102250,Grant County School District,99.669,census_tiger_2023_polygon_intersection,medium,candidate_spatial,ACT,average_composite,17.2,2024-25,229,,official_district_total_grade_11_average,official_state_export,kentucky_act_2024_25_scores,high,Kentucky district total; ACT grade 11 average score by site; all students aggregate as published.
1600000US2167656,Sadieville city,21,9700000US2105260,Scott County School District,100.000,census_tiger_2023_polygon_intersection,medium,candidate_spatial,ACT,average_composite,18.4,2024-25,739,,official_district_total_grade_11_average,official_state_export,kentucky_act_2024_25_scores,high,Kentucky district total; ACT grade 11 average score by site; all students aggregate as published.
1600000US2128785,Fox Chase city,21,9700000US2100750,Bullitt County School District,100.000,census_tiger_2023_polygon_intersection,medium,candidate_spatial,ACT,average_composite,17.9,2024-25,1025,,official_district_total_grade_11_average,official_state_export,kentucky_act_2024_25_scores,high,Kentucky district total; ACT grade 11 average score by site; all students aggregate as published.
1600000US2138670,Hunters Hollow city,21,9700000US2100750,Bullitt County School District,100.000,census_tiger_2023_polygon_intersection,medium,candidate_spatial,ACT,average_composite,17.9,2024-25,1025,,official_district_total_grade_11_average,official_state_export,kentucky_act_2024_25_scores,high,Kentucky district total; ACT grade 11 average score by site; all students aggregate as published.
1600000US2144362,Lebanon Junction city,21,9700000US2100750,Bullitt County School District,100.000,census_tiger_2023_polygon_intersection,medium,candidate_spatial,ACT,average_composite,17.9,2024-25,1025,,official_district_total_grade_11_average,official_state_export,kentucky_act_2024_25_scores,high,Kentucky district total; ACT grade 11 average score by site; all students aggregate as published.
1600000US2134732,Harlan city,21,9700000US2102520,Harlan Independent School District,90.233,census_tiger_2023_polygon_intersection,medium,candidate_spatial,ACT,average_composite,20.5,2024-25,40,,official_district_total_grade_11_average,official_state_export,kentucky_act_2024_25_scores,high,Kentucky district total; ACT grade 11 average score by site; all students aggregate as published.
1600000US2134732,Harlan city,21,9700000US2102540,Harlan County School District,9.767,census_tiger_2023_polygon_intersection,low,candidate_spatial,ACT,average_composite,17.9,2024-25,207,,official_district_total_grade_11_average,official_state_export,kentucky_act_2024_25_scores,high,Kentucky district total; ACT grade 11 average score by site; all students aggregate as published.
1600000US2135545,Hebron Estates city,21,9700000US2100750,Bullitt County School District,100.000,census_tiger_2023_polygon_intersection,medium,candidate_spatial,ACT,average_composite,17.9,2024-25,1025,,official_district_total_grade_11_average,official_state_export,kentucky_act_2024_25_scores,high,Kentucky district total; ACT grade 11 average score by site; all students aggregate as published.
1600000US2137630,Hollyvilla city,21,9700000US2102990,Jefferson County School District,100.000,census_tiger_2023_polygon_intersection,medium,candidate_spatial,ACT,average_composite,17.4,2024-25,6433,,official_district_total_grade_11_average,official_state_export,kentucky_act_2024_25_scores,high,Kentucky district total; ACT grade 11 average score by site; all students aggregate as published.
1600000US2113420,Catlettsburg city,21,9700000US2100620,Boyd County School District,100.000,census_tiger_2023_polygon_intersection,medium,candidate_spatial,ACT,average_composite,17.6,2024-25,231,,official_district_total_grade_11_average,official_state_export,kentucky_act_2024_25_scores,high,Kentucky district total; ACT grade 11 average score by site; all students aggregate as published.
1600000US2132212,Grand Rivers city,21,9700000US2103510,Livingston County School District,100.000,census_tiger_2023_polygon_intersection,medium,candidate_spatial,ACT,average_composite,17.8,2024-25,67,,official_district_total_grade_11_average,official_state_export,kentucky_act_2024_25_scores,high,Kentucky district total; ACT grade 11 average score by site; all students aggregate as published.
1600000US2115904,Cloverport city,21,9700000US2101290,Cloverport Independent School District,100.000,census_tiger_2023_polygon_intersection,medium,candidate_spatial,ACT,average_composite,15.6,2024-25,234,,official_district_total_grade_11_average,official_state_export,kentucky_act_2024_25_scores,high,Kentucky district total; ACT grade 11 average score by site; all students aggregate as published.
1600000US2135866,Henderson city,21,9700000US2102710,Henderson County School District,100.000,census_tiger_2023_polygon_intersection,medium,candidate_spatial,ACT,average_composite,18.5,2024-25,534,,official_district_total_grade_11_average,official_state_export,kentucky_act_2024_25_scores,high,Kentucky district total; ACT grade 11 average score by site; all students aggregate as published.
1600000US2161248,Pineville city,21,9700000US2104860,Pineville Independent School District,40.875,census_tiger_2023_polygon_intersection,low,candidate_spatial,ACT,average_composite,16.8,2024-25,46,,official_district_total_grade_11_average,official_state_export,kentucky_act_2024_25_scores,high,Kentucky district total; ACT grade 11 average score by site; all students aggregate as published.
1600000US2161248,Pineville city,21,9700000US2100390,Bell County School District,59.125,census_tiger_2023_polygon_intersection,medium,candidate_spatial,ACT,average_composite,17.7,2024-25,135,,official_district_total_grade_11_average,official_state_export,kentucky_act_2024_25_scores,high,Kentucky district total; ACT grade 11 average score by site; all students aggregate as published.
1600000US2149368,Madisonville city,21,9700000US2102860,Hopkins County School District,100.000,census_tiger_2023_polygon_intersection,medium,candidate_spatial,ACT,average_composite,17.5,2024-25,425,,official_district_total_grade_11_average,official_state_export,kentucky_act_2024_25_scores,high,Kentucky district total; ACT grade 11 average score by site; all students aggregate as published.
1600000US2155092,Nebo city,21,9700000US2102860,Hopkins County School District,100.000,census_tiger_2023_polygon_intersection,medium,candidate_spatial,ACT,average_composite,17.5,2024-25,425,,official_district_total_grade_11_average,official_state_export,kentucky_act_2024_25_scores,high,Kentucky district total; ACT grade 11 average score by site; all students aggregate as published.
1600000US2167710,St. Charles city,21,9700000US2102860,Hopkins County School District,100.000,census_tiger_2023_polygon_intersection,medium,candidate_spatial,ACT,average_composite,17.5,2024-25,425,,official_district_total_grade_11_average,official_state_export,kentucky_act_2024_25_scores,high,Kentucky district total; ACT grade 11 average score by site; all students aggregate as published.
1600000US2171724,Sonora city,21,9700000US2102490,Hardin County School District,100.000,census_tiger_2023_polygon_intersection,medium,candidate_spatial,ACT,average_composite,18.1,2024-25,1069,,official_district_total_grade_11_average,official_state_export,kentucky_act_2024_25_scores,high,Kentucky district total; ACT grade 11 average score by site; all students aggregate as published.
1600000US2178672,Upton city,21,9700000US2103180,Larue County School District,26.794,census_tiger_2023_polygon_intersection,low,candidate_spatial,ACT,average_composite,18.2,2024-25,185,,official_district_total_grade_11_average,official_state_export,kentucky_act_2024_25_scores,high,Kentucky district total; ACT grade 11 average score by site; all students aggregate as published.
1600000US2178672,Upton city,21,9700000US2102490,Hardin County School District,73.206,census_tiger_2023_polygon_intersection,medium,candidate_spatial,ACT,average_composite,18.1,2024-25,1069,,official_district_total_grade_11_average,official_state_export,kentucky_act_2024_25_scores,high,Kentucky district total; ACT grade 11 average score by site; all students aggregate as published.
1600000US2181930,West Point city,21,9700000US2102490,Hardin County School District,100.000,census_tiger_2023_polygon_intersection,medium,candidate_spatial,ACT,average_composite,18.1,2024-25,1069,,official_district_total_grade_11_average,official_state_export,kentucky_act_2024_25_scores,high,Kentucky district total; ACT grade 11 average score by site; all students aggregate as published.
1600000US2105662,Benham city,21,9700000US2102540,Harlan County School District,100.000,census_tiger_2023_polygon_intersection,medium,candidate_spatial,ACT,average_composite,17.9,2024-25,207,,official_district_total_grade_11_average,official_state_export,kentucky_act_2024_25_scores,high,Kentucky district total; ACT grade 11 average score by site; all students aggregate as published.
1600000US2168232,Salyersville city,21,9700000US2103750,Magoffin County School District,100.000,census_tiger_2023_polygon_intersection,medium,candidate_spatial,ACT,average_composite,15.9,2024-25,126,,official_district_total_grade_11_average,official_state_export,kentucky_act_2024_25_scores,high,Kentucky district total; ACT grade 11 average score by site; all students aggregate as published.
1600000US2163912,Radcliff city,21,9700000US2102490,Hardin County School District,99.645,census_tiger_2023_polygon_intersection,medium,candidate_spatial,ACT,average_composite,18.1,2024-25,1069,,official_district_total_grade_11_average,official_state_export,kentucky_act_2024_25_scores,high,Kentucky district total; ACT grade 11 average score by site; all students aggregate as published.
1600000US2159196,Paris city,21,9700000US2104710,Paris Independent School District,25.878,census_tiger_2023_polygon_intersection,low,candidate_spatial,ACT,average_composite,15.7,2024-25,71,,official_district_total_grade_11_average,official_state_export,kentucky_act_2024_25_scores,high,Kentucky district total; ACT grade 11 average score by site; all students aggregate as published.
1600000US2159196,Paris city,21,9700000US2100540,Bourbon County School District,74.122,census_tiger_2023_polygon_intersection,medium,candidate_spatial,ACT,average_composite,17.4,2024-25,176,,official_district_total_grade_11_average,official_state_export,kentucky_act_2024_25_scores,high,Kentucky district total; ACT grade 11 average score by site; all students aggregate as published.
1600000US2112358,Campton city,21,9700000US2105970,Wolfe County School District,100.000,census_tiger_2023_polygon_intersection,medium,candidate_spatial,ACT,average_composite,16.4,2024-25,91,,official_district_total_grade_11_average,official_state_export,kentucky_act_2024_25_scores,high,Kentucky district total; ACT grade 11 average score by site; all students aggregate as published.
1600000US2125786,Ewing city,21,9700000US2101920,Fleming County School District,100.000,census_tiger_2023_polygon_intersection,medium,candidate_spatial,ACT,average_composite,17.8,2024-25,146,,official_district_total_grade_11_average,official_state_export,kentucky_act_2024_25_scores,high,Kentucky district total; ACT grade 11 average score by site; all students aggregate as published.
1600000US2132428,Gratz city,21,9700000US2104560,Owen County School District,100.000,census_tiger_2023_polygon_intersection,medium,candidate_spatial,ACT,average_composite,16.8,2024-25,134,,official_district_total_grade_11_average,official_state_export,kentucky_act_2024_25_scores,high,Kentucky district total; ACT grade 11 average score by site; all students aggregate as published.
1600000US2143668,Lakeview Heights city,21,9700000US2105100,Rowan County School District,100.000,census_tiger_2023_polygon_intersection,medium,candidate_spatial,ACT,average_composite,18.1,2024-25,227,,official_district_total_grade_11_average,official_state_export,kentucky_act_2024_25_scores,high,Kentucky district total; ACT grade 11 average score by site; all students aggregate as published.
1600000US2174082,Strathmoor Village city,21,9700000US2102990,Jefferson County School District,100.000,census_tiger_2023_polygon_intersection,medium,candidate_spatial,ACT,average_composite,17.4,2024-25,6433,,official_district_total_grade_11_average,official_state_export,kentucky_act_2024_25_scores,high,Kentucky district total; ACT grade 11 average score by site; all students aggregate as published.
1600000US2175963,Ten Broeck city,21,9700000US2102990,Jefferson County School District,100.000,census_tiger_2023_polygon_intersection,medium,candidate_spatial,ACT,average_composite,17.4,2024-25,6433,,official_district_total_grade_11_average,official_state_export,kentucky_act_2024_25_scores,high,Kentucky district total; ACT grade 11 average score by site; all students aggregate as published.
1600000US2176380,Thornhill city,21,9700000US2102990,Jefferson County School District,100.000,census_tiger_2023_polygon_intersection,medium,candidate_spatial,ACT,average_composite,17.4,2024-25,6433,,official_district_total_grade_11_average,official_state_export,kentucky_act_2024_25_scores,high,Kentucky district total; ACT grade 11 average score by site; all students aggregate as published.
1600000US2180913,Watterson Park city,21,9700000US2102990,Jefferson County School District,100.000,census_tiger_2023_polygon_intersection,medium,candidate_spatial,ACT,average_composite,17.4,2024-25,6433,,official_district_total_grade_11_average,official_state_export,kentucky_act_2024_25_scores,high,Kentucky district total; ACT grade 11 average score by site; all students aggregate as published.
1600000US2181372,Wellington city,21,9700000US2102990,Jefferson County School District,100.000,census_tiger_2023_polygon_intersection,medium,candidate_spatial,ACT,average_composite,17.4,2024-25,6433,,official_district_total_grade_11_average,official_state_export,kentucky_act_2024_25_scores,high,Kentucky district total; ACT grade 11 average score by site; all students aggregate as published.
1600000US2184576,Woodlawn Park city,21,9700000US2102990,Jefferson County School District,100.000,census_tiger_2023_polygon_intersection,medium,candidate_spatial,ACT,average_composite,17.4,2024-25,6433,,official_district_total_grade_11_average,official_state_export,kentucky_act_2024_25_scores,high,Kentucky district total; ACT grade 11 average score by site; all students aggregate as published.
1600000US2104816,Bedford city,21,9700000US2105610,Trimble County School District,100.000,census_tiger_2023_polygon_intersection,medium,candidate_spatial,ACT,average_composite,16.5,2024-25,73,,official_district_total_grade_11_average,official_state_export,kentucky_act_2024_25_scores,high,Kentucky district total; ACT grade 11 average score by site; all students aggregate as published.
1600000US2136374,Hickory Hill city,21,9700000US2102990,Jefferson County School District,100.000,census_tiger_2023_polygon_intersection,medium,candidate_spatial,ACT,average_composite,17.4,2024-25,6433,,official_district_total_grade_11_average,official_state_export,kentucky_act_2024_25_scores,high,Kentucky district total; ACT grade 11 average score by site; all students aggregate as published.
1600000US2148558,Lyndon city,21,9700000US2102990,Jefferson County School District,100.000,census_tiger_2023_polygon_intersection,medium,candidate_spatial,ACT,average_composite,17.4,2024-25,6433,,official_district_total_grade_11_average,official_state_export,kentucky_act_2024_25_scores,high,Kentucky district total; ACT grade 11 average score by site; all students aggregate as published.
1600000US2136102,Heritage Creek city,21,9700000US2102990,Jefferson County School District,100.000,census_tiger_2023_polygon_intersection,medium,candidate_spatial,ACT,average_composite,17.4,2024-25,6433,,official_district_total_grade_11_average,official_state_export,kentucky_act_2024_25_scores,high,Kentucky district total; ACT grade 11 average score by site; all students aggregate as published.
1600000US2175190,Sycamore city,21,9700000US2102990,Jefferson County School District,100.000,census_tiger_2023_polygon_intersection,medium,candidate_spatial,ACT,average_composite,17.4,2024-25,6433,,official_district_total_grade_11_average,official_state_export,kentucky_act_2024_25_scores,high,Kentucky district total; ACT grade 11 average score by site; all students aggregate as published.
1600000US2139664,Irvington city,21,9700000US2100720,Breckinridge County School District,100.000,census_tiger_2023_polygon_intersection,medium,candidate_spatial,ACT,average_composite,18.2,2024-25,216,,official_district_total_grade_11_average,official_state_export,kentucky_act_2024_25_scores,high,Kentucky district total; ACT grade 11 average score by site; all students aggregate as published.
1600000US2150034,Marion city,21,9700000US2101380,Crittenden County School District,100.000,census_tiger_2023_polygon_intersection,medium,candidate_spatial,ACT,average_composite,17.8,2024-25,96,,official_district_total_grade_11_average,official_state_export,kentucky_act_2024_25_scores,high,Kentucky district total; ACT grade 11 average score by site; all students aggregate as published.
1600000US2129566,Fulton city,21,9700000US2102070,Fulton Independent School District,98.920,census_tiger_2023_polygon_intersection,medium,candidate_spatial,ACT,average_composite,15,2024-25,13,,official_district_total_grade_11_average,official_state_export,kentucky_act_2024_25_scores,high,Kentucky district total; ACT grade 11 average score by site; all students aggregate as published.
1600000US2129566,Fulton city,21,9700000US2102100,Fulton County School District,1.080,census_tiger_2023_polygon_intersection,low,candidate_spatial,ACT,average_composite,16.7,2024-25,47,,official_district_total_grade_11_average,official_state_export,kentucky_act_2024_25_scores,high,Kentucky district total; ACT grade 11 average score by site; all students aggregate as published.
1600000US2148000,Louisville city,21,9700000US2102990,Jefferson County School District,100.000,census_tiger_2023_polygon_intersection,medium,candidate_spatial,ACT,average_composite,17.4,2024-25,6433,,official_district_total_grade_11_average,official_state_export,kentucky_act_2024_25_scores,high,Kentucky district total; ACT grade 11 average score by site; all students aggregate as published.
1600000US2110612,Buckhorn city,21,9700000US2104770,Perry County School District,100.000,census_tiger_2023_polygon_intersection,medium,candidate_spatial,ACT,average_composite,16.7,2024-25,218,,official_district_total_grade_11_average,official_state_export,kentucky_act_2024_25_scores,high,Kentucky district total; ACT grade 11 average score by site; all students aggregate as published.
1600000US2152590,Milton city,21,9700000US2105610,Trimble County School District,100.000,census_tiger_2023_polygon_intersection,medium,candidate_spatial,ACT,average_composite,16.5,2024-25,73,,official_district_total_grade_11_average,official_state_export,kentucky_act_2024_25_scores,high,Kentucky district total; ACT grade 11 average score by site; all students aggregate as published.
1600000US2134552,Hardinsburg city,21,9700000US2100720,Breckinridge County School District,100.000,census_tiger_2023_polygon_intersection,medium,candidate_spatial,ACT,average_composite,18.2,2024-25,216,,official_district_total_grade_11_average,official_state_export,kentucky_act_2024_25_scores,high,Kentucky district total; ACT grade 11 average score by site; all students aggregate as published.
1600000US2139430,Inez city,21,9700000US2103840,Martin County School District,100.000,census_tiger_2023_polygon_intersection,medium,candidate_spatial,ACT,average_composite,17,2024-25,132,,official_district_total_grade_11_average,official_state_export,kentucky_act_2024_25_scores,high,Kentucky district total; ACT grade 11 average score by site; all students aggregate as published.
1600000US2158710,Owingsville city,21,9700000US2100330,Bath County School District,100.000,census_tiger_2023_polygon_intersection,medium,candidate_spatial,ACT,average_composite,16.3,2024-25,146,,official_district_total_grade_11_average,official_state_export,kentucky_act_2024_25_scores,high,Kentucky district total; ACT grade 11 average score by site; all students aggregate as published.
1600000US2168160,Salt Lick city,21,9700000US2100330,Bath County School District,100.000,census_tiger_2023_polygon_intersection,medium,candidate_spatial,ACT,average_composite,16.3,2024-25,146,,official_district_total_grade_11_average,official_state_export,kentucky_act_2024_25_scores,high,Kentucky district total; ACT grade 11 average score by site; all students aggregate as published.
1600000US2151924,Middlesborough city,21,9700000US2104170,Middlesboro Independent School District,100.000,census_tiger_2023_polygon_intersection,medium,candidate_spatial,ACT,average_composite,17.8,2024-25,95,,official_district_total_grade_11_average,official_state_export,kentucky_act_2024_25_scores,high,Kentucky district total; ACT grade 11 average score by site; all students aggregate as published.
1600000US2166504,Rolling Hills city,21,9700000US2102990,Jefferson County School District,100.000,census_tiger_2023_polygon_intersection,medium,candidate_spatial,ACT,average_composite,17.4,2024-25,6433,,official_district_total_grade_11_average,official_state_export,kentucky_act_2024_25_scores,high,Kentucky district total; ACT grade 11 average score by site; all students aggregate as published.
1600000US2159255,Park Hills city,21,9700000US2103090,Kenton County School District,99.778,census_tiger_2023_polygon_intersection,medium,candidate_spatial,ACT,average_composite,18.6,2024-25,1039,,official_district_total_grade_11_average,official_state_export,kentucky_act_2024_25_scores,high,Kentucky district total; ACT grade 11 average score by site; all students aggregate as published.
1600000US2159255,Park Hills city,21,9700000US2101350,Covington Independent School District,0.222,census_tiger_2023_polygon_intersection,low,candidate_spatial,ACT,average_composite,14.9,2024-25,192,,official_district_total_grade_11_average,official_state_export,kentucky_act_2024_25_scores,high,Kentucky district total; ACT grade 11 average score by site; all students aggregate as published.
1600000US2180490,Walton city,21,9700000US2105700,Walton-Verona Independent School District,78.665,census_tiger_2023_polygon_intersection,medium,candidate_spatial,ACT,average_composite,20,2024-25,118,,official_district_total_grade_11_average,official_state_export,kentucky_act_2024_25_scores,high,Kentucky district total; ACT grade 11 average score by site; all students aggregate as published.
1600000US2180490,Walton city,21,9700000US2103090,Kenton County School District,21.335,census_tiger_2023_polygon_intersection,low,candidate_spatial,ACT,average_composite,18.6,2024-25,1039,,official_district_total_grade_11_average,official_state_export,kentucky_act_2024_25_scores,high,Kentucky district total; ACT grade 11 average score by site; all students aggregate as published.
1600000US2117848,Covington city,21,9700000US2103090,Kenton County School District,50.610,census_tiger_2023_polygon_intersection,medium,candidate_spatial,ACT,average_composite,18.6,2024-25,1039,,official_district_total_grade_11_average,official_state_export,kentucky_act_2024_25_scores,high,Kentucky district total; ACT grade 11 average score by site; all students aggregate as published.
1600000US2117848,Covington city,21,9700000US2101350,Covington Independent School District,49.390,census_tiger_2023_polygon_intersection,low,candidate_spatial,ACT,average_composite,14.9,2024-25,192,,official_district_total_grade_11_average,official_state_export,kentucky_act_2024_25_scores,high,Kentucky district total; ACT grade 11 average score by site; all students aggregate as published.
1600000US2175738,Taylor Mill city,21,9700000US2103090,Kenton County School District,99.935,census_tiger_2023_polygon_intersection,medium,candidate_spatial,ACT,average_composite,18.6,2024-25,1039,,official_district_total_grade_11_average,official_state_export,kentucky_act_2024_25_scores,high,Kentucky district total; ACT grade 11 average score by site; all students aggregate as published.
1600000US2175738,Taylor Mill city,21,9700000US2101350,Covington Independent School District,0.065,census_tiger_2023_polygon_intersection,low,candidate_spatial,ACT,average_composite,14.9,2024-25,192,,official_district_total_grade_11_average,official_state_export,kentucky_act_2024_25_scores,high,Kentucky district total; ACT grade 11 average score by site; all students aggregate as published.
1600000US2170752,Simpsonville city,21,9700000US2105320,Shelby County School District,100.000,census_tiger_2023_polygon_intersection,medium,candidate_spatial,ACT,average_composite,17.3,2024-25,496,,official_district_total_grade_11_average,official_state_export,kentucky_act_2024_25_scores,high,Kentucky district total; ACT grade 11 average score by site; all students aggregate as published.
1600000US2111044,Burgin city,21,9700000US2100780,Burgin Independent School District,100.000,census_tiger_2023_polygon_intersection,medium,candidate_spatial,ACT,average_composite,18.2,2024-25,43,,official_district_total_grade_11_average,official_state_export,kentucky_act_2024_25_scores,high,Kentucky district total; ACT grade 11 average score by site; all students aggregate as published.
1600000US2137576,Hollow Creek city,21,9700000US2102990,Jefferson County School District,100.000,census_tiger_2023_polygon_intersection,medium,candidate_spatial,ACT,average_composite,17.4,2024-25,6433,,official_district_total_grade_11_average,official_state_export,kentucky_act_2024_25_scores,high,Kentucky district total; ACT grade 11 average score by site; all students aggregate as published.
1600000US2151294,Meadowview Estates city,21,9700000US2102990,Jefferson County School District,100.000,census_tiger_2023_polygon_intersection,medium,candidate_spatial,ACT,average_composite,17.4,2024-25,6433,,official_district_total_grade_11_average,official_state_export,kentucky_act_2024_25_scores,high,Kentucky district total; ACT grade 11 average score by site; all students aggregate as published.
1600000US2146540,Lincolnshire city,21,9700000US2102990,Jefferson County School District,100.000,census_tiger_2023_polygon_intersection,medium,candidate_spatial,ACT,average_composite,17.4,2024-25,6433,,official_district_total_grade_11_average,official_state_export,kentucky_act_2024_25_scores,high,Kentucky district total; ACT grade 11 average score by site; all students aggregate as published.
1600000US2140222,Jeffersontown city,21,9700000US2102990,Jefferson County School District,100.000,census_tiger_2023_polygon_intersection,medium,candidate_spatial,ACT,average_composite,17.4,2024-25,6433,,official_district_total_grade_11_average,official_state_export,kentucky_act_2024_25_scores,high,Kentucky district total; ACT grade 11 average score by site; all students aggregate as published.
1600000US2138170,Houston Acres city,21,9700000US2102990,Jefferson County School District,100.000,census_tiger_2023_polygon_intersection,medium,candidate_spatial,ACT,average_composite,17.4,2024-25,6433,,official_district_total_grade_11_average,official_state_export,kentucky_act_2024_25_scores,high,Kentucky district total; ACT grade 11 average score by site; all students aggregate as published.
1600000US2112066,Cambridge city,21,9700000US2102990,Jefferson County School District,100.000,census_tiger_2023_polygon_intersection,medium,candidate_spatial,ACT,average_composite,17.4,2024-25,6433,,official_district_total_grade_11_average,official_state_export,kentucky_act_2024_25_scores,high,Kentucky district total; ACT grade 11 average score by site; all students aggregate as published.
1600000US2184891,Worthington Hills city,21,9700000US2102990,Jefferson County School District,100.000,census_tiger_2023_polygon_intersection,medium,candidate_spatial,ACT,average_composite,17.4,2024-25,6433,,official_district_total_grade_11_average,official_state_export,kentucky_act_2024_25_scores,high,Kentucky district total; ACT grade 11 average score by site; all students aggregate as published.
1600000US2183784,Windy Hills city,21,9700000US2102990,Jefferson County School District,100.000,census_tiger_2023_polygon_intersection,medium,candidate_spatial,ACT,average_composite,17.4,2024-25,6433,,official_district_total_grade_11_average,official_state_export,kentucky_act_2024_25_scores,high,Kentucky district total; ACT grade 11 average score by site; all students aggregate as published.
1600000US2136865,Hills and Dales city,21,9700000US2102990,Jefferson County School District,100.000,census_tiger_2023_polygon_intersection,medium,candidate_spatial,ACT,average_composite,17.4,2024-25,6433,,official_district_total_grade_11_average,official_state_export,kentucky_act_2024_25_scores,high,Kentucky district total; ACT grade 11 average score by site; all students aggregate as published.
1600000US2142598,Kingsley city,21,9700000US2102990,Jefferson County School District,100.000,census_tiger_2023_polygon_intersection,medium,candidate_spatial,ACT,average_composite,17.4,2024-25,6433,,official_district_total_grade_11_average,official_state_export,kentucky_act_2024_25_scores,high,Kentucky district total; ACT grade 11 average score by site; all students aggregate as published.
1600000US2183208,Wildwood city,21,9700000US2102990,Jefferson County School District,100.000,census_tiger_2023_polygon_intersection,medium,candidate_spatial,ACT,average_composite,17.4,2024-25,6433,,official_district_total_grade_11_average,official_state_export,kentucky_act_2024_25_scores,high,Kentucky district total; ACT grade 11 average score by site; all students aggregate as published.
1600000US2100802,Alexandria city,21,9700000US2100900,Campbell County School District,100.000,census_tiger_2023_polygon_intersection,medium,candidate_spatial,ACT,average_composite,19.9,2024-25,387,,official_district_total_grade_11_average,official_state_export,kentucky_act_2024_25_scores,high,Kentucky district total; ACT grade 11 average score by site; all students aggregate as published.
1600000US2105464,Bellewood city,21,9700000US2102990,Jefferson County School District,100.000,census_tiger_2023_polygon_intersection,medium,candidate_spatial,ACT,average_composite,17.4,2024-25,6433,,official_district_total_grade_11_average,official_state_export,kentucky_act_2024_25_scores,high,Kentucky district total; ACT grade 11 average score by site; all students aggregate as published.
1600000US2103376,Bancroft city,21,9700000US2102990,Jefferson County School District,100.000,census_tiger_2023_polygon_intersection,medium,candidate_spatial,ACT,average_composite,17.4,2024-25,6433,,official_district_total_grade_11_average,official_state_export,kentucky_act_2024_25_scores,high,Kentucky district total; ACT grade 11 average score by site; all students aggregate as published.
1600000US2172138,South Park View city,21,9700000US2102990,Jefferson County School District,100.000,census_tiger_2023_polygon_intersection,medium,candidate_spatial,ACT,average_composite,17.4,2024-25,6433,,official_district_total_grade_11_average,official_state_export,kentucky_act_2024_25_scores,high,Kentucky district total; ACT grade 11 average score by site; all students aggregate as published.
1600000US2154084,Mount Sterling city,21,9700000US2104250,Montgomery County School District,100.000,census_tiger_2023_polygon_intersection,medium,candidate_spatial,ACT,average_composite,18,2024-25,312,,official_district_total_grade_11_average,official_state_export,kentucky_act_2024_25_scores,high,Kentucky district total; ACT grade 11 average score by site; all students aggregate as published.
1600000US2112052,Camargo city,21,9700000US2104250,Montgomery County School District,100.000,census_tiger_2023_polygon_intersection,medium,candidate_spatial,ACT,average_composite,18,2024-25,312,,official_district_total_grade_11_average,official_state_export,kentucky_act_2024_25_scores,high,Kentucky district total; ACT grade 11 average score by site; all students aggregate as published.
1600000US2100694,Albany city,21,9700000US2101260,Clinton County School District,100.000,census_tiger_2023_polygon_intersection,medium,candidate_spatial,ACT,average_composite,17.6,2024-25,99,,official_district_total_grade_11_average,official_state_export,kentucky_act_2024_25_scores,high,Kentucky district total; ACT grade 11 average score by site; all students aggregate as published.
1600000US2124400,Elkton city,21,9700000US2105550,Todd County School District,100.000,census_tiger_2023_polygon_intersection,medium,candidate_spatial,ACT,average_composite,16.9,2024-25,128,,official_district_total_grade_11_average,official_state_export,kentucky_act_2024_25_scores,high,Kentucky district total; ACT grade 11 average score by site; all students aggregate as published.
1600000US2133562,Guthrie city,21,9700000US2105550,Todd County School District,100.000,census_tiger_2023_polygon_intersection,medium,candidate_spatial,ACT,average_composite,16.9,2024-25,128,,official_district_total_grade_11_average,official_state_export,kentucky_act_2024_25_scores,high,Kentucky district total; ACT grade 11 average score by site; all students aggregate as published.
1600000US2131114,Glasgow city,21,9700000US2100300,Barren County School District,42.713,census_tiger_2023_polygon_intersection,low,candidate_spatial,ACT,average_composite,18.1,2024-25,370,,official_district_total_grade_11_average,official_state_export,kentucky_act_2024_25_scores,high,Kentucky district total; ACT grade 11 average score by site; all students aggregate as published.
1600000US2131114,Glasgow city,21,9700000US2102220,Glasgow Independent School District,57.287,census_tiger_2023_polygon_intersection,medium,candidate_spatial,ACT,average_composite,18.1,2024-25,148,,official_district_total_grade_11_average,official_state_export,kentucky_act_2024_25_scores,high,Kentucky district total; ACT grade 11 average score by site; all students aggregate as published.
1600000US2105446,Bellevue city,21,9700000US2100900,Campbell County School District,4.083,census_tiger_2023_polygon_intersection,low,candidate_spatial,ACT,average_composite,19.9,2024-25,387,,official_district_total_grade_11_average,official_state_export,kentucky_act_2024_25_scores,high,Kentucky district total; ACT grade 11 average score by site; all students aggregate as published.
1600000US2105446,Bellevue city,21,9700000US2104440,Newport Independent School District,1.690,census_tiger_2023_polygon_intersection,low,candidate_spatial,ACT,average_composite,15.6,2024-25,93,,official_district_total_grade_11_average,official_state_export,kentucky_act_2024_25_scores,high,Kentucky district total; ACT grade 11 average score by site; all students aggregate as published.
1600000US2105446,Bellevue city,21,9700000US2100420,Bellevue Independent School District,93.783,census_tiger_2023_polygon_intersection,medium,candidate_spatial,ACT,average_composite,17.9,2024-25,52,,official_district_total_grade_11_average,official_state_export,kentucky_act_2024_25_scores,high,Kentucky district total; ACT grade 11 average score by site; all students aggregate as published.
1600000US2105446,Bellevue city,21,9700000US2101530,Dayton Independent School District,0.443,census_tiger_2023_polygon_intersection,low,candidate_spatial,ACT,average_composite,16.7,2024-25,41,,official_district_total_grade_11_average,official_state_export,kentucky_act_2024_25_scores,high,Kentucky district total; ACT grade 11 average score by site; all students aggregate as published.
1600000US2111872,California city,21,9700000US2100900,Campbell County School District,100.000,census_tiger_2023_polygon_intersection,medium,candidate_spatial,ACT,average_composite,19.9,2024-25,387,,official_district_total_grade_11_average,official_state_export,kentucky_act_2024_25_scores,high,Kentucky district total; ACT grade 11 average score by site; all students aggregate as published.
1600000US2118424,Crestview city,21,9700000US2100900,Campbell County School District,100.000,census_tiger_2023_polygon_intersection,medium,candidate_spatial,ACT,average_composite,19.9,2024-25,387,,official_district_total_grade_11_average,official_state_export,kentucky_act_2024_25_scores,high,Kentucky district total; ACT grade 11 average score by site; all students aggregate as published.
1600000US2120350,Dayton city,21,9700000US2100900,Campbell County School District,38.853,census_tiger_2023_polygon_intersection,low,candidate_spatial,ACT,average_composite,19.9,2024-25,387,,official_district_total_grade_11_average,official_state_export,kentucky_act_2024_25_scores,high,Kentucky district total; ACT grade 11 average score by site; all students aggregate as published.
1600000US2120350,Dayton city,21,9700000US2102040,Fort Thomas Independent School District,0.174,census_tiger_2023_polygon_intersection,low,candidate_spatial,ACT,average_composite,22.6,2024-25,285,,official_district_total_grade_11_average,official_state_export,kentucky_act_2024_25_scores,high,Kentucky district total; ACT grade 11 average score by site; all students aggregate as published.
1600000US2120350,Dayton city,21,9700000US2100420,Bellevue Independent School District,0.266,census_tiger_2023_polygon_intersection,low,candidate_spatial,ACT,average_composite,17.9,2024-25,52,,official_district_total_grade_11_average,official_state_export,kentucky_act_2024_25_scores,high,Kentucky district total; ACT grade 11 average score by site; all students aggregate as published.
1600000US2120350,Dayton city,21,9700000US2101530,Dayton Independent School District,60.707,census_tiger_2023_polygon_intersection,medium,candidate_spatial,ACT,average_composite,16.7,2024-25,41,,official_district_total_grade_11_average,official_state_export,kentucky_act_2024_25_scores,high,Kentucky district total; ACT grade 11 average score by site; all students aggregate as published.
1600000US2151438,Melbourne city,21,9700000US2100900,Campbell County School District,100.000,census_tiger_2023_polygon_intersection,medium,candidate_spatial,ACT,average_composite,19.9,2024-25,387,,official_district_total_grade_11_average,official_state_export,kentucky_act_2024_25_scores,high,Kentucky district total; ACT grade 11 average score by site; all students aggregate as published.
1600000US2184522,Woodlawn city,21,9700000US2100900,Campbell County School District,91.472,census_tiger_2023_polygon_intersection,medium,candidate_spatial,ACT,average_composite,19.9,2024-25,387,,official_district_total_grade_11_average,official_state_export,kentucky_act_2024_25_scores,high,Kentucky district total; ACT grade 11 average score by site; all students aggregate as published.
1600000US2184522,Woodlawn city,21,9700000US2104440,Newport Independent School District,8.528,census_tiger_2023_polygon_intersection,low,candidate_spatial,ACT,average_composite,15.6,2024-25,93,,official_district_total_grade_11_average,official_state_export,kentucky_act_2024_25_scores,high,Kentucky district total; ACT grade 11 average score by site; all students aggregate as published.
1600000US2107264,Blaine city,21,9700000US2103240,Lawrence County School District,100.000,census_tiger_2023_polygon_intersection,medium,candidate_spatial,ACT,average_composite,16.2,2024-25,179,,official_district_total_grade_11_average,official_state_export,kentucky_act_2024_25_scores,high,Kentucky district total; ACT grade 11 average score by site; all students aggregate as published.
1600000US2184900,Worthville city,21,9700000US2100990,Carroll County School District,100.000,census_tiger_2023_polygon_intersection,medium,candidate_spatial,ACT,average_composite,15.7,2024-25,149,,official_district_total_grade_11_average,official_state_export,kentucky_act_2024_25_scores,high,Kentucky district total; ACT grade 11 average score by site; all students aggregate as published.
1600000US2146072,Liberty city,21,9700000US2101050,Casey County School District,100.000,census_tiger_2023_polygon_intersection,medium,candidate_spatial,ACT,average_composite,18.3,2024-25,132,,official_district_total_grade_11_average,official_state_export,kentucky_act_2024_25_scores,high,Kentucky district total; ACT grade 11 average score by site; all students aggregate as published.
1600000US2132523,Graymoor-Devondale city,21,9700000US2102990,Jefferson County School District,100.000,census_tiger_2023_polygon_intersection,medium,candidate_spatial,ACT,average_composite,17.4,2024-25,6433,,official_district_total_grade_11_average,official_state_export,kentucky_act_2024_25_scores,high,Kentucky district total; ACT grade 11 average score by site; all students aggregate as published.
1600000US2172372,Sparta city,21,9700000US2104560,Owen County School District,6.505,census_tiger_2023_polygon_intersection,low,candidate_spatial,ACT,average_composite,16.8,2024-25,134,,official_district_total_grade_11_average,official_state_export,kentucky_act_2024_25_scores,high,Kentucky district total; ACT grade 11 average score by site; all students aggregate as published.
1600000US2172372,Sparta city,21,9700000US2102130,Gallatin County School District,93.495,census_tiger_2023_polygon_intersection,medium,candidate_spatial,ACT,average_composite,15.5,2024-25,113,,official_district_total_grade_11_average,official_state_export,kentucky_act_2024_25_scores,high,Kentucky district total; ACT grade 11 average score by site; all students aggregate as published.
1600000US2118568,Crittenden city,21,9700000US2102250,Grant County School District,99.913,census_tiger_2023_polygon_intersection,medium,candidate_spatial,ACT,average_composite,17.2,2024-25,229,,official_district_total_grade_11_average,official_state_export,kentucky_act_2024_25_scores,high,Kentucky district total; ACT grade 11 average score by site; all students aggregate as published.
1600000US2118568,Crittenden city,21,9700000US2103090,Kenton County School District,0.087,census_tiger_2023_polygon_intersection,low,candidate_spatial,ACT,average_composite,18.6,2024-25,1039,,official_district_total_grade_11_average,official_state_export,kentucky_act_2024_25_scores,high,Kentucky district total; ACT grade 11 average score by site; all students aggregate as published.
1600000US2124274,Elizabethtown city,21,9700000US2101650,Elizabethtown Independent School District,17.536,census_tiger_2023_polygon_intersection,low,candidate_spatial,ACT,average_composite,19.9,2024-25,200,,official_district_total_grade_11_average,official_state_export,kentucky_act_2024_25_scores,high,Kentucky district total; ACT grade 11 average score by site; all students aggregate as published.
1600000US2124274,Elizabethtown city,21,9700000US2102490,Hardin County School District,82.464,census_tiger_2023_polygon_intersection,medium,candidate_spatial,ACT,average_composite,18.1,2024-25,1069,,official_district_total_grade_11_average,official_state_export,kentucky_act_2024_25_scores,high,Kentucky district total; ACT grade 11 average score by site; all students aggregate as published.
1600000US2179734,Vine Grove city,21,9700000US2102490,Hardin County School District,100.000,census_tiger_2023_polygon_intersection,medium,candidate_spatial,ACT,average_composite,18.1,2024-25,1069,,official_district_total_grade_11_average,official_state_export,kentucky_act_2024_25_scores,high,Kentucky district total; ACT grade 11 average score by site; all students aggregate as published.
1600000US2104546,Beattyville city,21,9700000US2103270,Lee County School District,100.000,census_tiger_2023_polygon_intersection,medium,candidate_spatial,ACT,average_composite,16.2,2024-25,41,,official_district_total_grade_11_average,official_state_export,kentucky_act_2024_25_scores,high,Kentucky district total; ACT grade 11 average score by site; all students aggregate as published.
1600000US2152302,Millersburg city,21,9700000US2100540,Bourbon County School District,99.199,census_tiger_2023_polygon_intersection,medium,candidate_spatial,ACT,average_composite,17.4,2024-25,176,,official_district_total_grade_11_average,official_state_export,kentucky_act_2024_25_scores,high,Kentucky district total; ACT grade 11 average score by site; all students aggregate as published.
1600000US2152302,Millersburg city,21,9700000US2104470,Nicholas County School District,0.801,census_tiger_2023_polygon_intersection,low,candidate_spatial,ACT,average_composite,17.5,2024-25,66,,official_district_total_grade_11_average,official_state_export,kentucky_act_2024_25_scores,high,Kentucky district total; ACT grade 11 average score by site; all students aggregate as published.
1600000US2143606,Lakeside Park city,21,9700000US2103090,Kenton County School District,94.407,census_tiger_2023_polygon_intersection,medium,candidate_spatial,ACT,average_composite,18.6,2024-25,1039,,official_district_total_grade_11_average,official_state_export,kentucky_act_2024_25_scores,high,Kentucky district total; ACT grade 11 average score by site; all students aggregate as published.
1600000US2143606,Lakeside Park city,21,9700000US2100360,Beechwood Independent School District,5.593,census_tiger_2023_polygon_intersection,low,candidate_spatial,ACT,average_composite,23.5,2024-25,117,,official_district_total_grade_11_average,official_state_export,kentucky_act_2024_25_scores,high,Kentucky district total; ACT grade 11 average score by site; all students aggregate as published.
1600000US2123824,Eddyville city,21,9700000US2103690,Lyon County School District,100.000,census_tiger_2023_polygon_intersection,medium,candidate_spatial,ACT,average_composite,16.8,2024-25,68,,official_district_total_grade_11_average,official_state_export,kentucky_act_2024_25_scores,high,Kentucky district total; ACT grade 11 average score by site; all students aggregate as published.
1600000US2143840,Lancaster city,21,9700000US2102160,Garrard County School District,100.000,census_tiger_2023_polygon_intersection,medium,candidate_spatial,ACT,average_composite,17.5,2024-25,204,,official_district_total_grade_11_average,official_state_export,kentucky_act_2024_25_scores,high,Kentucky district total; ACT grade 11 average score by site; all students aggregate as published.
1600000US2105842,Berea city,21,9700000US2100480,Berea Independent School District,22.634,census_tiger_2023_polygon_intersection,low,candidate_spatial,ACT,average_composite,17.9,2024-25,86,,official_district_total_grade_11_average,official_state_export,kentucky_act_2024_25_scores,high,Kentucky district total; ACT grade 11 average score by site; all students aggregate as published.
1600000US2105842,Berea city,21,9700000US2103720,Madison County School District,77.366,census_tiger_2023_polygon_intersection,medium,candidate_spatial,ACT,average_composite,18.9,2024-25,796,,official_district_total_grade_11_average,official_state_export,kentucky_act_2024_25_scores,high,Kentucky district total; ACT grade 11 average score by site; all students aggregate as published.
1600000US2150286,Martin city,21,9700000US2101950,Floyd County School District,100.000,census_tiger_2023_polygon_intersection,medium,candidate_spatial,ACT,average_composite,16.6,2024-25,385,,official_district_total_grade_11_average,official_state_export,kentucky_act_2024_25_scores,high,Kentucky district total; ACT grade 11 average score by site; all students aggregate as published.
1600000US2162940,Prestonsburg city,21,9700000US2101950,Floyd County School District,100.000,census_tiger_2023_polygon_intersection,medium,candidate_spatial,ACT,average_composite,16.6,2024-25,385,,official_district_total_grade_11_average,official_state_export,kentucky_act_2024_25_scores,high,Kentucky district total; ACT grade 11 average score by site; all students aggregate as published.
1600000US2128666,Fountain Run city,21,9700000US2104200,Monroe County School District,100.000,census_tiger_2023_polygon_intersection,medium,candidate_spatial,ACT,average_composite,17.1,2024-25,136,,official_district_total_grade_11_average,official_state_export,kentucky_act_2024_25_scores,high,Kentucky district total; ACT grade 11 average score by site; all students aggregate as published.
1600000US2116894,Concord city,21,9700000US2103390,Lewis County School District,100.000,census_tiger_2023_polygon_intersection,medium,candidate_spatial,ACT,average_composite,17.3,2024-25,123,,official_district_total_grade_11_average,official_state_export,kentucky_act_2024_25_scores,high,Kentucky district total; ACT grade 11 average score by site; all students aggregate as published.
1600000US2179068,Vanceburg city,21,9700000US2103390,Lewis County School District,100.000,census_tiger_2023_polygon_intersection,medium,candidate_spatial,ACT,average_composite,17.3,2024-25,123,,official_district_total_grade_11_average,official_state_export,kentucky_act_2024_25_scores,high,Kentucky district total; ACT grade 11 average score by site; all students aggregate as published.
1600000US2183676,Winchester city,21,9700000US2101200,Clark County School District,100.000,census_tiger_2023_polygon_intersection,medium,candidate_spatial,ACT,average_composite,17.5,2024-25,408,,official_district_total_grade_11_average,official_state_export,kentucky_act_2024_25_scores,high,Kentucky district total; ACT grade 11 average score by site; all students aggregate as published.
1600000US2158620,Owensboro city,21,9700000US2101470,Daviess County School District,63.168,census_tiger_2023_polygon_intersection,medium,candidate_spatial,ACT,average_composite,18,2024-25,807,,official_district_total_grade_11_average,official_state_export,kentucky_act_2024_25_scores,high,Kentucky district total; ACT grade 11 average score by site; all students aggregate as published.
1600000US2158620,Owensboro city,21,9700000US2104590,Owensboro Independent School District,36.832,census_tiger_2023_polygon_intersection,low,candidate_spatial,ACT,average_composite,18,2024-25,275,,official_district_total_grade_11_average,official_state_export,kentucky_act_2024_25_scores,high,Kentucky district total; ACT grade 11 average score by site; all students aggregate as published.
1600000US2133022,Greenville city,21,9700000US2100081,Muhlenberg County School District,100.000,census_tiger_2023_polygon_intersection,medium,candidate_spatial,ACT,average_composite,17.7,2024-25,253,,official_district_total_grade_11_average,official_state_export,kentucky_act_2024_25_scores,high,Kentucky district total; ACT grade 11 average score by site; all students aggregate as published.
1600000US2124094,Ekron city,21,9700000US2104050,Meade County School District,100.000,census_tiger_2023_polygon_intersection,medium,candidate_spatial,ACT,average_composite,17.7,2024-25,376,,official_district_total_grade_11_average,official_state_export,kentucky_act_2024_25_scores,high,Kentucky district total; ACT grade 11 average score by site; all students aggregate as published.
1600000US2112160,Campbellsville city,21,9700000US2100930,Campbellsville Independent School District,56.561,census_tiger_2023_polygon_intersection,medium,candidate_spatial,ACT,average_composite,17.5,2024-25,83,,official_district_total_grade_11_average,official_state_export,kentucky_act_2024_25_scores,high,Kentucky district total; ACT grade 11 average score by site; all students aggregate as published.
1600000US2112160,Campbellsville city,21,9700000US2105520,Taylor County School District,43.439,census_tiger_2023_polygon_intersection,low,candidate_spatial,ACT,average_composite,18.3,2024-25,205,,official_district_total_grade_11_average,official_state_export,kentucky_act_2024_25_scores,high,Kentucky district total; ACT grade 11 average score by site; all students aggregate as published.
1600000US2160852,Pikeville city,21,9700000US2104800,Pike County School District,30.389,census_tiger_2023_polygon_intersection,low,candidate_spatial,ACT,average_composite,17.4,2024-25,478,,official_district_total_grade_11_average,official_state_export,kentucky_act_2024_25_scores,high,Kentucky district total; ACT grade 11 average score by site; all students aggregate as published.
1600000US2160852,Pikeville city,21,9700000US2104830,Pikeville Independent School District,69.611,census_tiger_2023_polygon_intersection,medium,candidate_spatial,ACT,average_composite,21.7,2024-25,76,,official_district_total_grade_11_average,official_state_export,kentucky_act_2024_25_scores,high,Kentucky district total; ACT grade 11 average score by site; all students aggregate as published.
1600000US2180958,Waverly city,21,9700000US2105640,Union County School District,100.000,census_tiger_2023_polygon_intersection,medium,candidate_spatial,ACT,average_composite,16.8,2024-25,147,,official_district_total_grade_11_average,official_state_export,kentucky_act_2024_25_scores,high,Kentucky district total; ACT grade 11 average score by site; all students aggregate as published.
1600000US2171688,Somerset city,21,9700000US2105430,Somerset Independent School District,45.558,census_tiger_2023_polygon_intersection,low,candidate_spatial,ACT,average_composite,19.3,2024-25,123,,official_district_total_grade_11_average,official_state_export,kentucky_act_2024_25_scores,high,Kentucky district total; ACT grade 11 average score by site; all students aggregate as published.
1600000US2171688,Somerset city,21,9700000US2104950,Pulaski County School District,54.442,census_tiger_2023_polygon_intersection,medium,candidate_spatial,ACT,average_composite,18.8,2024-25,577,,official_district_total_grade_11_average,official_state_export,kentucky_act_2024_25_scores,high,Kentucky district total; ACT grade 11 average score by site; all students aggregate as published.
1600000US2147854,Louisa city,21,9700000US2103240,Lawrence County School District,100.000,census_tiger_2023_polygon_intersection,medium,candidate_spatial,ACT,average_composite,16.2,2024-25,179,,official_district_total_grade_11_average,official_state_export,kentucky_act_2024_25_scores,high,Kentucky district total; ACT grade 11 average score by site; all students aggregate as published.
1600000US2139952,Jackson city,21,9700000US2100690,Breathitt County School District,67.707,census_tiger_2023_polygon_intersection,medium,candidate_spatial,ACT,average_composite,15.6,2024-25,99,,official_district_total_grade_11_average,official_state_export,kentucky_act_2024_25_scores,high,Kentucky district total; ACT grade 11 average score by site; all students aggregate as published.
1600000US2139952,Jackson city,21,9700000US2102910,Jackson Independent School District,32.293,census_tiger_2023_polygon_intersection,low,candidate_spatial,ACT,average_composite,18.3,2024-25,10,,official_district_total_grade_11_average,official_state_export,kentucky_act_2024_25_scores,high,Kentucky district total; ACT grade 11 average score by site; all students aggregate as published.
1600000US2182200,Wheatcroft city,21,9700000US2105820,Webster County School District,100.000,census_tiger_2023_polygon_intersection,medium,candidate_spatial,ACT,average_composite,17.1,2024-25,158,,official_district_total_grade_11_average,official_state_export,kentucky_act_2024_25_scores,high,Kentucky district total; ACT grade 11 average score by site; all students aggregate as published.
1600000US2125606,Evarts city,21,9700000US2102540,Harlan County School District,100.000,census_tiger_2023_polygon_intersection,medium,candidate_spatial,ACT,average_composite,17.9,2024-25,207,,official_district_total_grade_11_average,official_state_export,kentucky_act_2024_25_scores,high,Kentucky district total; ACT grade 11 average score by site; all students aggregate as published.
1600000US2103718,Barlow city,21,9700000US2100210,Ballard County School District,100.000,census_tiger_2023_polygon_intersection,medium,candidate_spatial,ACT,average_composite,19.1,2024-25,80,,official_district_total_grade_11_average,official_state_export,kentucky_act_2024_25_scores,high,Kentucky district total; ACT grade 11 average score by site; all students aggregate as published.
1600000US2142094,Kenton Vale city,21,9700000US2103090,Kenton County School District,100.000,census_tiger_2023_polygon_intersection,medium,candidate_spatial,ACT,average_composite,18.6,2024-25,1039,,official_district_total_grade_11_average,official_state_export,kentucky_act_2024_25_scores,high,Kentucky district total; ACT grade 11 average score by site; all students aggregate as published.
1600000US2163138,Princeton city,21,9700000US2100840,Caldwell County School District,100.000,census_tiger_2023_polygon_intersection,medium,candidate_spatial,ACT,average_composite,18.2,2024-25,136,,official_district_total_grade_11_average,official_state_export,kentucky_act_2024_25_scores,high,Kentucky district total; ACT grade 11 average score by site; all students aggregate as published.
1600000US2162370,Poplar Hills city,21,9700000US2102990,Jefferson County School District,100.000,census_tiger_2023_polygon_intersection,medium,candidate_spatial,ACT,average_composite,17.4,2024-25,6433,,official_district_total_grade_11_average,official_state_export,kentucky_act_2024_25_scores,high,Kentucky district total; ACT grade 11 average score by site; all students aggregate as published.
1600000US2144344,Lebanon city,21,9700000US2103780,Marion County School District,100.000,census_tiger_2023_polygon_intersection,medium,candidate_spatial,ACT,average_composite,17.4,2024-25,228,,official_district_total_grade_11_average,official_state_export,kentucky_act_2024_25_scores,high,Kentucky district total; ACT grade 11 average score by site; all students aggregate as published.
1600000US2115148,Clarkson city,21,9700000US2102300,Grayson County School District,100.000,census_tiger_2023_polygon_intersection,medium,candidate_spatial,ACT,average_composite,17.4,2024-25,278,,official_district_total_grade_11_average,official_state_export,kentucky_act_2024_25_scores,high,Kentucky district total; ACT grade 11 average score by site; all students aggregate as published.
1600000US2171130,Slaughters city,21,9700000US2105820,Webster County School District,100.000,census_tiger_2023_polygon_intersection,medium,candidate_spatial,ACT,average_composite,17.1,2024-25,158,,official_district_total_grade_11_average,official_state_export,kentucky_act_2024_25_scores,high,Kentucky district total; ACT grade 11 average score by site; all students aggregate as published.
1600000US2112898,Carlisle city,21,9700000US2104470,Nicholas County School District,100.000,census_tiger_2023_polygon_intersection,medium,candidate_spatial,ACT,average_composite,17.5,2024-25,66,,official_district_total_grade_11_average,official_state_export,kentucky_act_2024_25_scores,high,Kentucky district total; ACT grade 11 average score by site; all students aggregate as published.
1600000US2140312,Jenkins city,21,9700000US2103360,Letcher County School District,0.189,census_tiger_2023_polygon_intersection,low,candidate_spatial,ACT,average_composite,18.2,2024-25,144,,official_district_total_grade_11_average,official_state_export,kentucky_act_2024_25_scores,high,Kentucky district total; ACT grade 11 average score by site; all students aggregate as published.
1600000US2140312,Jenkins city,21,9700000US2103000,Jenkins Independent School District,99.811,census_tiger_2023_polygon_intersection,medium,candidate_spatial,ACT,average_composite,17.7,2024-25,28,,official_district_total_grade_11_average,official_state_export,kentucky_act_2024_25_scores,high,Kentucky district total; ACT grade 11 average score by site; all students aggregate as published.
1600000US2130718,Germantown city,21,9700000US2103870,Mason County School District,21.448,census_tiger_2023_polygon_intersection,low,candidate_spatial,ACT,average_composite,18,2024-25,181,,official_district_total_grade_11_average,official_state_export,kentucky_act_2024_25_scores,high,Kentucky district total; ACT grade 11 average score by site; all students aggregate as published.
1600000US2130718,Germantown city,21,9700000US2100660,Bracken County School District,78.552,census_tiger_2023_polygon_intersection,medium,candidate_spatial,ACT,average_composite,17.4,2024-25,100,,official_district_total_grade_11_average,official_state_export,kentucky_act_2024_25_scores,high,Kentucky district total; ACT grade 11 average score by site; all students aggregate as published.
1600000US2151024,Maysville city,21,9700000US2103870,Mason County School District,100.000,census_tiger_2023_polygon_intersection,medium,candidate_spatial,ACT,average_composite,18,2024-25,181,,official_district_total_grade_11_average,official_state_export,kentucky_act_2024_25_scores,high,Kentucky district total; ACT grade 11 average score by site; all students aggregate as published.
1600000US2154228,Mount Washington city,21,9700000US2100750,Bullitt County School District,100.000,census_tiger_2023_polygon_intersection,medium,candidate_spatial,ACT,average_composite,17.9,2024-25,1025,,official_district_total_grade_11_average,official_state_export,kentucky_act_2024_25_scores,high,Kentucky district total; ACT grade 11 average score by site; all students aggregate as published.
1600000US2174316,Sturgis city,21,9700000US2105640,Union County School District,100.000,census_tiger_2023_polygon_intersection,medium,candidate_spatial,ACT,average_composite,16.8,2024-25,147,,official_district_total_grade_11_average,official_state_export,kentucky_act_2024_25_scores,high,Kentucky district total; ACT grade 11 average score by site; all students aggregate as published.
1600000US2178492,Uniontown city,21,9700000US2105640,Union County School District,100.000,census_tiger_2023_polygon_intersection,medium,candidate_spatial,ACT,average_composite,16.8,2024-25,147,,official_district_total_grade_11_average,official_state_export,kentucky_act_2024_25_scores,high,Kentucky district total; ACT grade 11 average score by site; all students aggregate as published.
1600000US2102638,Auburn city,21,9700000US2103540,Logan County School District,100.000,census_tiger_2023_polygon_intersection,medium,candidate_spatial,ACT,average_composite,18.5,2024-25,228,,official_district_total_grade_11_average,official_state_export,kentucky_act_2024_25_scores,high,Kentucky district total; ACT grade 11 average score by site; all students aggregate as published.
1600000US2145064,Lewisburg city,21,9700000US2103540,Logan County School District,100.000,census_tiger_2023_polygon_intersection,medium,candidate_spatial,ACT,average_composite,18.5,2024-25,228,,official_district_total_grade_11_average,official_state_export,kentucky_act_2024_25_scores,high,Kentucky district total; ACT grade 11 average score by site; all students aggregate as published.
1600000US2167512,Russellville city,21,9700000US2105190,Russellville Independent School District,57.849,census_tiger_2023_polygon_intersection,medium,candidate_spatial,ACT,average_composite,16.2,2024-25,82,,official_district_total_grade_11_average,official_state_export,kentucky_act_2024_25_scores,high,Kentucky district total; ACT grade 11 average score by site; all students aggregate as published.
1600000US2167512,Russellville city,21,9700000US2103540,Logan County School District,42.151,census_tiger_2023_polygon_intersection,low,candidate_spatial,ACT,average_composite,18.5,2024-25,228,,official_district_total_grade_11_average,official_state_export,kentucky_act_2024_25_scores,high,Kentucky district total; ACT grade 11 average score by site; all students aggregate as published.
1600000US2131960,Goshen city,21,9700000US2104530,Oldham County School District,100.000,census_tiger_2023_polygon_intersection,medium,candidate_spatial,ACT,average_composite,21.5,2024-25,992,,official_district_total_grade_11_average,official_state_export,kentucky_act_2024_25_scores,high,Kentucky district total; ACT grade 11 average score by site; all students aggregate as published.
1600000US2137396,Hodgenville city,21,9700000US2103180,Larue County School District,100.000,census_tiger_2023_polygon_intersection,medium,candidate_spatial,ACT,average_composite,18.2,2024-25,185,,official_district_total_grade_11_average,official_state_export,kentucky_act_2024_25_scores,high,Kentucky district total; ACT grade 11 average score by site; all students aggregate as published.
1600000US2126434,Falmouth city,21,9700000US2104740,Pendleton County School District,100.000,census_tiger_2023_polygon_intersection,medium,candidate_spatial,ACT,average_composite,16.5,2024-25,155,,official_district_total_grade_11_average,official_state_export,kentucky_act_2024_25_scores,high,Kentucky district total; ACT grade 11 average score by site; all students aggregate as published.
1600000US2111854,Calhoun city,21,9700000US2104020,McLean County School District,100.000,census_tiger_2023_polygon_intersection,medium,candidate_spatial,ACT,average_composite,17.8,2024-25,99,,official_district_total_grade_11_average,official_state_export,kentucky_act_2024_25_scores,high,Kentucky district total; ACT grade 11 average score by site; all students aggregate as published.
1600000US2110324,Brownsville city,21,9700000US2101620,Edmonson County School District,100.000,census_tiger_2023_polygon_intersection,medium,candidate_spatial,ACT,average_composite,16.9,2024-25,133,,official_district_total_grade_11_average,official_state_export,kentucky_act_2024_25_scores,high,Kentucky district total; ACT grade 11 average score by site; all students aggregate as published.
1600000US2139700,Island city,21,9700000US2104020,McLean County School District,100.000,census_tiger_2023_polygon_intersection,medium,candidate_spatial,ACT,average_composite,17.8,2024-25,99,,official_district_total_grade_11_average,official_state_export,kentucky_act_2024_25_scores,high,Kentucky district total; ACT grade 11 average score by site; all students aggregate as published.
1600000US2147062,Livermore city,21,9700000US2104020,McLean County School District,100.000,census_tiger_2023_polygon_intersection,medium,candidate_spatial,ACT,average_composite,17.8,2024-25,99,,official_district_total_grade_11_average,official_state_export,kentucky_act_2024_25_scores,high,Kentucky district total; ACT grade 11 average score by site; all students aggregate as published.
1600000US2122582,Dry Ridge city,21,9700000US2102250,Grant County School District,100.000,census_tiger_2023_polygon_intersection,medium,candidate_spatial,ACT,average_composite,17.2,2024-25,229,,official_district_total_grade_11_average,official_state_export,kentucky_act_2024_25_scores,high,Kentucky district total; ACT grade 11 average score by site; all students aggregate as published.
1600000US2183406,Williamstown city,21,9700000US2102250,Grant County School District,43.850,census_tiger_2023_polygon_intersection,low,candidate_spatial,ACT,average_composite,17.2,2024-25,229,,official_district_total_grade_11_average,official_state_export,kentucky_act_2024_25_scores,high,Kentucky district total; ACT grade 11 average score by site; all students aggregate as published.
1600000US2183406,Williamstown city,21,9700000US2105940,Williamstown Independent School District,55.835,census_tiger_2023_polygon_intersection,medium,candidate_spatial,ACT,average_composite,18.6,2024-25,50,,official_district_total_grade_11_average,official_state_export,kentucky_act_2024_25_scores,high,Kentucky district total; ACT grade 11 average score by site; all students aggregate as published.
1600000US2183406,Williamstown city,21,9700000US2104740,Pendleton County School District,0.315,census_tiger_2023_polygon_intersection,low,candidate_spatial,ACT,average_composite,16.5,2024-25,155,,official_district_total_grade_11_average,official_state_export,kentucky_act_2024_25_scores,high,Kentucky district total; ACT grade 11 average score by site; all students aggregate as published.
1600000US2115238,Clay City city,21,9700000US2104890,Powell County School District,100.000,census_tiger_2023_polygon_intersection,medium,candidate_spatial,ACT,average_composite,17.2,2024-25,126,,official_district_total_grade_11_average,official_state_export,kentucky_act_2024_25_scores,high,Kentucky district total; ACT grade 11 average score by site; all students aggregate as published.
1600000US2157918,Olive Hill city,21,9700000US2101020,Carter County School District,100.000,census_tiger_2023_polygon_intersection,medium,candidate_spatial,ACT,average_composite,17,2024-25,306,,official_district_total_grade_11_average,official_state_export,kentucky_act_2024_25_scores,high,Kentucky district total; ACT grade 11 average score by site; all students aggregate as published.
1600000US2165874,Robards city,21,9700000US2102710,Henderson County School District,100.000,census_tiger_2023_polygon_intersection,medium,candidate_spatial,ACT,average_composite,18.5,2024-25,534,,official_district_total_grade_11_average,official_state_export,kentucky_act_2024_25_scores,high,Kentucky district total; ACT grade 11 average score by site; all students aggregate as published.
1600000US2129872,Gamaliel city,21,9700000US2104200,Monroe County School District,100.000,census_tiger_2023_polygon_intersection,medium,candidate_spatial,ACT,average_composite,17.1,2024-25,136,,official_district_total_grade_11_average,official_state_export,kentucky_act_2024_25_scores,high,Kentucky district total; ACT grade 11 average score by site; all students aggregate as published.
1600000US2148378,Ludlow city,21,9700000US2103090,Kenton County School District,1.746,census_tiger_2023_polygon_intersection,low,candidate_spatial,ACT,average_composite,18.6,2024-25,1039,,official_district_total_grade_11_average,official_state_export,kentucky_act_2024_25_scores,high,Kentucky district total; ACT grade 11 average score by site; all students aggregate as published.
1600000US2148378,Ludlow city,21,9700000US2103630,Ludlow Independent School District,98.254,census_tiger_2023_polygon_intersection,medium,candidate_spatial,ACT,average_composite,17.3,2024-25,68,,official_district_total_grade_11_average,official_state_export,kentucky_act_2024_25_scores,high,Kentucky district total; ACT grade 11 average score by site; all students aggregate as published.
1600000US2180706,Warsaw city,21,9700000US2102130,Gallatin County School District,100.000,census_tiger_2023_polygon_intersection,medium,candidate_spatial,ACT,average_composite,15.5,2024-25,113,,official_district_total_grade_11_average,official_state_export,kentucky_act_2024_25_scores,high,Kentucky district total; ACT grade 11 average score by site; all students aggregate as published.
1600000US2111692,Cadiz city,21,9700000US2105580,Trigg County School District,100.000,census_tiger_2023_polygon_intersection,medium,candidate_spatial,ACT,average_composite,18.5,2024-25,136,,official_district_total_grade_11_average,official_state_export,kentucky_act_2024_25_scores,high,Kentucky district total; ACT grade 11 average score by site; all students aggregate as published.
1600000US2137108,Hindman city,21,9700000US2103120,Knott County School District,100.000,census_tiger_2023_polygon_intersection,medium,candidate_spatial,ACT,average_composite,17.3,2024-25,153,,official_district_total_grade_11_average,official_state_export,kentucky_act_2024_25_scores,high,Kentucky district total; ACT grade 11 average score by site; all students aggregate as published.
1600000US2151564,Mentor city,21,9700000US2100900,Campbell County School District,100.000,census_tiger_2023_polygon_intersection,medium,candidate_spatial,ACT,average_composite,19.9,2024-25,387,,official_district_total_grade_11_average,official_state_export,kentucky_act_2024_25_scores,high,Kentucky district total; ACT grade 11 average score by site; all students aggregate as published.
1600000US2111530,Butler city,21,9700000US2104740,Pendleton County School District,100.000,census_tiger_2023_polygon_intersection,medium,candidate_spatial,ACT,average_composite,16.5,2024-25,155,,official_district_total_grade_11_average,official_state_export,kentucky_act_2024_25_scores,high,Kentucky district total; ACT grade 11 average score by site; all students aggregate as published.
1600000US2156136,Nicholasville city,21,9700000US2103030,Jessamine County School District,100.000,census_tiger_2023_polygon_intersection,medium,candidate_spatial,ACT,average_composite,18.4,2024-25,629,,official_district_total_grade_11_average,official_state_export,kentucky_act_2024_25_scores,high,Kentucky district total; ACT grade 11 average score by site; all students aggregate as published.
1600000US2131204,Glencoe city,21,9700000US2102130,Gallatin County School District,100.000,census_tiger_2023_polygon_intersection,medium,candidate_spatial,ACT,average_composite,15.5,2024-25,113,,official_district_total_grade_11_average,official_state_export,kentucky_act_2024_25_scores,high,Kentucky district total; ACT grade 11 average score by site; all students aggregate as published.
1600000US2161374,Pippa Passes city,21,9700000US2103120,Knott County School District,100.000,census_tiger_2023_polygon_intersection,medium,candidate_spatial,ACT,average_composite,17.3,2024-25,153,,official_district_total_grade_11_average,official_state_export,kentucky_act_2024_25_scores,high,Kentucky district total; ACT grade 11 average score by site; all students aggregate as published.
1600000US2128918,Franklin city,21,9700000US2105400,Simpson County School District,100.000,census_tiger_2023_polygon_intersection,medium,candidate_spatial,ACT,average_composite,17.7,2024-25,224,,official_district_total_grade_11_average,official_state_export,kentucky_act_2024_25_scores,high,Kentucky district total; ACT grade 11 average score by site; all students aggregate as published.
1600000US2109838,Brodhead city,21,9700000US2105070,Rockcastle County School District,100.000,census_tiger_2023_polygon_intersection,medium,candidate_spatial,ACT,average_composite,17.4,2024-25,215,,official_district_total_grade_11_average,official_state_export,kentucky_act_2024_25_scores,high,Kentucky district total; ACT grade 11 average score by site; all students aggregate as published.
1600000US2154174,Mount Vernon city,21,9700000US2105070,Rockcastle County School District,100.000,census_tiger_2023_polygon_intersection,medium,candidate_spatial,ACT,average_composite,17.4,2024-25,215,,official_district_total_grade_11_average,official_state_export,kentucky_act_2024_25_scores,high,Kentucky district total; ACT grade 11 average score by site; all students aggregate as published.
1600000US2147098,Livingston city,21,9700000US2105070,Rockcastle County School District,100.000,census_tiger_2023_polygon_intersection,medium,candidate_spatial,ACT,average_composite,17.4,2024-25,215,,official_district_total_grade_11_average,official_state_export,kentucky_act_2024_25_scores,high,Kentucky district total; ACT grade 11 average score by site; all students aggregate as published.
1600000US2119108,Cumberland city,21,9700000US2102540,Harlan County School District,100.000,census_tiger_2023_polygon_intersection,medium,candidate_spatial,ACT,average_composite,17.9,2024-25,207,,official_district_total_grade_11_average,official_state_export,kentucky_act_2024_25_scores,high,Kentucky district total; ACT grade 11 average score by site; all students aggregate as published.
1600000US2113978,Central City city,21,9700000US2100081,Muhlenberg County School District,100.000,census_tiger_2023_polygon_intersection,medium,candidate_spatial,ACT,average_composite,17.7,2024-25,253,,official_district_total_grade_11_average,official_state_export,kentucky_act_2024_25_scores,high,Kentucky district total; ACT grade 11 average score by site; all students aggregate as published.
1600000US2121682,Dixon city,21,9700000US2105820,Webster County School District,100.000,census_tiger_2023_polygon_intersection,medium,candidate_spatial,ACT,average_composite,17.1,2024-25,158,,official_district_total_grade_11_average,official_state_export,kentucky_act_2024_25_scores,high,Kentucky district total; ACT grade 11 average score by site; all students aggregate as published.
1600000US2163372,Providence city,21,9700000US2105820,Webster County School District,100.000,census_tiger_2023_polygon_intersection,medium,candidate_spatial,ACT,average_composite,17.1,2024-25,158,,official_district_total_grade_11_average,official_state_export,kentucky_act_2024_25_scores,high,Kentucky district total; ACT grade 11 average score by site; all students aggregate as published.
1600000US2169222,Sebree city,21,9700000US2105820,Webster County School District,100.000,census_tiger_2023_polygon_intersection,medium,candidate_spatial,ACT,average_composite,17.1,2024-25,158,,official_district_total_grade_11_average,official_state_export,kentucky_act_2024_25_scores,high,Kentucky district total; ACT grade 11 average score by site; all students aggregate as published.
1600000US2134966,Harrodsburg city,21,9700000US2104110,Mercer County School District,100.000,census_tiger_2023_polygon_intersection,medium,candidate_spatial,ACT,average_composite,18.5,2024-25,185,,official_district_total_grade_11_average,official_state_export,kentucky_act_2024_25_scores,high,Kentucky district total; ACT grade 11 average score by site; all students aggregate as published.
1600000US2170050,Shelbyville city,21,9700000US2105320,Shelby County School District,100.000,census_tiger_2023_polygon_intersection,medium,candidate_spatial,ACT,average_composite,17.3,2024-25,496,,official_district_total_grade_11_average,official_state_export,kentucky_act_2024_25_scores,high,Kentucky district total; ACT grade 11 average score by site; all students aggregate as published.
1600000US2175810,Taylorsville city,21,9700000US2105490,Spencer County School District,100.000,census_tiger_2023_polygon_intersection,medium,candidate_spatial,ACT,average_composite,17.9,2024-25,247,,official_district_total_grade_11_average,official_state_export,kentucky_act_2024_25_scores,high,Kentucky district total; ACT grade 11 average score by site; all students aggregate as published.
1600000US2118658,Crofton city,21,9700000US2101150,Christian County School District,100.000,census_tiger_2023_polygon_intersection,medium,candidate_spatial,ACT,average_composite,16.8,2024-25,524,,official_district_total_grade_11_average,official_state_export,kentucky_act_2024_25_scores,high,Kentucky district total; ACT grade 11 average score by site; all students aggregate as published.
1600000US2137918,Hopkinsville city,21,9700000US2101150,Christian County School District,100.000,census_tiger_2023_polygon_intersection,medium,candidate_spatial,ACT,average_composite,16.8,2024-25,524,,official_district_total_grade_11_average,official_state_export,kentucky_act_2024_25_scores,high,Kentucky district total; ACT grade 11 average score by site; all students aggregate as published.
1600000US2112142,Campbellsburg city,21,9700000US2102760,Henry County School District,100.000,census_tiger_2023_polygon_intersection,medium,candidate_spatial,ACT,average_composite,16.8,2024-25,119,,official_district_total_grade_11_average,official_state_export,kentucky_act_2024_25_scores,high,Kentucky district total; ACT grade 11 average score by site; all students aggregate as published.
1600000US2124904,Eminence city,21,9700000US2101710,Eminence Independent School District,100.000,census_tiger_2023_polygon_intersection,medium,candidate_spatial,ACT,average_composite,17.8,2024-25,76,,official_district_total_grade_11_average,official_state_export,kentucky_act_2024_25_scores,high,Kentucky district total; ACT grade 11 average score by site; all students aggregate as published.
1600000US2155596,New Castle city,21,9700000US2102760,Henry County School District,100.000,census_tiger_2023_polygon_intersection,medium,candidate_spatial,ACT,average_composite,16.8,2024-25,119,,official_district_total_grade_11_average,official_state_export,kentucky_act_2024_25_scores,high,Kentucky district total; ACT grade 11 average score by site; all students aggregate as published.
1600000US2130700,Georgetown city,21,9700000US2105260,Scott County School District,100.000,census_tiger_2023_polygon_intersection,medium,candidate_spatial,ACT,average_composite,18.4,2024-25,739,,official_district_total_grade_11_average,official_state_export,kentucky_act_2024_25_scores,high,Kentucky district total; ACT grade 11 average score by site; all students aggregate as published.
1600000US2117362,Corbin city,21,9700000US2105880,Whitley County School District,9.711,census_tiger_2023_polygon_intersection,low,candidate_spatial,ACT,average_composite,17.5,2024-25,271,,official_district_total_grade_11_average,official_state_export,kentucky_act_2024_25_scores,high,Kentucky district total; ACT grade 11 average score by site; all students aggregate as published.
1600000US2117362,Corbin city,21,9700000US2103150,Knox County School District,24.446,census_tiger_2023_polygon_intersection,low,candidate_spatial,ACT,average_composite,16.1,2024-25,218,,official_district_total_grade_11_average,official_state_export,kentucky_act_2024_25_scores,high,Kentucky district total; ACT grade 11 average score by site; all students aggregate as published.
1600000US2117362,Corbin city,21,9700000US2101320,Corbin Independent School District,65.841,census_tiger_2023_polygon_intersection,medium,candidate_spatial,ACT,average_composite,18.8,2024-25,236,,official_district_total_grade_11_average,official_state_export,kentucky_act_2024_25_scores,high,Kentucky district total; ACT grade 11 average score by site; all students aggregate as published.
1600000US2117362,Corbin city,21,9700000US2103210,Laurel County School District,0.001,census_tiger_2023_polygon_intersection,low,candidate_spatial,ACT,average_composite,18.4,2024-25,547,,official_district_total_grade_11_average,official_state_export,kentucky_act_2024_25_scores,high,Kentucky district total; ACT grade 11 average score by site; all students aggregate as published.
1600000US2183334,Williamsburg city,21,9700000US2105910,Williamsburg Independent School District,92.586,census_tiger_2023_polygon_intersection,medium,candidate_spatial,ACT,average_composite,16.9,2024-25,73,,official_district_total_grade_11_average,official_state_export,kentucky_act_2024_25_scores,high,Kentucky district total; ACT grade 11 average score by site; all students aggregate as published.
1600000US2183334,Williamsburg city,21,9700000US2105880,Whitley County School District,7.414,census_tiger_2023_polygon_intersection,low,candidate_spatial,ACT,average_composite,17.5,2024-25,271,,official_district_total_grade_11_average,official_state_export,kentucky_act_2024_25_scores,high,Kentucky district total; ACT grade 11 average score by site; all students aggregate as published.
1600000US2180616,Warfield city,21,9700000US2103840,Martin County School District,100.000,census_tiger_2023_polygon_intersection,medium,candidate_spatial,ACT,average_composite,17,2024-25,132,,official_district_total_grade_11_average,official_state_export,kentucky_act_2024_25_scores,high,Kentucky district total; ACT grade 11 average score by site; all students aggregate as published.
1600000US2129260,Frenchburg city,21,9700000US2104080,Menifee County School District,100.000,census_tiger_2023_polygon_intersection,medium,candidate_spatial,ACT,average_composite,16.7,2024-25,70,,official_district_total_grade_11_average,official_state_export,kentucky_act_2024_25_scores,high,Kentucky district total; ACT grade 11 average score by site; all students aggregate as published.
1600000US2112016,Calvert City city,21,9700000US2103810,Marshall County School District,100.000,census_tiger_2023_polygon_intersection,medium,candidate_spatial,ACT,average_composite,18.3,2024-25,309,,official_district_total_grade_11_average,official_state_export,kentucky_act_2024_25_scores,high,Kentucky district total; ACT grade 11 average score by site; all students aggregate as published.
1600000US2181858,West Liberty city,21,9700000US2104290,Morgan County School District,100.000,census_tiger_2023_polygon_intersection,medium,candidate_spatial,ACT,average_composite,17,2024-25,145,,official_district_total_grade_11_average,official_state_export,kentucky_act_2024_25_scores,high,Kentucky district total; ACT grade 11 average score by site; all students aggregate as published.
1600000US2128270,Fordsville city,21,9700000US2104500,Ohio County School District,100.000,census_tiger_2023_polygon_intersection,medium,candidate_spatial,ACT,average_composite,18.6,2024-25,237,,official_district_total_grade_11_average,official_state_export,kentucky_act_2024_25_scores,high,Kentucky district total; ACT grade 11 average score by site; all students aggregate as published.
1600000US2103628,Bardstown city,21,9700000US2104410,Nelson County School District,30.731,census_tiger_2023_polygon_intersection,low,candidate_spatial,ACT,average_composite,17.4,2024-25,348,,official_district_total_grade_11_average,official_state_export,kentucky_act_2024_25_scores,high,Kentucky district total; ACT grade 11 average score by site; all students aggregate as published.
1600000US2103628,Bardstown city,21,9700000US2100270,Bardstown Independent School District,69.269,census_tiger_2023_polygon_intersection,medium,candidate_spatial,ACT,average_composite,19.1,2024-25,168,,official_district_total_grade_11_average,official_state_export,kentucky_act_2024_25_scores,high,Kentucky district total; ACT grade 11 average score by site; all students aggregate as published.
1600000US2153076,Monterey city,21,9700000US2104560,Owen County School District,100.000,census_tiger_2023_polygon_intersection,medium,candidate_spatial,ACT,average_composite,16.8,2024-25,134,,official_district_total_grade_11_average,official_state_export,kentucky_act_2024_25_scores,high,Kentucky district total; ACT grade 11 average score by site; all students aggregate as published.
1600000US2123968,Edmonton city,21,9700000US2104140,Metcalfe County School District,100.000,census_tiger_2023_polygon_intersection,medium,candidate_spatial,ACT,average_composite,16.9,2024-25,85,,official_district_total_grade_11_average,official_state_export,kentucky_act_2024_25_scores,high,Kentucky district total; ACT grade 11 average score by site; all students aggregate as published.
1600000US2157144,Oakland city,21,9700000US2105730,Warren County School District,100.000,census_tiger_2023_polygon_intersection,medium,candidate_spatial,ACT,average_composite,18.7,2024-25,1317,,official_district_total_grade_11_average,official_state_export,kentucky_act_2024_25_scores,high,Kentucky district total; ACT grade 11 average score by site; all students aggregate as published.
1600000US2161860,Plum Springs city,21,9700000US2105730,Warren County School District,100.000,census_tiger_2023_polygon_intersection,medium,candidate_spatial,ACT,average_composite,18.7,2024-25,1317,,official_district_total_grade_11_average,official_state_export,kentucky_act_2024_25_scores,high,Kentucky district total; ACT grade 11 average score by site; all students aggregate as published.
1600000US2171454,Smiths Grove city,21,9700000US2105730,Warren County School District,100.000,census_tiger_2023_polygon_intersection,medium,candidate_spatial,ACT,average_composite,18.7,2024-25,1317,,official_district_total_grade_11_average,official_state_export,kentucky_act_2024_25_scores,high,Kentucky district total; ACT grade 11 average score by site; all students aggregate as published.
1600000US2184414,Woodburn city,21,9700000US2105730,Warren County School District,100.000,census_tiger_2023_polygon_intersection,medium,candidate_spatial,ACT,average_composite,18.7,2024-25,1317,,official_district_total_grade_11_average,official_state_export,kentucky_act_2024_25_scores,high,Kentucky district total; ACT grade 11 average score by site; all students aggregate as published.
1600000US2153976,Mount Olivet city,21,9700000US2105040,Robertson County School District,100.000,census_tiger_2023_polygon_intersection,medium,candidate_spatial,ACT,average_composite,16.6,2024-25,38,,official_district_total_grade_11_average,official_state_export,kentucky_act_2024_25_scores,high,Kentucky district total; ACT grade 11 average score by site; all students aggregate as published.
1600000US2122222,Dover city,21,9700000US2103870,Mason County School District,100.000,census_tiger_2023_polygon_intersection,medium,candidate_spatial,ACT,average_composite,18,2024-25,181,,official_district_total_grade_11_average,official_state_export,kentucky_act_2024_25_scores,high,Kentucky district total; ACT grade 11 average score by site; all students aggregate as published.
1600000US2168646,Sardis city,21,9700000US2105040,Robertson County School District,31.415,census_tiger_2023_polygon_intersection,low,candidate_spatial,ACT,average_composite,16.6,2024-25,38,,official_district_total_grade_11_average,official_state_export,kentucky_act_2024_25_scores,high,Kentucky district total; ACT grade 11 average score by site; all students aggregate as published.
1600000US2168646,Sardis city,21,9700000US2103870,Mason County School District,68.585,census_tiger_2023_polygon_intersection,medium,candidate_spatial,ACT,average_composite,18,2024-25,181,,official_district_total_grade_11_average,official_state_export,kentucky_act_2024_25_scores,high,Kentucky district total; ACT grade 11 average score by site; all students aggregate as published.
1600000US2135200,Hawesville city,21,9700000US2102460,Hancock County School District,100.000,census_tiger_2023_polygon_intersection,medium,candidate_spatial,ACT,average_composite,17.3,2024-25,125,,official_district_total_grade_11_average,official_state_export,kentucky_act_2024_25_scores,high,Kentucky district total; ACT grade 11 average score by site; all students aggregate as published.
1600000US2165982,Rochester city,21,9700000US2100810,Butler County School District,100.000,census_tiger_2023_polygon_intersection,medium,candidate_spatial,ACT,average_composite,17.8,2024-25,145,,official_district_total_grade_11_average,official_state_export,kentucky_act_2024_25_scores,high,Kentucky district total; ACT grade 11 average score by site; all students aggregate as published.
1600000US2145136,Lewisport city,21,9700000US2102460,Hancock County School District,100.000,census_tiger_2023_polygon_intersection,medium,candidate_spatial,ACT,average_composite,17.3,2024-25,125,,official_district_total_grade_11_average,official_state_export,kentucky_act_2024_25_scores,high,Kentucky district total; ACT grade 11 average score by site; all students aggregate as published.
1600000US2148288,Loyall city,21,9700000US2102540,Harlan County School District,100.000,census_tiger_2023_polygon_intersection,medium,candidate_spatial,ACT,average_composite,17.9,2024-25,207,,official_district_total_grade_11_average,official_state_export,kentucky_act_2024_25_scores,high,Kentucky district total; ACT grade 11 average score by site; all students aggregate as published.
1600000US2148540,Lynch city,21,9700000US2102540,Harlan County School District,100.000,census_tiger_2023_polygon_intersection,medium,candidate_spatial,ACT,average_composite,17.9,2024-25,207,,official_district_total_grade_11_average,official_state_export,kentucky_act_2024_25_scores,high,Kentucky district total; ACT grade 11 average score by site; all students aggregate as published.
1600000US2154642,Murray city,21,9700000US2104380,Murray Independent School District,37.525,census_tiger_2023_polygon_intersection,low,candidate_spatial,ACT,average_composite,21.2,2024-25,155,,official_district_total_grade_11_average,official_state_export,kentucky_act_2024_25_scores,high,Kentucky district total; ACT grade 11 average score by site; all students aggregate as published.
1600000US2154642,Murray city,21,9700000US2100870,Calloway County School District,62.475,census_tiger_2023_polygon_intersection,medium,candidate_spatial,ACT,average_composite,18.5,2024-25,201,,official_district_total_grade_11_average,official_state_export,kentucky_act_2024_25_scores,high,Kentucky district total; ACT grade 11 average score by site; all students aggregate as published.
1600000US2125552,Eubank city,21,9700000US2104950,Pulaski County School District,86.934,census_tiger_2023_polygon_intersection,medium,candidate_spatial,ACT,average_composite,18.8,2024-25,577,,official_district_total_grade_11_average,official_state_export,kentucky_act_2024_25_scores,high,Kentucky district total; ACT grade 11 average score by site; all students aggregate as published.
1600000US2125552,Eubank city,21,9700000US2103480,Lincoln County School District,13.066,census_tiger_2023_polygon_intersection,low,candidate_spatial,ACT,average_composite,17.2,2024-25,204,,official_district_total_grade_11_average,official_state_export,kentucky_act_2024_25_scores,high,Kentucky district total; ACT grade 11 average score by site; all students aggregate as published.
1600000US2160492,Pewee Valley city,21,9700000US2104530,Oldham County School District,100.000,census_tiger_2023_polygon_intersection,medium,candidate_spatial,ACT,average_composite,21.5,2024-25,992,,official_district_total_grade_11_average,official_state_export,kentucky_act_2024_25_scores,high,Kentucky district total; ACT grade 11 average score by site; all students aggregate as published.
1600000US2172660,Springfield city,21,9700000US2105760,Washington County School District,100.000,census_tiger_2023_polygon_intersection,medium,candidate_spatial,ACT,average_composite,18,2024-25,128,,official_district_total_grade_11_average,official_state_export,kentucky_act_2024_25_scores,high,Kentucky district total; ACT grade 11 average score by site; all students aggregate as published.
1600000US2177160,Tompkinsville city,21,9700000US2104200,Monroe County School District,100.000,census_tiger_2023_polygon_intersection,medium,candidate_spatial,ACT,average_composite,17.1,2024-25,136,,official_district_total_grade_11_average,official_state_export,kentucky_act_2024_25_scores,high,Kentucky district total; ACT grade 11 average score by site; all students aggregate as published.
1600000US2179482,Versailles city,21,9700000US2106000,Woodford County School District,100.000,census_tiger_2023_polygon_intersection,medium,candidate_spatial,ACT,average_composite,19.3,2024-25,346,,official_district_total_grade_11_average,official_state_export,kentucky_act_2024_25_scores,high,Kentucky district total; ACT grade 11 average score by site; all students aggregate as published.
1600000US2150898,Mayfield city,21,9700000US2102280,Graves County School District,26.685,census_tiger_2023_polygon_intersection,low,candidate_spatial,ACT,average_composite,18.1,2024-25,271,,official_district_total_grade_11_average,official_state_export,kentucky_act_2024_25_scores,high,Kentucky district total; ACT grade 11 average score by site; all students aggregate as published.
1600000US2150898,Mayfield city,21,9700000US2103900,Mayfield Independent School District,73.315,census_tiger_2023_polygon_intersection,medium,candidate_spatial,ACT,average_composite,16.8,2024-25,127,,official_district_total_grade_11_average,official_state_export,kentucky_act_2024_25_scores,high,Kentucky district total; ACT grade 11 average score by site; all students aggregate as published.
1600000US2117956,Crab Orchard city,21,9700000US2103480,Lincoln County School District,100.000,census_tiger_2023_polygon_intersection,medium,candidate_spatial,ACT,average_composite,17.2,2024-25,204,,official_district_total_grade_11_average,official_state_export,kentucky_act_2024_25_scores,high,Kentucky district total; ACT grade 11 average score by site; all students aggregate as published.
1600000US2138836,Hustonville city,21,9700000US2103480,Lincoln County School District,100.000,census_tiger_2023_polygon_intersection,medium,candidate_spatial,ACT,average_composite,17.2,2024-25,204,,official_district_total_grade_11_average,official_state_export,kentucky_act_2024_25_scores,high,Kentucky district total; ACT grade 11 average score by site; all students aggregate as published.
1600000US2141338,Junction City city,21,9700000US2103480,Lincoln County School District,0.776,census_tiger_2023_polygon_intersection,low,candidate_spatial,ACT,average_composite,17.2,2024-25,204,,official_district_total_grade_11_average,official_state_export,kentucky_act_2024_25_scores,high,Kentucky district total; ACT grade 11 average score by site; all students aggregate as published.
1600000US2141338,Junction City city,21,9700000US2100630,Boyle County School District,99.224,census_tiger_2023_polygon_intersection,medium,candidate_spatial,ACT,average_composite,20.9,2024-25,211,,official_district_total_grade_11_average,official_state_export,kentucky_act_2024_25_scores,high,Kentucky district total; ACT grade 11 average score by site; all students aggregate as published.
1600000US2173110,Stanford city,21,9700000US2103480,Lincoln County School District,100.000,census_tiger_2023_polygon_intersection,medium,candidate_spatial,ACT,average_composite,17.2,2024-25,204,,official_district_total_grade_11_average,official_state_export,kentucky_act_2024_25_scores,high,Kentucky district total; ACT grade 11 average score by site; all students aggregate as published.
1600000US2178384,Union city,21,9700000US2100510,Boone County School District,100.000,census_tiger_2023_polygon_intersection,medium,candidate_spatial,ACT,average_composite,19.2,2024-25,1506,,official_district_total_grade_11_average,official_state_export,kentucky_act_2024_25_scores,high,Kentucky district total; ACT grade 11 average score by site; all students aggregate as published.
1600000US2112538,Caneyville city,21,9700000US2102300,Grayson County School District,100.000,census_tiger_2023_polygon_intersection,medium,candidate_spatial,ACT,average_composite,17.4,2024-25,278,,official_district_total_grade_11_average,official_state_export,kentucky_act_2024_25_scores,high,Kentucky district total; ACT grade 11 average score by site; all students aggregate as published.
1600000US2144686,Leitchfield city,21,9700000US2102300,Grayson County School District,100.000,census_tiger_2023_polygon_intersection,medium,candidate_spatial,ACT,average_composite,17.4,2024-25,278,,official_district_total_grade_11_average,official_state_export,kentucky_act_2024_25_scores,high,Kentucky district total; ACT grade 11 average score by site; all students aggregate as published.
1600000US2127802,Flatwoods city,21,9700000US2105130,Russell Independent School District,99.420,census_tiger_2023_polygon_intersection,medium,candidate_spatial,ACT,average_composite,20.5,2024-25,157,,official_district_total_grade_11_average,official_state_export,kentucky_act_2024_25_scores,high,Kentucky district total; ACT grade 11 average score by site; all students aggregate as published.
1600000US2167458,Russell city,21,9700000US2105130,Russell Independent School District,100.000,census_tiger_2023_polygon_intersection,medium,candidate_spatial,ACT,average_composite,20.5,2024-25,157,,official_district_total_grade_11_average,official_state_export,kentucky_act_2024_25_scores,high,Kentucky district total; ACT grade 11 average score by site; all students aggregate as published.
1600000US2115202,Clay city,21,9700000US2105820,Webster County School District,100.000,census_tiger_2023_polygon_intersection,medium,candidate_spatial,ACT,average_composite,17.1,2024-25,158,,official_district_total_grade_11_average,official_state_export,kentucky_act_2024_25_scores,high,Kentucky district total; ACT grade 11 average score by site; all students aggregate as published.
1600000US2105374,Bellefonte city,21,9700000US2105130,Russell Independent School District,100.000,census_tiger_2023_polygon_intersection,medium,candidate_spatial,ACT,average_composite,20.5,2024-25,157,,official_district_total_grade_11_average,official_state_export,kentucky_act_2024_25_scores,high,Kentucky district total; ACT grade 11 average score by site; all students aggregate as published.
1600000US2133004,Greenup city,21,9700000US2102400,Greenup County School District,100.000,census_tiger_2023_polygon_intersection,medium,candidate_spatial,ACT,average_composite,16.6,2024-25,204,,official_district_total_grade_11_average,official_state_export,kentucky_act_2024_25_scores,high,Kentucky district total; ACT grade 11 average score by site; all students aggregate as published.
1600000US2163858,Raceland city,21,9700000US2105130,Russell Independent School District,7.232,census_tiger_2023_polygon_intersection,low,candidate_spatial,ACT,average_composite,20.5,2024-25,157,,official_district_total_grade_11_average,official_state_export,kentucky_act_2024_25_scores,high,Kentucky district total; ACT grade 11 average score by site; all students aggregate as published.
1600000US2163858,Raceland city,21,9700000US2102400,Greenup County School District,0.990,census_tiger_2023_polygon_intersection,low,candidate_spatial,ACT,average_composite,16.6,2024-25,204,,official_district_total_grade_11_average,official_state_export,kentucky_act_2024_25_scores,high,Kentucky district total; ACT grade 11 average score by site; all students aggregate as published.
1600000US2172210,South Shore city,21,9700000US2102400,Greenup County School District,100.000,census_tiger_2023_polygon_intersection,medium,candidate_spatial,ACT,average_composite,16.6,2024-25,204,,official_district_total_grade_11_average,official_state_export,kentucky_act_2024_25_scores,high,Kentucky district total; ACT grade 11 average score by site; all students aggregate as published.
1600000US2127982,Florence city,21,9700000US2100510,Boone County School District,100.000,census_tiger_2023_polygon_intersection,medium,candidate_spatial,ACT,average_composite,19.2,2024-25,1506,,official_district_total_grade_11_average,official_state_export,kentucky_act_2024_25_scores,high,Kentucky district total; ACT grade 11 average score by site; all students aggregate as published.
1600000US2173164,Stanton city,21,9700000US2104890,Powell County School District,100.000,census_tiger_2023_polygon_intersection,medium,candidate_spatial,ACT,average_composite,17.2,2024-25,126,,official_district_total_grade_11_average,official_state_export,kentucky_act_2024_25_scores,high,Kentucky district total; ACT grade 11 average score by site; all students aggregate as published.
1600000US2177592,Trenton city,21,9700000US2105550,Todd County School District,100.000,census_tiger_2023_polygon_intersection,medium,candidate_spatial,ACT,average_composite,16.9,2024-25,128,,official_district_total_grade_11_average,official_state_export,kentucky_act_2024_25_scores,high,Kentucky district total; ACT grade 11 average score by site; all students aggregate as published.
1600000US2132968,Greensburg city,21,9700000US2102340,Green County School District,100.000,census_tiger_2023_polygon_intersection,medium,candidate_spatial,ACT,average_composite,16.8,2024-25,117,,official_district_total_grade_11_average,official_state_export,kentucky_act_2024_25_scores,high,Kentucky district total; ACT grade 11 average score by site; all students aggregate as published.
1600000US2185008,Wurtland city,21,9700000US2102400,Greenup County School District,92.431,census_tiger_2023_polygon_intersection,medium,candidate_spatial,ACT,average_composite,16.6,2024-25,204,,official_district_total_grade_11_average,official_state_export,kentucky_act_2024_25_scores,high,Kentucky district total; ACT grade 11 average score by site; all students aggregate as published.
1600000US2138008,Horse Cave city,21,9700000US2101110,Caverna Independent School District,90.195,census_tiger_2023_polygon_intersection,medium,candidate_spatial,ACT,average_composite,15.2,2024-25,57,,official_district_total_grade_11_average,official_state_export,kentucky_act_2024_25_scores,high,Kentucky district total; ACT grade 11 average score by site; all students aggregate as published.
1600000US2138008,Horse Cave city,21,9700000US2102640,Hart County School District,9.805,census_tiger_2023_polygon_intersection,low,candidate_spatial,ACT,average_composite,17.4,2024-25,133,,official_district_total_grade_11_average,official_state_export,kentucky_act_2024_25_scores,high,Kentucky district total; ACT grade 11 average score by site; all students aggregate as published.
1600000US2157090,Oak Grove city,21,9700000US2101150,Christian County School District,100.000,census_tiger_2023_polygon_intersection,medium,candidate_spatial,ACT,average_composite,16.8,2024-25,524,,official_district_total_grade_11_average,official_state_export,kentucky_act_2024_25_scores,high,Kentucky district total; ACT grade 11 average score by site; all students aggregate as published.
1600000US2131348,Glenview city,21,9700000US2102990,Jefferson County School District,100.000,census_tiger_2023_polygon_intersection,medium,candidate_spatial,ACT,average_composite,17.4,2024-25,6433,,official_district_total_grade_11_average,official_state_export,kentucky_act_2024_25_scores,high,Kentucky district total; ACT grade 11 average score by site; all students aggregate as published.
1600000US2100946,Allen city,21,9700000US2101950,Floyd County School District,100.000,census_tiger_2023_polygon_intersection,medium,candidate_spatial,ACT,average_composite,16.6,2024-25,385,,official_district_total_grade_11_average,official_state_export,kentucky_act_2024_25_scores,high,Kentucky district total; ACT grade 11 average score by site; all students aggregate as published.
1600000US2181012,Wayland city,21,9700000US2101950,Floyd County School District,100.000,census_tiger_2023_polygon_intersection,medium,candidate_spatial,ACT,average_composite,16.6,2024-25,385,,official_district_total_grade_11_average,official_state_export,kentucky_act_2024_25_scores,high,Kentucky district total; ACT grade 11 average score by site; all students aggregate as published.
1600000US2182272,Wheelwright city,21,9700000US2101950,Floyd County School District,100.000,census_tiger_2023_polygon_intersection,medium,candidate_spatial,ACT,average_composite,16.6,2024-25,385,,official_district_total_grade_11_average,official_state_export,kentucky_act_2024_25_scores,high,Kentucky district total; ACT grade 11 average score by site; all students aggregate as published.
1600000US2136982,Hillview city,21,9700000US2100750,Bullitt County School District,100.000,census_tiger_2023_polygon_intersection,medium,candidate_spatial,ACT,average_composite,17.9,2024-25,1025,,official_district_total_grade_11_average,official_state_export,kentucky_act_2024_25_scores,high,Kentucky district total; ACT grade 11 average score by site; all students aggregate as published.
1600000US2170086,Shepherdsville city,21,9700000US2100750,Bullitt County School District,100.000,census_tiger_2023_polygon_intersection,medium,candidate_spatial,ACT,average_composite,17.9,2024-25,1025,,official_district_total_grade_11_average,official_state_export,kentucky_act_2024_25_scores,high,Kentucky district total; ACT grade 11 average score by site; all students aggregate as published.
1600000US2101504,Anchorage city,21,9700000US2102990,Jefferson County School District,0.657,census_tiger_2023_polygon_intersection,low,candidate_spatial,ACT,average_composite,17.4,2024-25,6433,,official_district_total_grade_11_average,official_state_export,kentucky_act_2024_25_scores,high,Kentucky district total; ACT grade 11 average score by site; all students aggregate as published.
1600000US2102656,Audubon Park city,21,9700000US2102990,Jefferson County School District,100.000,census_tiger_2023_polygon_intersection,medium,candidate_spatial,ACT,average_composite,17.4,2024-25,6433,,official_district_total_grade_11_average,official_state_export,kentucky_act_2024_25_scores,high,Kentucky district total; ACT grade 11 average score by site; all students aggregate as published.
1600000US2103556,Barbourmeade city,21,9700000US2102990,Jefferson County School District,100.000,census_tiger_2023_polygon_intersection,medium,candidate_spatial,ACT,average_composite,17.4,2024-25,6433,,official_district_total_grade_11_average,official_state_export,kentucky_act_2024_25_scores,high,Kentucky district total; ACT grade 11 average score by site; all students aggregate as published.
1600000US2128342,Forest Hills city,21,9700000US2102990,Jefferson County School District,100.000,census_tiger_2023_polygon_intersection,medium,candidate_spatial,ACT,average_composite,17.4,2024-25,6433,,official_district_total_grade_11_average,official_state_export,kentucky_act_2024_25_scores,high,Kentucky district total; ACT grade 11 average score by site; all students aggregate as published.
1600000US2105392,Bellemeade city,21,9700000US2102990,Jefferson County School District,100.000,census_tiger_2023_polygon_intersection,medium,candidate_spatial,ACT,average_composite,17.4,2024-25,6433,,official_district_total_grade_11_average,official_state_export,kentucky_act_2024_25_scores,high,Kentucky district total; ACT grade 11 average score by site; all students aggregate as published.
1600000US2107858,Blue Ridge Manor city,21,9700000US2102990,Jefferson County School District,100.000,census_tiger_2023_polygon_intersection,medium,candidate_spatial,ACT,average_composite,17.4,2024-25,6433,,official_district_total_grade_11_average,official_state_export,kentucky_act_2024_25_scores,high,Kentucky district total; ACT grade 11 average score by site; all students aggregate as published.
1600000US2153472,Morganfield city,21,9700000US2105640,Union County School District,100.000,census_tiger_2023_polygon_intersection,medium,candidate_spatial,ACT,average_composite,16.8,2024-25,147,,official_district_total_grade_11_average,official_state_export,kentucky_act_2024_25_scores,high,Kentucky district total; ACT grade 11 average score by site; all students aggregate as published.
1600000US2108488,Bonnieville city,21,9700000US2102640,Hart County School District,100.000,census_tiger_2023_polygon_intersection,medium,candidate_spatial,ACT,average_composite,17.4,2024-25,133,,official_district_total_grade_11_average,official_state_export,kentucky_act_2024_25_scores,high,Kentucky district total; ACT grade 11 average score by site; all students aggregate as published.
1600000US2159322,Parkway Village city,21,9700000US2102990,Jefferson County School District,100.000,census_tiger_2023_polygon_intersection,medium,candidate_spatial,ACT,average_composite,17.4,2024-25,6433,,official_district_total_grade_11_average,official_state_export,kentucky_act_2024_25_scores,high,Kentucky district total; ACT grade 11 average score by site; all students aggregate as published.
1600000US2153328,Moorland city,21,9700000US2102990,Jefferson County School District,100.000,census_tiger_2023_polygon_intersection,medium,candidate_spatial,ACT,average_composite,17.4,2024-25,6433,,official_district_total_grade_11_average,official_state_export,kentucky_act_2024_25_scores,high,Kentucky district total; ACT grade 11 average score by site; all students aggregate as published.
1600000US2109532,Briarwood city,21,9700000US2102990,Jefferson County School District,100.000,census_tiger_2023_polygon_intersection,medium,candidate_spatial,ACT,average_composite,17.4,2024-25,6433,,official_district_total_grade_11_average,official_state_export,kentucky_act_2024_25_scores,high,Kentucky district total; ACT grade 11 average score by site; all students aggregate as published.
1600000US2109847,Broeck Pointe city,21,9700000US2102990,Jefferson County School District,100.000,census_tiger_2023_polygon_intersection,medium,candidate_spatial,ACT,average_composite,17.4,2024-25,6433,,official_district_total_grade_11_average,official_state_export,kentucky_act_2024_25_scores,high,Kentucky district total; ACT grade 11 average score by site; all students aggregate as published.
1600000US2110162,Brownsboro Farm city,21,9700000US2102990,Jefferson County School District,100.000,census_tiger_2023_polygon_intersection,medium,candidate_spatial,ACT,average_composite,17.4,2024-25,6433,,official_district_total_grade_11_average,official_state_export,kentucky_act_2024_25_scores,high,Kentucky district total; ACT grade 11 average score by site; all students aggregate as published.
1600000US2110198,Brownsboro Village city,21,9700000US2102990,Jefferson County School District,100.000,census_tiger_2023_polygon_intersection,medium,candidate_spatial,ACT,average_composite,17.4,2024-25,6433,,official_district_total_grade_11_average,official_state_export,kentucky_act_2024_25_scores,high,Kentucky district total; ACT grade 11 average score by site; all students aggregate as published.
1600000US2116395,Coldstream city,21,9700000US2102990,Jefferson County School District,100.000,census_tiger_2023_polygon_intersection,medium,candidate_spatial,ACT,average_composite,17.4,2024-25,6433,,official_district_total_grade_11_average,official_state_export,kentucky_act_2024_25_scores,high,Kentucky district total; ACT grade 11 average score by site; all students aggregate as published.
1600000US2118766,Crossgate city,21,9700000US2102990,Jefferson County School District,100.000,census_tiger_2023_polygon_intersection,medium,candidate_spatial,ACT,average_composite,17.4,2024-25,6433,,official_district_total_grade_11_average,official_state_export,kentucky_act_2024_25_scores,high,Kentucky district total; ACT grade 11 average score by site; all students aggregate as published.
1600000US2122474,Druid Hills city,21,9700000US2102990,Jefferson County School District,100.000,census_tiger_2023_polygon_intersection,medium,candidate_spatial,ACT,average_composite,17.4,2024-25,6433,,official_district_total_grade_11_average,official_state_export,kentucky_act_2024_25_scores,high,Kentucky district total; ACT grade 11 average score by site; all students aggregate as published.
1600000US2127262,Fincastle city,21,9700000US2102990,Jefferson County School District,100.000,census_tiger_2023_polygon_intersection,medium,candidate_spatial,ACT,average_composite,17.4,2024-25,6433,,official_district_total_grade_11_average,official_state_export,kentucky_act_2024_25_scores,high,Kentucky district total; ACT grade 11 average score by site; all students aggregate as published.
1600000US2105824,Benton city,21,9700000US2103810,Marshall County School District,100.000,census_tiger_2023_polygon_intersection,medium,candidate_spatial,ACT,average_composite,18.3,2024-25,309,,official_district_total_grade_11_average,official_state_export,kentucky_act_2024_25_scores,high,Kentucky district total; ACT grade 11 average score by site; all students aggregate as published.
1600000US2134534,Hardin city,21,9700000US2103810,Marshall County School District,100.000,census_tiger_2023_polygon_intersection,medium,candidate_spatial,ACT,average_composite,18.3,2024-25,309,,official_district_total_grade_11_average,official_state_export,kentucky_act_2024_25_scores,high,Kentucky district total; ACT grade 11 average score by site; all students aggregate as published.
1600000US2154570,Munfordville city,21,9700000US2102640,Hart County School District,100.000,census_tiger_2023_polygon_intersection,medium,candidate_spatial,ACT,average_composite,17.4,2024-25,133,,official_district_total_grade_11_average,official_state_export,kentucky_act_2024_25_scores,high,Kentucky district total; ACT grade 11 average score by site; all students aggregate as published.
1600000US2131420,Glenview Manor city,21,9700000US2102990,Jefferson County School District,100.000,census_tiger_2023_polygon_intersection,medium,candidate_spatial,ACT,average_composite,17.4,2024-25,6433,,official_district_total_grade_11_average,official_state_export,kentucky_act_2024_25_scores,high,Kentucky district total; ACT grade 11 average score by site; all students aggregate as published.
1600000US2131870,Goose Creek city,21,9700000US2102990,Jefferson County School District,100.000,census_tiger_2023_polygon_intersection,medium,candidate_spatial,ACT,average_composite,17.4,2024-25,6433,,official_district_total_grade_11_average,official_state_export,kentucky_act_2024_25_scores,high,Kentucky district total; ACT grade 11 average score by site; all students aggregate as published.
1600000US2138814,Hurstbourne city,21,9700000US2102990,Jefferson County School District,100.000,census_tiger_2023_polygon_intersection,medium,candidate_spatial,ACT,average_composite,17.4,2024-25,6433,,official_district_total_grade_11_average,official_state_export,kentucky_act_2024_25_scores,high,Kentucky district total; ACT grade 11 average score by site; all students aggregate as published.
1600000US2108614,Booneville city,21,9700000US2104620,Owsley County School District,100.000,census_tiger_2023_polygon_intersection,medium,candidate_spatial,ACT,average_composite,15.8,2024-25,43,,official_district_total_grade_11_average,official_state_export,kentucky_act_2024_25_scores,high,Kentucky district total; ACT grade 11 average score by site; all students aggregate as published.
1600000US2138818,Hurstbourne Acres city,21,9700000US2102990,Jefferson County School District,100.000,census_tiger_2023_polygon_intersection,medium,candidate_spatial,ACT,average_composite,17.4,2024-25,6433,,official_district_total_grade_11_average,official_state_export,kentucky_act_2024_25_scores,high,Kentucky district total; ACT grade 11 average score by site; all students aggregate as published.
1600000US2143900,Langdon Place city,21,9700000US2102990,Jefferson County School District,100.000,census_tiger_2023_polygon_intersection,medium,candidate_spatial,ACT,average_composite,17.4,2024-25,6433,,official_district_total_grade_11_average,official_state_export,kentucky_act_2024_25_scores,high,Kentucky district total; ACT grade 11 average score by site; all students aggregate as published.
1600000US2148006,Louisville/Jefferson County metro government (balance),21,9700000US2102990,Jefferson County School District,99.980,census_tiger_2023_polygon_intersection,medium,candidate_spatial,ACT,average_composite,17.4,2024-25,6433,,official_district_total_grade_11_average,official_state_export,kentucky_act_2024_25_scores,high,Kentucky district total; ACT grade 11 average score by site; all students aggregate as published.
1600000US2150412,Maryhill Estates city,21,9700000US2102990,Jefferson County School District,100.000,census_tiger_2023_polygon_intersection,medium,candidate_spatial,ACT,average_composite,17.4,2024-25,6433,,official_district_total_grade_11_average,official_state_export,kentucky_act_2024_25_scores,high,Kentucky district total; ACT grade 11 average score by site; all students aggregate as published.
1600000US2151193,Meadowbrook Farm city,21,9700000US2102990,Jefferson County School District,100.000,census_tiger_2023_polygon_intersection,medium,candidate_spatial,ACT,average_composite,17.4,2024-25,6433,,official_district_total_grade_11_average,official_state_export,kentucky_act_2024_25_scores,high,Kentucky district total; ACT grade 11 average score by site; all students aggregate as published.
1600000US2151258,Meadow Vale city,21,9700000US2102990,Jefferson County School District,100.000,census_tiger_2023_polygon_intersection,medium,candidate_spatial,ACT,average_composite,17.4,2024-25,6433,,official_district_total_grade_11_average,official_state_export,kentucky_act_2024_25_scores,high,Kentucky district total; ACT grade 11 average score by site; all students aggregate as published.
1600000US2151978,Middletown city,21,9700000US2102990,Jefferson County School District,100.000,census_tiger_2023_polygon_intersection,medium,candidate_spatial,ACT,average_composite,17.4,2024-25,6433,,official_district_total_grade_11_average,official_state_export,kentucky_act_2024_25_scores,high,Kentucky district total; ACT grade 11 average score by site; all students aggregate as published.
1600000US2156730,Northfield city,21,9700000US2102990,Jefferson County School District,100.000,census_tiger_2023_polygon_intersection,medium,candidate_spatial,ACT,average_composite,17.4,2024-25,6433,,official_district_total_grade_11_average,official_state_export,kentucky_act_2024_25_scores,high,Kentucky district total; ACT grade 11 average score by site; all students aggregate as published.
1600000US2157658,Old Brownsboro Place city,21,9700000US2102990,Jefferson County School District,100.000,census_tiger_2023_polygon_intersection,medium,candidate_spatial,ACT,average_composite,17.4,2024-25,6433,,official_district_total_grade_11_average,official_state_export,kentucky_act_2024_25_scores,high,Kentucky district total; ACT grade 11 average score by site; all students aggregate as published.
1600000US2122204,Douglass Hills city,21,9700000US2102990,Jefferson County School District,100.000,census_tiger_2023_polygon_intersection,medium,candidate_spatial,ACT,average_composite,17.4,2024-25,6433,,official_district_total_grade_11_average,official_state_export,kentucky_act_2024_25_scores,high,Kentucky district total; ACT grade 11 average score by site; all students aggregate as published.
1600000US2139304,Indian Hills city,21,9700000US2102990,Jefferson County School District,100.000,census_tiger_2023_polygon_intersection,medium,candidate_spatial,ACT,average_composite,17.4,2024-25,6433,,official_district_total_grade_11_average,official_state_export,kentucky_act_2024_25_scores,high,Kentucky district total; ACT grade 11 average score by site; all students aggregate as published.
1600000US2148648,Lynnview city,21,9700000US2102990,Jefferson County School District,100.000,census_tiger_2023_polygon_intersection,medium,candidate_spatial,ACT,average_composite,17.4,2024-25,6433,,official_district_total_grade_11_average,official_state_export,kentucky_act_2024_25_scores,high,Kentucky district total; ACT grade 11 average score by site; all students aggregate as published.
1600000US2149800,Manor Creek city,21,9700000US2102990,Jefferson County School District,100.000,census_tiger_2023_polygon_intersection,medium,candidate_spatial,ACT,average_composite,17.4,2024-25,6433,,official_district_total_grade_11_average,official_state_export,kentucky_act_2024_25_scores,high,Kentucky district total; ACT grade 11 average score by site; all students aggregate as published.
1600000US2163264,Prospect city,21,9700000US2102990,Jefferson County School District,98.684,census_tiger_2023_polygon_intersection,medium,candidate_spatial,ACT,average_composite,17.4,2024-25,6433,,official_district_total_grade_11_average,official_state_export,kentucky_act_2024_25_scores,high,Kentucky district total; ACT grade 11 average score by site; all students aggregate as published.
1600000US2163264,Prospect city,21,9700000US2104530,Oldham County School District,1.316,census_tiger_2023_polygon_intersection,low,candidate_spatial,ACT,average_composite,21.5,2024-25,992,,official_district_total_grade_11_average,official_state_export,kentucky_act_2024_25_scores,high,Kentucky district total; ACT grade 11 average score by site; all students aggregate as published.
1600000US2167944,St. Matthews city,21,9700000US2102990,Jefferson County School District,100.000,census_tiger_2023_polygon_intersection,medium,candidate_spatial,ACT,average_composite,17.4,2024-25,6433,,official_district_total_grade_11_average,official_state_export,kentucky_act_2024_25_scores,high,Kentucky district total; ACT grade 11 average score by site; all students aggregate as published.
1600000US2184486,Woodland Hills city,21,9700000US2102990,Jefferson County School District,100.000,census_tiger_2023_polygon_intersection,medium,candidate_spatial,ACT,average_composite,17.4,2024-25,6433,,official_district_total_grade_11_average,official_state_export,kentucky_act_2024_25_scores,high,Kentucky district total; ACT grade 11 average score by site; all students aggregate as published.
1600000US2161554,Plantation city,21,9700000US2102990,Jefferson County School District,100.000,census_tiger_2023_polygon_intersection,medium,candidate_spatial,ACT,average_composite,17.4,2024-25,6433,,official_district_total_grade_11_average,official_state_export,kentucky_act_2024_25_scores,high,Kentucky district total; ACT grade 11 average score by site; all students aggregate as published.
1600000US2165208,Richlawn city,21,9700000US2102990,Jefferson County School District,100.000,census_tiger_2023_polygon_intersection,medium,candidate_spatial,ACT,average_composite,17.4,2024-25,6433,,official_district_total_grade_11_average,official_state_export,kentucky_act_2024_25_scores,high,Kentucky district total; ACT grade 11 average score by site; all students aggregate as published.
1600000US2165766,Riverwood city,21,9700000US2102990,Jefferson County School District,100.000,census_tiger_2023_polygon_intersection,medium,candidate_spatial,ACT,average_composite,17.4,2024-25,6433,,official_district_total_grade_11_average,official_state_export,kentucky_act_2024_25_scores,high,Kentucky district total; ACT grade 11 average score by site; all students aggregate as published.
1600000US2166486,Rolling Fields city,21,9700000US2102990,Jefferson County School District,100.000,census_tiger_2023_polygon_intersection,medium,candidate_spatial,ACT,average_composite,17.4,2024-25,6433,,official_district_total_grade_11_average,official_state_export,kentucky_act_2024_25_scores,high,Kentucky district total; ACT grade 11 average score by site; all students aggregate as published.
1600000US2167998,St. Regis Park city,21,9700000US2102990,Jefferson County School District,100.000,census_tiger_2023_polygon_intersection,medium,candidate_spatial,ACT,average_composite,17.4,2024-25,6433,,official_district_total_grade_11_average,official_state_export,kentucky_act_2024_25_scores,high,Kentucky district total; ACT grade 11 average score by site; all students aggregate as published.
1600000US2170284,Shively city,21,9700000US2102990,Jefferson County School District,100.000,census_tiger_2023_polygon_intersection,medium,candidate_spatial,ACT,average_composite,17.4,2024-25,6433,,official_district_total_grade_11_average,official_state_export,kentucky_act_2024_25_scores,high,Kentucky district total; ACT grade 11 average score by site; all students aggregate as published.
1600000US2172770,Spring Mill city,21,9700000US2102990,Jefferson County School District,100.000,census_tiger_2023_polygon_intersection,medium,candidate_spatial,ACT,average_composite,17.4,2024-25,6433,,official_district_total_grade_11_average,official_state_export,kentucky_act_2024_25_scores,high,Kentucky district total; ACT grade 11 average score by site; all students aggregate as published.
1600000US2172790,Spring Valley city,21,9700000US2102990,Jefferson County School District,100.000,census_tiger_2023_polygon_intersection,medium,candidate_spatial,ACT,average_composite,17.4,2024-25,6433,,official_district_total_grade_11_average,official_state_export,kentucky_act_2024_25_scores,high,Kentucky district total; ACT grade 11 average score by site; all students aggregate as published.
1600000US2123230,Earlington city,21,9700000US2102860,Hopkins County School District,100.000,census_tiger_2023_polygon_intersection,medium,candidate_spatial,ACT,average_composite,17.5,2024-25,425,,official_district_total_grade_11_average,official_state_export,kentucky_act_2024_25_scores,high,Kentucky district total; ACT grade 11 average score by site; all students aggregate as published.
1600000US2134390,Hanson city,21,9700000US2102860,Hopkins County School District,100.000,census_tiger_2023_polygon_intersection,medium,candidate_spatial,ACT,average_composite,17.5,2024-25,425,,official_district_total_grade_11_average,official_state_export,kentucky_act_2024_25_scores,high,Kentucky district total; ACT grade 11 average score by site; all students aggregate as published.
1600000US2153616,Mortons Gap city,21,9700000US2102860,Hopkins County School District,100.000,census_tiger_2023_polygon_intersection,medium,candidate_spatial,ACT,average_composite,17.5,2024-25,425,,official_district_total_grade_11_average,official_state_export,kentucky_act_2024_25_scores,high,Kentucky district total; ACT grade 11 average score by site; all students aggregate as published.
1600000US2156910,Nortonville city,21,9700000US2102860,Hopkins County School District,100.000,census_tiger_2023_polygon_intersection,medium,candidate_spatial,ACT,average_composite,17.5,2024-25,425,,official_district_total_grade_11_average,official_state_export,kentucky_act_2024_25_scores,high,Kentucky district total; ACT grade 11 average score by site; all students aggregate as published.
1600000US2103574,Barbourville city,21,9700000US2100240,Barbourville Independent School District,74.873,census_tiger_2023_polygon_intersection,medium,candidate_spatial,ACT,average_composite,17.3,2024-25,47,,official_district_total_grade_11_average,official_state_export,kentucky_act_2024_25_scores,high,Kentucky district total; ACT grade 11 average score by site; all students aggregate as published.
1600000US2103574,Barbourville city,21,9700000US2103150,Knox County School District,25.127,census_tiger_2023_polygon_intersection,low,candidate_spatial,ACT,average_composite,16.1,2024-25,218,,official_district_total_grade_11_average,official_state_export,kentucky_act_2024_25_scores,high,Kentucky district total; ACT grade 11 average score by site; all students aggregate as published.
1600000US2162958,Prestonville city,21,9700000US2100990,Carroll County School District,100.000,census_tiger_2023_polygon_intersection,medium,candidate_spatial,ACT,average_composite,15.7,2024-25,149,,official_district_total_grade_11_average,official_state_export,kentucky_act_2024_25_scores,high,Kentucky district total; ACT grade 11 average score by site; all students aggregate as published.
1600000US2182722,White Plains city,21,9700000US2102860,Hopkins County School District,100.000,census_tiger_2023_polygon_intersection,medium,candidate_spatial,ACT,average_composite,17.5,2024-25,425,,official_district_total_grade_11_average,official_state_export,kentucky_act_2024_25_scores,high,Kentucky district total; ACT grade 11 average score by site; all students aggregate as published.
1600000US2120224,Dawson Springs city,21,9700000US2101500,Dawson Springs Independent School District,100.000,census_tiger_2023_polygon_intersection,medium,candidate_spatial,ACT,average_composite,19.5,2024-25,32,,official_district_total_grade_11_average,official_state_export,kentucky_act_2024_25_scores,high,Kentucky district total; ACT grade 11 average score by site; all students aggregate as published.
1600000US2139646,Irvine city,21,9700000US2101760,Estill County School District,100.000,census_tiger_2023_polygon_intersection,medium,candidate_spatial,ACT,average_composite,17,2024-25,161,,official_district_total_grade_11_average,official_state_export,kentucky_act_2024_25_scores,high,Kentucky district total; ACT grade 11 average score by site; all students aggregate as published.
1600000US2164092,Ravenna city,21,9700000US2101760,Estill County School District,100.000,census_tiger_2023_polygon_intersection,medium,candidate_spatial,ACT,average_composite,17,2024-25,161,,official_district_total_grade_11_average,official_state_export,kentucky_act_2024_25_scores,high,Kentucky district total; ACT grade 11 average score by site; all students aggregate as published.
1600000US2146027,Lexington-Fayette urban county,21,9700000US2101860,Fayette County School District,100.000,census_tiger_2023_polygon_intersection,medium,candidate_spatial,ACT,average_composite,19,2024-25,2789,,official_district_total_grade_11_average,official_state_export,kentucky_act_2024_25_scores,high,Kentucky district total; ACT grade 11 average score by site; all students aggregate as published.
1600000US2130808,Ghent city,21,9700000US2100990,Carroll County School District,100.000,census_tiger_2023_polygon_intersection,medium,candidate_spatial,ACT,average_composite,15.7,2024-25,149,,official_district_total_grade_11_average,official_state_export,kentucky_act_2024_25_scores,high,Kentucky district total; ACT grade 11 average score by site; all students aggregate as published.
1600000US2168358,Sanders city,21,9700000US2100990,Carroll County School District,100.000,census_tiger_2023_polygon_intersection,medium,candidate_spatial,ACT,average_composite,15.7,2024-25,149,,official_district_total_grade_11_average,official_state_export,kentucky_act_2024_25_scores,high,Kentucky district total; ACT grade 11 average score by site; all students aggregate as published.
1600000US2100298,Adairville city,21,9700000US2103540,Logan County School District,100.000,census_tiger_2023_polygon_intersection,medium,candidate_spatial,ACT,average_composite,18.5,2024-25,228,,official_district_total_grade_11_average,official_state_export,kentucky_act_2024_25_scores,high,Kentucky district total; ACT grade 11 average score by site; all students aggregate as published.
1600000US2183424,Willisburg city,21,9700000US2105760,Washington County School District,100.000,census_tiger_2023_polygon_intersection,medium,candidate_spatial,ACT,average_composite,18,2024-25,128,,official_district_total_grade_11_average,official_state_export,kentucky_act_2024_25_scores,high,Kentucky district total; ACT grade 11 average score by site; all students aggregate as published.
1600000US2149206,Mackville city,21,9700000US2105760,Washington County School District,100.000,census_tiger_2023_polygon_intersection,medium,candidate_spatial,ACT,average_composite,18,2024-25,128,,official_district_total_grade_11_average,official_state_export,kentucky_act_2024_25_scores,high,Kentucky district total; ACT grade 11 average score by site; all students aggregate as published.
1600000US2118496,Crestwood city,21,9700000US2104530,Oldham County School District,100.000,census_tiger_2023_polygon_intersection,medium,candidate_spatial,ACT,average_composite,21.5,2024-25,992,,official_district_total_grade_11_average,official_state_export,kentucky_act_2024_25_scores,high,Kentucky district total; ACT grade 11 average score by site; all students aggregate as published.
1600000US2122348,Drakesboro city,21,9700000US2100081,Muhlenberg County School District,100.000,census_tiger_2023_polygon_intersection,medium,candidate_spatial,ACT,average_composite,17.7,2024-25,253,,official_district_total_grade_11_average,official_state_export,kentucky_act_2024_25_scores,high,Kentucky district total; ACT grade 11 average score by site; all students aggregate as published.
1600000US2143480,La Grange city,21,9700000US2104530,Oldham County School District,100.000,census_tiger_2023_polygon_intersection,medium,candidate_spatial,ACT,average_composite,21.5,2024-25,992,,official_district_total_grade_11_average,official_state_export,kentucky_act_2024_25_scores,high,Kentucky district total; ACT grade 11 average score by site; all students aggregate as published.
1600000US2182830,Whitesville city,21,9700000US2101470,Daviess County School District,100.000,census_tiger_2023_polygon_intersection,medium,candidate_spatial,ACT,average_composite,18,2024-25,807,,official_district_total_grade_11_average,official_state_export,kentucky_act_2024_25_scores,high,Kentucky district total; ACT grade 11 average score by site; all students aggregate as published.
1600000US2158200,Orchard Grass Hills city,21,9700000US2104530,Oldham County School District,100.000,census_tiger_2023_polygon_intersection,medium,candidate_spatial,ACT,average_composite,21.5,2024-25,992,,official_district_total_grade_11_average,official_state_export,kentucky_act_2024_25_scores,high,Kentucky district total; ACT grade 11 average score by site; all students aggregate as published.
1600000US2165559,River Bluff city,21,9700000US2104530,Oldham County School District,100.000,census_tiger_2023_polygon_intersection,medium,candidate_spatial,ACT,average_composite,21.5,2024-25,992,,official_district_total_grade_11_average,official_state_export,kentucky_act_2024_25_scores,high,Kentucky district total; ACT grade 11 average score by site; all students aggregate as published.
1600000US2149656,Manchester city,21,9700000US2101230,Clay County School District,100.000,census_tiger_2023_polygon_intersection,medium,candidate_spatial,ACT,average_composite,16.8,2024-25,185,,official_district_total_grade_11_average,official_state_export,kentucky_act_2024_25_scores,high,Kentucky district total; ACT grade 11 average score by site; all students aggregate as published.
1600000US2168052,Salem city,21,9700000US2103510,Livingston County School District,100.000,census_tiger_2023_polygon_intersection,medium,candidate_spatial,ACT,average_composite,17.8,2024-25,67,,official_district_total_grade_11_average,official_state_export,kentucky_act_2024_25_scores,high,Kentucky district total; ACT grade 11 average score by site; all students aggregate as published.
1600000US2171382,Smithland city,21,9700000US2103510,Livingston County School District,100.000,census_tiger_2023_polygon_intersection,medium,candidate_spatial,ACT,average_composite,17.8,2024-25,67,,official_district_total_grade_11_average,official_state_export,kentucky_act_2024_25_scores,high,Kentucky district total; ACT grade 11 average score by site; all students aggregate as published.
1600000US2107390,Blandville city,21,9700000US2100210,Ballard County School District,100.000,census_tiger_2023_polygon_intersection,medium,candidate_spatial,ACT,average_composite,19.1,2024-25,80,,official_district_total_grade_11_average,official_state_export,kentucky_act_2024_25_scores,high,Kentucky district total; ACT grade 11 average score by site; all students aggregate as published.
1600000US2142292,Kevil city,21,9700000US2100210,Ballard County School District,99.643,census_tiger_2023_polygon_intersection,medium,candidate_spatial,ACT,average_composite,19.1,2024-25,80,,official_district_total_grade_11_average,official_state_export,kentucky_act_2024_25_scores,high,Kentucky district total; ACT grade 11 average score by site; all students aggregate as published.
1600000US2142292,Kevil city,21,9700000US2103960,McCracken County School District,0.357,census_tiger_2023_polygon_intersection,low,candidate_spatial,ACT,average_composite,20,2024-25,431,,official_district_total_grade_11_average,official_state_export,kentucky_act_2024_25_scores,high,Kentucky district total; ACT grade 11 average score by site; all students aggregate as published.
1600000US2143336,La Center city,21,9700000US2100210,Ballard County School District,100.000,census_tiger_2023_polygon_intersection,medium,candidate_spatial,ACT,average_composite,19.1,2024-25,80,,official_district_total_grade_11_average,official_state_export,kentucky_act_2024_25_scores,high,Kentucky district total; ACT grade 11 average score by site; all students aggregate as published.
1600000US2183064,Wickliffe city,21,9700000US2100210,Ballard County School District,100.000,census_tiger_2023_polygon_intersection,medium,candidate_spatial,ACT,average_composite,19.1,2024-25,80,,official_district_total_grade_11_average,official_state_export,kentucky_act_2024_25_scores,high,Kentucky district total; ACT grade 11 average score by site; all students aggregate as published.
1600000US2162652,Powderly city,21,9700000US2100081,Muhlenberg County School District,100.000,census_tiger_2023_polygon_intersection,medium,candidate_spatial,ACT,average_composite,17.7,2024-25,253,,official_district_total_grade_11_average,official_state_export,kentucky_act_2024_25_scores,high,Kentucky district total; ACT grade 11 average score by site; all students aggregate as published.
1600000US2171814,South Carrollton city,21,9700000US2100081,Muhlenberg County School District,100.000,census_tiger_2023_polygon_intersection,medium,candidate_spatial,ACT,average_composite,17.7,2024-25,253,,official_district_total_grade_11_average,official_state_export,kentucky_act_2024_25_scores,high,Kentucky district total; ACT grade 11 average score by site; all students aggregate as published.
1600000US2109406,Bremen city,21,9700000US2100081,Muhlenberg County School District,100.000,census_tiger_2023_polygon_intersection,medium,candidate_spatial,ACT,average_composite,17.7,2024-25,253,,official_district_total_grade_11_average,official_state_export,kentucky_act_2024_25_scores,high,Kentucky district total; ACT grade 11 average score by site; all students aggregate as published.
1600000US2147476,London city,21,9700000US2103210,Laurel County School District,100.000,census_tiger_2023_polygon_intersection,medium,candidate_spatial,ACT,average_composite,18.4,2024-25,547,,official_district_total_grade_11_average,official_state_export,kentucky_act_2024_25_scores,high,Kentucky district total; ACT grade 11 average score by site; all students aggregate as published.
1600000US2111278,Burnside city,21,9700000US2104950,Pulaski County School District,100.000,census_tiger_2023_polygon_intersection,medium,candidate_spatial,ACT,average_composite,18.8,2024-25,577,,official_district_total_grade_11_average,official_state_export,kentucky_act_2024_25_scores,high,Kentucky district total; ACT grade 11 average score by site; all students aggregate as published.
1600000US2127010,Ferguson city,21,9700000US2105430,Somerset Independent School District,1.245,census_tiger_2023_polygon_intersection,low,candidate_spatial,ACT,average_composite,19.3,2024-25,123,,official_district_total_grade_11_average,official_state_export,kentucky_act_2024_25_scores,high,Kentucky district total; ACT grade 11 average score by site; all students aggregate as published.
1600000US2127010,Ferguson city,21,9700000US2104950,Pulaski County School District,98.755,census_tiger_2023_polygon_intersection,medium,candidate_spatial,ACT,average_composite,18.8,2024-25,577,,official_district_total_grade_11_average,official_state_export,kentucky_act_2024_25_scores,high,Kentucky district total; ACT grade 11 average score by site; all students aggregate as published.
1600000US2100514,Ages CDP,21,9700000US2102540,Harlan County School District,100.000,census_tiger_2023_polygon_intersection,medium,candidate_spatial,ACT,average_composite,17.9,2024-25,207,,official_district_total_grade_11_average,official_state_export,kentucky_act_2024_25_scores,high,Kentucky district total; ACT grade 11 average score by site; all students aggregate as published.
1600000US2101972,Arjay CDP,21,9700000US2100390,Bell County School District,100.000,census_tiger_2023_polygon_intersection,medium,candidate_spatial,ACT,average_composite,17.7,2024-25,135,,official_district_total_grade_11_average,official_state_export,kentucky_act_2024_25_scores,high,Kentucky district total; ACT grade 11 average score by site; all students aggregate as published.
1600000US2110774,Buffalo CDP,21,9700000US2103180,Larue County School District,100.000,census_tiger_2023_polygon_intersection,medium,candidate_spatial,ACT,average_composite,18.2,2024-25,185,,official_district_total_grade_11_average,official_state_export,kentucky_act_2024_25_scores,high,Kentucky district total; ACT grade 11 average score by site; all students aggregate as published.
1600000US2116354,Coldiron CDP,21,9700000US2102540,Harlan County School District,100.000,census_tiger_2023_polygon_intersection,medium,candidate_spatial,ACT,average_composite,17.9,2024-25,207,,official_district_total_grade_11_average,official_state_export,kentucky_act_2024_25_scores,high,Kentucky district total; ACT grade 11 average score by site; all students aggregate as published.
1600000US2119288,Curdsville CDP,21,9700000US2101470,Daviess County School District,100.000,census_tiger_2023_polygon_intersection,medium,candidate_spatial,ACT,average_composite,18,2024-25,807,,official_district_total_grade_11_average,official_state_export,kentucky_act_2024_25_scores,high,Kentucky district total; ACT grade 11 average score by site; all students aggregate as published.
1600000US2121844,Doe Valley CDP,21,9700000US2104050,Meade County School District,100.000,census_tiger_2023_polygon_intersection,medium,candidate_spatial,ACT,average_composite,17.7,2024-25,376,,official_district_total_grade_11_average,official_state_export,kentucky_act_2024_25_scores,high,Kentucky district total; ACT grade 11 average score by site; all students aggregate as published.
1600000US2150124,Marrowbone CDP,21,9700000US2101410,Cumberland County School District,100.000,census_tiger_2023_polygon_intersection,medium,candidate_spatial,ACT,average_composite,18.2,2024-25,72,,official_district_total_grade_11_average,official_state_export,kentucky_act_2024_25_scores,high,Kentucky district total; ACT grade 11 average score by site; all students aggregate as published.
1600000US2150520,Masonville CDP,21,9700000US2101470,Daviess County School District,100.000,census_tiger_2023_polygon_intersection,medium,candidate_spatial,ACT,average_composite,18,2024-25,807,,official_district_total_grade_11_average,official_state_export,kentucky_act_2024_25_scores,high,Kentucky district total; ACT grade 11 average score by site; all students aggregate as published.
1600000US2156694,North Corbin CDP,21,9700000US2103150,Knox County School District,13.415,census_tiger_2023_polygon_intersection,low,candidate_spatial,ACT,average_composite,16.1,2024-25,218,,official_district_total_grade_11_average,official_state_export,kentucky_act_2024_25_scores,high,Kentucky district total; ACT grade 11 average score by site; all students aggregate as published.
1600000US2156694,North Corbin CDP,21,9700000US2103210,Laurel County School District,86.585,census_tiger_2023_polygon_intersection,medium,candidate_spatial,ACT,average_composite,18.4,2024-25,547,,official_district_total_grade_11_average,official_state_export,kentucky_act_2024_25_scores,high,Kentucky district total; ACT grade 11 average score by site; all students aggregate as published.
1600000US2161680,Pleasant Ridge CDP,21,9700000US2104500,Ohio County School District,45.685,census_tiger_2023_polygon_intersection,low,candidate_spatial,ACT,average_composite,18.6,2024-25,237,,official_district_total_grade_11_average,official_state_export,kentucky_act_2024_25_scores,high,Kentucky district total; ACT grade 11 average score by site; all students aggregate as published.
1600000US2161680,Pleasant Ridge CDP,21,9700000US2101470,Daviess County School District,54.315,census_tiger_2023_polygon_intersection,medium,candidate_spatial,ACT,average_composite,18,2024-25,807,,official_district_total_grade_11_average,official_state_export,kentucky_act_2024_25_scores,high,Kentucky district total; ACT grade 11 average score by site; all students aggregate as published.
1600000US2174586,Summer Shade CDP,21,9700000US2104140,Metcalfe County School District,100.000,census_tiger_2023_polygon_intersection,medium,candidate_spatial,ACT,average_composite,16.9,2024-25,85,,official_district_total_grade_11_average,official_state_export,kentucky_act_2024_25_scores,high,Kentucky district total; ACT grade 11 average score by site; all students aggregate as published.
1600000US2174604,Summersville CDP,21,9700000US2102340,Green County School District,100.000,census_tiger_2023_polygon_intersection,medium,candidate_spatial,ACT,average_composite,16.8,2024-25,117,,official_district_total_grade_11_average,official_state_export,kentucky_act_2024_25_scores,high,Kentucky district total; ACT grade 11 average score by site; all students aggregate as published.
1600000US2176620,Thruston CDP,21,9700000US2101470,Daviess County School District,100.000,census_tiger_2023_polygon_intersection,medium,candidate_spatial,ACT,average_composite,18,2024-25,807,,official_district_total_grade_11_average,official_state_export,kentucky_act_2024_25_scores,high,Kentucky district total; ACT grade 11 average score by site; all students aggregate as published.
1600000US2178708,Utica CDP,21,9700000US2101470,Daviess County School District,100.000,census_tiger_2023_polygon_intersection,medium,candidate_spatial,ACT,average_composite,18,2024-25,807,,official_district_total_grade_11_average,official_state_export,kentucky_act_2024_25_scores,high,Kentucky district total; ACT grade 11 average score by site; all students aggregate as published.
1600000US2179194,Van Lear CDP,21,9700000US2103060,Johnson County School District,100.000,census_tiger_2023_polygon_intersection,medium,candidate_spatial,ACT,average_composite,18.1,2024-25,249,,official_district_total_grade_11_average,official_state_export,kentucky_act_2024_25_scores,high,Kentucky district total; ACT grade 11 average score by site; all students aggregate as published.
1600000US2181876,West Louisville CDP,21,9700000US2101470,Daviess County School District,100.000,census_tiger_2023_polygon_intersection,medium,candidate_spatial,ACT,average_composite,18,2024-25,807,,official_district_total_grade_11_average,official_state_export,kentucky_act_2024_25_scores,high,Kentucky district total; ACT grade 11 average score by site; all students aggregate as published.
1600000US2181948,Westport CDP,21,9700000US2104530,Oldham County School District,100.000,census_tiger_2023_polygon_intersection,medium,candidate_spatial,ACT,average_composite,21.5,2024-25,992,,official_district_total_grade_11_average,official_state_export,kentucky_act_2024_25_scores,high,Kentucky district total; ACT grade 11 average score by site; all students aggregate as published.
1600000US2182146,Westwood CDP,21,9700000US2100620,Boyd County School District,27.202,census_tiger_2023_polygon_intersection,low,candidate_spatial,ACT,average_composite,17.6,2024-25,231,,official_district_total_grade_11_average,official_state_export,kentucky_act_2024_25_scores,high,Kentucky district total; ACT grade 11 average score by site; all students aggregate as published.
1600000US2182146,Westwood CDP,21,9700000US2100150,Ashland Independent School District,12.507,census_tiger_2023_polygon_intersection,low,candidate_spatial,ACT,average_composite,18.6,2024-25,208,,official_district_total_grade_11_average,official_state_export,kentucky_act_2024_25_scores,high,Kentucky district total; ACT grade 11 average score by site; all students aggregate as published.
1600000US2182146,Westwood CDP,21,9700000US2101800,Fairview Independent School District,60.291,census_tiger_2023_polygon_intersection,medium,candidate_spatial,ACT,average_composite,15.8,2024-25,37,,official_district_total_grade_11_average,official_state_export,kentucky_act_2024_25_scores,high,Kentucky district total; ACT grade 11 average score by site; all students aggregate as published.
1600000US2101000,Allensville CDP,21,9700000US2105550,Todd County School District,100.000,census_tiger_2023_polygon_intersection,medium,candidate_spatial,ACT,average_composite,16.9,2024-25,128,,official_district_total_grade_11_average,official_state_export,kentucky_act_2024_25_scores,high,Kentucky district total; ACT grade 11 average score by site; all students aggregate as published.
1600000US2101648,Annville CDP,21,9700000US2102940,Jackson County School District,100.000,census_tiger_2023_polygon_intersection,medium,candidate_spatial,ACT,average_composite,17.4,2024-25,118,,official_district_total_grade_11_average,official_state_export,kentucky_act_2024_25_scores,high,Kentucky district total; ACT grade 11 average score by site; all students aggregate as published.
1600000US2101720,Anthoston CDP,21,9700000US2102710,Henderson County School District,100.000,census_tiger_2023_polygon_intersection,medium,candidate_spatial,ACT,average_composite,18.5,2024-25,534,,official_district_total_grade_11_average,official_state_export,kentucky_act_2024_25_scores,high,Kentucky district total; ACT grade 11 average score by site; all students aggregate as published.
1600000US2102188,Artemus CDP,21,9700000US2103150,Knox County School District,100.000,census_tiger_2023_polygon_intersection,medium,candidate_spatial,ACT,average_composite,16.1,2024-25,218,,official_district_total_grade_11_average,official_state_export,kentucky_act_2024_25_scores,high,Kentucky district total; ACT grade 11 average score by site; all students aggregate as published.
1600000US2102764,Auxier CDP,21,9700000US2101950,Floyd County School District,100.000,census_tiger_2023_polygon_intersection,medium,candidate_spatial,ACT,average_composite,16.6,2024-25,385,,official_district_total_grade_11_average,official_state_export,kentucky_act_2024_25_scores,high,Kentucky district total; ACT grade 11 average score by site; all students aggregate as published.
1600000US2125876,Ezel CDP,21,9700000US2104290,Morgan County School District,100.000,census_tiger_2023_polygon_intersection,medium,candidate_spatial,ACT,average_composite,17,2024-25,145,,official_district_total_grade_11_average,official_state_export,kentucky_act_2024_25_scores,high,Kentucky district total; ACT grade 11 average score by site; all students aggregate as published.
1600000US2127730,Flat Lick CDP,21,9700000US2103150,Knox County School District,100.000,census_tiger_2023_polygon_intersection,medium,candidate_spatial,ACT,average_composite,16.1,2024-25,218,,official_district_total_grade_11_average,official_state_export,kentucky_act_2024_25_scores,high,Kentucky district total; ACT grade 11 average score by site; all students aggregate as published.
1600000US2135398,Hazel Green CDP,21,9700000US2105970,Wolfe County School District,100.000,census_tiger_2023_polygon_intersection,medium,candidate_spatial,ACT,average_composite,16.4,2024-25,91,,official_district_total_grade_11_average,official_state_export,kentucky_act_2024_25_scores,high,Kentucky district total; ACT grade 11 average score by site; all students aggregate as published.
1600000US2158062,Oneida CDP,21,9700000US2101230,Clay County School District,100.000,census_tiger_2023_polygon_intersection,medium,candidate_spatial,ACT,average_composite,16.8,2024-25,185,,official_district_total_grade_11_average,official_state_export,kentucky_act_2024_25_scores,high,Kentucky district total; ACT grade 11 average score by site; all students aggregate as published.
1600000US2103412,Bandana CDP,21,9700000US2100210,Ballard County School District,100.000,census_tiger_2023_polygon_intersection,medium,candidate_spatial,ACT,average_composite,19.1,2024-25,80,,official_district_total_grade_11_average,official_state_export,kentucky_act_2024_25_scores,high,Kentucky district total; ACT grade 11 average score by site; all students aggregate as published.
1600000US2111188,Burna CDP,21,9700000US2103510,Livingston County School District,100.000,census_tiger_2023_polygon_intersection,medium,candidate_spatial,ACT,average_composite,17.8,2024-25,67,,official_district_total_grade_11_average,official_state_export,kentucky_act_2024_25_scores,high,Kentucky district total; ACT grade 11 average score by site; all students aggregate as published.
1600000US2104978,Beech Grove CDP,21,9700000US2104020,McLean County School District,100.000,census_tiger_2023_polygon_intersection,medium,candidate_spatial,ACT,average_composite,17.8,2024-25,99,,official_district_total_grade_11_average,official_state_export,kentucky_act_2024_25_scores,high,Kentucky district total; ACT grade 11 average score by site; all students aggregate as published.
1600000US2149026,Maceo CDP,21,9700000US2101470,Daviess County School District,100.000,census_tiger_2023_polygon_intersection,medium,candidate_spatial,ACT,average_composite,18,2024-25,807,,official_district_total_grade_11_average,official_state_export,kentucky_act_2024_25_scores,high,Kentucky district total; ACT grade 11 average score by site; all students aggregate as published.
1600000US2158116,Onton CDP,21,9700000US2105820,Webster County School District,100.000,census_tiger_2023_polygon_intersection,medium,candidate_spatial,ACT,average_composite,17.1,2024-25,158,,official_district_total_grade_11_average,official_state_export,kentucky_act_2024_25_scores,high,Kentucky district total; ACT grade 11 average score by site; all students aggregate as published.
1600000US2172570,Spottsville CDP,21,9700000US2102710,Henderson County School District,100.000,census_tiger_2023_polygon_intersection,medium,candidate_spatial,ACT,average_composite,18.5,2024-25,534,,official_district_total_grade_11_average,official_state_export,kentucky_act_2024_25_scores,high,Kentucky district total; ACT grade 11 average score by site; all students aggregate as published.
1600000US2105014,Beechmont CDP,21,9700000US2100081,Muhlenberg County School District,100.000,census_tiger_2023_polygon_intersection,medium,candidate_spatial,ACT,average_composite,17.7,2024-25,253,,official_district_total_grade_11_average,official_state_export,kentucky_act_2024_25_scores,high,Kentucky district total; ACT grade 11 average score by site; all students aggregate as published.
1600000US2123014,Dunmor CDP,21,9700000US2103540,Logan County School District,28.997,census_tiger_2023_polygon_intersection,low,candidate_spatial,ACT,average_composite,18.5,2024-25,228,,official_district_total_grade_11_average,official_state_export,kentucky_act_2024_25_scores,high,Kentucky district total; ACT grade 11 average score by site; all students aggregate as published.
1600000US2123014,Dunmor CDP,21,9700000US2100081,Muhlenberg County School District,71.003,census_tiger_2023_polygon_intersection,medium,candidate_spatial,ACT,average_composite,17.7,2024-25,253,,official_district_total_grade_11_average,official_state_export,kentucky_act_2024_25_scores,high,Kentucky district total; ACT grade 11 average score by site; all students aggregate as published.
1600000US2166846,Rosine CDP,21,9700000US2104500,Ohio County School District,100.000,census_tiger_2023_polygon_intersection,medium,candidate_spatial,ACT,average_composite,18.6,2024-25,237,,official_district_total_grade_11_average,official_state_export,kentucky_act_2024_25_scores,high,Kentucky district total; ACT grade 11 average score by site; all students aggregate as published.
1600000US2105266,Belfry CDP,21,9700000US2104800,Pike County School District,100.000,census_tiger_2023_polygon_intersection,medium,candidate_spatial,ACT,average_composite,17.4,2024-25,478,,official_district_total_grade_11_average,official_state_export,kentucky_act_2024_25_scores,high,Kentucky district total; ACT grade 11 average score by site; all students aggregate as published.
1600000US2106508,Big Clifty CDP,21,9700000US2102300,Grayson County School District,100.000,census_tiger_2023_polygon_intersection,medium,candidate_spatial,ACT,average_composite,17.4,2024-25,278,,official_district_total_grade_11_average,official_state_export,kentucky_act_2024_25_scores,high,Kentucky district total; ACT grade 11 average score by site; all students aggregate as published.
1600000US2105428,Belleview CDP,21,9700000US2100510,Boone County School District,100.000,census_tiger_2023_polygon_intersection,medium,candidate_spatial,ACT,average_composite,19.2,2024-25,1506,,official_district_total_grade_11_average,official_state_export,kentucky_act_2024_25_scores,high,Kentucky district total; ACT grade 11 average score by site; all students aggregate as published.
1600000US2113600,Cayce CDP,21,9700000US2102100,Fulton County School District,100.000,census_tiger_2023_polygon_intersection,medium,candidate_spatial,ACT,average_composite,16.7,2024-25,47,,official_district_total_grade_11_average,official_state_export,kentucky_act_2024_25_scores,high,Kentucky district total; ACT grade 11 average score by site; all students aggregate as published.
1600000US2163804,Rabbit Hash CDP,21,9700000US2100510,Boone County School District,100.000,census_tiger_2023_polygon_intersection,medium,candidate_spatial,ACT,average_composite,19.2,2024-25,1506,,official_district_total_grade_11_average,official_state_export,kentucky_act_2024_25_scores,high,Kentucky district total; ACT grade 11 average score by site; all students aggregate as published.
1600000US2179464,Verona CDP,21,9700000US2105700,Walton-Verona Independent School District,100.000,census_tiger_2023_polygon_intersection,medium,candidate_spatial,ACT,average_composite,20,2024-25,118,,official_district_total_grade_11_average,official_state_export,kentucky_act_2024_25_scores,high,Kentucky district total; ACT grade 11 average score by site; all students aggregate as published.
1600000US2106220,Betsy Layne CDP,21,9700000US2101950,Floyd County School District,100.000,census_tiger_2023_polygon_intersection,medium,candidate_spatial,ACT,average_composite,16.6,2024-25,385,,official_district_total_grade_11_average,official_state_export,kentucky_act_2024_25_scores,high,Kentucky district total; ACT grade 11 average score by site; all students aggregate as published.
1600000US2151042,Maytown CDP,21,9700000US2101950,Floyd County School District,100.000,census_tiger_2023_polygon_intersection,medium,candidate_spatial,ACT,average_composite,16.6,2024-25,385,,official_district_total_grade_11_average,official_state_export,kentucky_act_2024_25_scores,high,Kentucky district total; ACT grade 11 average score by site; all students aggregate as published.
1600000US2107012,Blackey CDP,21,9700000US2103360,Letcher County School District,100.000,census_tiger_2023_polygon_intersection,medium,candidate_spatial,ACT,average_composite,18.2,2024-25,144,,official_district_total_grade_11_average,official_state_export,kentucky_act_2024_25_scores,high,Kentucky district total; ACT grade 11 average score by site; all students aggregate as published.
1600000US2108722,Boston CDP,21,9700000US2104410,Nelson County School District,100.000,census_tiger_2023_polygon_intersection,medium,candidate_spatial,ACT,average_composite,17.4,2024-25,348,,official_district_total_grade_11_average,official_state_export,kentucky_act_2024_25_scores,high,Kentucky district total; ACT grade 11 average score by site; all students aggregate as published.
1600000US2114266,Chaplin CDP,21,9700000US2104410,Nelson County School District,100.000,census_tiger_2023_polygon_intersection,medium,candidate_spatial,ACT,average_composite,17.4,2024-25,348,,official_district_total_grade_11_average,official_state_export,kentucky_act_2024_25_scores,high,Kentucky district total; ACT grade 11 average score by site; all students aggregate as published.
1600000US2134660,Hardyville CDP,21,9700000US2102640,Hart County School District,100.000,census_tiger_2023_polygon_intersection,medium,candidate_spatial,ACT,average_composite,17.4,2024-25,133,,official_district_total_grade_11_average,official_state_export,kentucky_act_2024_25_scores,high,Kentucky district total; ACT grade 11 average score by site; all students aggregate as published.
1600000US2109379,Breckinridge Center CDP,21,9700000US2105640,Union County School District,100.000,census_tiger_2023_polygon_intersection,medium,candidate_spatial,ACT,average_composite,16.8,2024-25,147,,official_district_total_grade_11_average,official_state_export,kentucky_act_2024_25_scores,high,Kentucky district total; ACT grade 11 average score by site; all students aggregate as published.
1600000US2109964,Brooks CDP,21,9700000US2100750,Bullitt County School District,100.000,census_tiger_2023_polygon_intersection,medium,candidate_spatial,ACT,average_composite,17.9,2024-25,1025,,official_district_total_grade_11_average,official_state_export,kentucky_act_2024_25_scores,high,Kentucky district total; ACT grade 11 average score by site; all students aggregate as published.
1600000US2115166,Claryville CDP,21,9700000US2100900,Campbell County School District,100.000,census_tiger_2023_polygon_intersection,medium,candidate_spatial,ACT,average_composite,19.9,2024-25,387,,official_district_total_grade_11_average,official_state_export,kentucky_act_2024_25_scores,high,Kentucky district total; ACT grade 11 average score by site; all students aggregate as published.
1600000US2110648,Buckner CDP,21,9700000US2104530,Oldham County School District,100.000,census_tiger_2023_polygon_intersection,medium,candidate_spatial,ACT,average_composite,21.5,2024-25,992,,official_district_total_grade_11_average,official_state_export,kentucky_act_2024_25_scores,high,Kentucky district total; ACT grade 11 average score by site; all students aggregate as published.
1600000US2111170,Burlington CDP,21,9700000US2100510,Boone County School District,100.000,census_tiger_2023_polygon_intersection,medium,candidate_spatial,ACT,average_composite,19.2,2024-25,1506,,official_district_total_grade_11_average,official_state_export,kentucky_act_2024_25_scores,high,Kentucky district total; ACT grade 11 average score by site; all students aggregate as published.
1600000US2157030,Oakbrook CDP,21,9700000US2100510,Boone County School District,100.000,census_tiger_2023_polygon_intersection,medium,candidate_spatial,ACT,average_composite,19.2,2024-25,1506,,official_district_total_grade_11_average,official_state_export,kentucky_act_2024_25_scores,high,Kentucky district total; ACT grade 11 average score by site; all students aggregate as published.
1600000US2112610,Cannonsburg CDP,21,9700000US2100620,Boyd County School District,100.000,census_tiger_2023_polygon_intersection,medium,candidate_spatial,ACT,average_composite,17.6,2024-25,231,,official_district_total_grade_11_average,official_state_export,kentucky_act_2024_25_scores,high,Kentucky district total; ACT grade 11 average score by site; all students aggregate as published.
1600000US2126560,Farmers CDP,21,9700000US2105100,Rowan County School District,100.000,census_tiger_2023_polygon_intersection,medium,candidate_spatial,ACT,average_composite,18.1,2024-25,227,,official_district_total_grade_11_average,official_state_export,kentucky_act_2024_25_scores,high,Kentucky district total; ACT grade 11 average score by site; all students aggregate as published.
1600000US2136460,High Bridge CDP,21,9700000US2103030,Jessamine County School District,100.000,census_tiger_2023_polygon_intersection,medium,candidate_spatial,ACT,average_composite,18.4,2024-25,629,,official_district_total_grade_11_average,official_state_export,kentucky_act_2024_25_scores,high,Kentucky district total; ACT grade 11 average score by site; all students aggregate as published.
1600000US2113582,Cawood CDP,21,9700000US2102540,Harlan County School District,100.000,census_tiger_2023_polygon_intersection,medium,candidate_spatial,ACT,average_composite,17.9,2024-25,207,,official_district_total_grade_11_average,official_state_export,kentucky_act_2024_25_scores,high,Kentucky district total; ACT grade 11 average score by site; all students aggregate as published.
1600000US2113636,Cecilia CDP,21,9700000US2102490,Hardin County School District,100.000,census_tiger_2023_polygon_intersection,medium,candidate_spatial,ACT,average_composite,18.1,2024-25,1069,,official_district_total_grade_11_average,official_state_export,kentucky_act_2024_25_scores,high,Kentucky district total; ACT grade 11 average score by site; all students aggregate as published.
1600000US2159592,Payne Gap CDP,21,9700000US2103360,Letcher County School District,79.457,census_tiger_2023_polygon_intersection,medium,candidate_spatial,ACT,average_composite,18.2,2024-25,144,,official_district_total_grade_11_average,official_state_export,kentucky_act_2024_25_scores,high,Kentucky district total; ACT grade 11 average score by site; all students aggregate as published.
1600000US2159592,Payne Gap CDP,21,9700000US2103000,Jenkins Independent School District,20.543,census_tiger_2023_polygon_intersection,low,candidate_spatial,ACT,average_composite,17.7,2024-25,28,,official_district_total_grade_11_average,official_state_export,kentucky_act_2024_25_scores,high,Kentucky district total; ACT grade 11 average score by site; all students aggregate as published.
1600000US2114068,Cerulean CDP,21,9700000US2105580,Trigg County School District,100.000,census_tiger_2023_polygon_intersection,medium,candidate_spatial,ACT,average_composite,18.5,2024-25,136,,official_district_total_grade_11_average,official_state_export,kentucky_act_2024_25_scores,high,Kentucky district total; ACT grade 11 average score by site; all students aggregate as published.
1600000US2121322,Dexter CDP,21,9700000US2100870,Calloway County School District,100.000,census_tiger_2023_polygon_intersection,medium,candidate_spatial,ACT,average_composite,18.5,2024-25,201,,official_district_total_grade_11_average,official_state_export,kentucky_act_2024_25_scores,high,Kentucky district total; ACT grade 11 average score by site; all students aggregate as published.
1600000US2126452,Fancy Farm CDP,21,9700000US2102280,Graves County School District,100.000,census_tiger_2023_polygon_intersection,medium,candidate_spatial,ACT,average_composite,18.1,2024-25,271,,official_district_total_grade_11_average,official_state_export,kentucky_act_2024_25_scores,high,Kentucky district total; ACT grade 11 average score by site; all students aggregate as published.
1600000US2130880,Gilbertsville CDP,21,9700000US2103810,Marshall County School District,100.000,census_tiger_2023_polygon_intersection,medium,candidate_spatial,ACT,average_composite,18.3,2024-25,309,,official_district_total_grade_11_average,official_state_export,kentucky_act_2024_25_scores,high,Kentucky district total; ACT grade 11 average score by site; all students aggregate as published.
1600000US2115490,Cleaton CDP,21,9700000US2100081,Muhlenberg County School District,100.000,census_tiger_2023_polygon_intersection,medium,candidate_spatial,ACT,average_composite,17.7,2024-25,253,,official_district_total_grade_11_average,official_state_export,kentucky_act_2024_25_scores,high,Kentucky district total; ACT grade 11 average score by site; all students aggregate as published.
1600000US2139592,Ironville CDP,21,9700000US2100620,Boyd County School District,100.000,census_tiger_2023_polygon_intersection,medium,candidate_spatial,ACT,average_composite,17.6,2024-25,231,,official_district_total_grade_11_average,official_state_export,kentucky_act_2024_25_scores,high,Kentucky district total; ACT grade 11 average score by site; all students aggregate as published.
1600000US2162202,Poole CDP,21,9700000US2105820,Webster County School District,63.638,census_tiger_2023_polygon_intersection,medium,candidate_spatial,ACT,average_composite,17.1,2024-25,158,,official_district_total_grade_11_average,official_state_export,kentucky_act_2024_25_scores,high,Kentucky district total; ACT grade 11 average score by site; all students aggregate as published.
1600000US2162202,Poole CDP,21,9700000US2102710,Henderson County School District,36.362,census_tiger_2023_polygon_intersection,low,candidate_spatial,ACT,average_composite,18.5,2024-25,534,,official_district_total_grade_11_average,official_state_export,kentucky_act_2024_25_scores,high,Kentucky district total; ACT grade 11 average score by site; all students aggregate as published.
1600000US2116822,Combs CDP,21,9700000US2104770,Perry County School District,100.000,census_tiger_2023_polygon_intersection,medium,candidate_spatial,ACT,average_composite,16.7,2024-25,218,,official_district_total_grade_11_average,official_state_export,kentucky_act_2024_25_scores,high,Kentucky district total; ACT grade 11 average score by site; all students aggregate as published.
1600000US2117938,Coxton CDP,21,9700000US2102540,Harlan County School District,100.000,census_tiger_2023_polygon_intersection,medium,candidate_spatial,ACT,average_composite,17.9,2024-25,207,,official_district_total_grade_11_average,official_state_export,kentucky_act_2024_25_scores,high,Kentucky district total; ACT grade 11 average score by site; all students aggregate as published.
1600000US2119234,Cunningham CDP,21,9700000US2100960,Carlisle County School District,100.000,census_tiger_2023_polygon_intersection,medium,candidate_spatial,ACT,average_composite,18.3,2024-25,43,,official_district_total_grade_11_average,official_state_export,kentucky_act_2024_25_scores,high,Kentucky district total; ACT grade 11 average score by site; all students aggregate as published.
1600000US2118190,Crayne CDP,21,9700000US2101380,Crittenden County School District,100.000,census_tiger_2023_polygon_intersection,medium,candidate_spatial,ACT,average_composite,17.8,2024-25,96,,official_district_total_grade_11_average,official_state_export,kentucky_act_2024_25_scores,high,Kentucky district total; ACT grade 11 average score by site; all students aggregate as published.
1600000US2132032,Gracey CDP,21,9700000US2101150,Christian County School District,100.000,census_tiger_2023_polygon_intersection,medium,candidate_spatial,ACT,average_composite,16.8,2024-25,524,,official_district_total_grade_11_average,official_state_export,kentucky_act_2024_25_scores,high,Kentucky district total; ACT grade 11 average score by site; all students aggregate as published.
1600000US2177124,Tolu CDP,21,9700000US2101380,Crittenden County School District,100.000,census_tiger_2023_polygon_intersection,medium,candidate_spatial,ACT,average_composite,17.8,2024-25,96,,official_district_total_grade_11_average,official_state_export,kentucky_act_2024_25_scores,high,Kentucky district total; ACT grade 11 average score by site; all students aggregate as published.
1600000US2121358,Diablock CDP,21,9700000US2104770,Perry County School District,83.017,census_tiger_2023_polygon_intersection,medium,candidate_spatial,ACT,average_composite,16.7,2024-25,218,,official_district_total_grade_11_average,official_state_export,kentucky_act_2024_25_scores,high,Kentucky district total; ACT grade 11 average score by site; all students aggregate as published.
1600000US2121358,Diablock CDP,21,9700000US2102670,Hazard Independent School District,16.983,census_tiger_2023_polygon_intersection,low,candidate_spatial,ACT,average_composite,19,2024-25,73,,official_district_total_grade_11_average,official_state_export,kentucky_act_2024_25_scores,high,Kentucky district total; ACT grade 11 average score by site; all students aggregate as published.
1600000US2140204,Jeff CDP,21,9700000US2104770,Perry County School District,100.000,census_tiger_2023_polygon_intersection,medium,candidate_spatial,ACT,average_composite,16.7,2024-25,218,,official_district_total_grade_11_average,official_state_export,kentucky_act_2024_25_scores,high,Kentucky district total; ACT grade 11 average score by site; all students aggregate as published.
1600000US2172264,South Williamson CDP,21,9700000US2104800,Pike County School District,100.000,census_tiger_2023_polygon_intersection,medium,candidate_spatial,ACT,average_composite,17.4,2024-25,478,,official_district_total_grade_11_average,official_state_export,kentucky_act_2024_25_scores,high,Kentucky district total; ACT grade 11 average score by site; all students aggregate as published.
1600000US2123104,Dwale CDP,21,9700000US2101950,Floyd County School District,100.000,census_tiger_2023_polygon_intersection,medium,candidate_spatial,ACT,average_composite,16.6,2024-25,385,,official_district_total_grade_11_average,official_state_export,kentucky_act_2024_25_scores,high,Kentucky district total; ACT grade 11 average score by site; all students aggregate as published.
1600000US2124292,Elizaville CDP,21,9700000US2101920,Fleming County School District,100.000,census_tiger_2023_polygon_intersection,medium,candidate_spatial,ACT,average_composite,17.8,2024-25,146,,official_district_total_grade_11_average,official_state_export,kentucky_act_2024_25_scores,high,Kentucky district total; ACT grade 11 average score by site; all students aggregate as published.
1600000US2130232,Garrison CDP,21,9700000US2103390,Lewis County School District,100.000,census_tiger_2023_polygon_intersection,medium,candidate_spatial,ACT,average_composite,17.3,2024-25,123,,official_district_total_grade_11_average,official_state_export,kentucky_act_2024_25_scores,high,Kentucky district total; ACT grade 11 average score by site; all students aggregate as published.
1600000US2124328,Elk Creek CDP,21,9700000US2105490,Spencer County School District,100.000,census_tiger_2023_polygon_intersection,medium,candidate_spatial,ACT,average_composite,17.9,2024-25,247,,official_district_total_grade_11_average,official_state_export,kentucky_act_2024_25_scores,high,Kentucky district total; ACT grade 11 average score by site; all students aggregate as published.
1600000US2124922,Emlyn CDP,21,9700000US2105880,Whitley County School District,100.000,census_tiger_2023_polygon_intersection,medium,candidate_spatial,ACT,average_composite,17.5,2024-25,271,,official_district_total_grade_11_average,official_state_export,kentucky_act_2024_25_scores,high,Kentucky district total; ACT grade 11 average score by site; all students aggregate as published.
1600000US2166162,Rockholds CDP,21,9700000US2105880,Whitley County School District,100.000,census_tiger_2023_polygon_intersection,medium,candidate_spatial,ACT,average_composite,17.5,2024-25,271,,official_district_total_grade_11_average,official_state_export,kentucky_act_2024_25_scores,high,Kentucky district total; ACT grade 11 average score by site; all students aggregate as published.
1600000US2126182,Fairview CDP,21,9700000US2105550,Todd County School District,44.086,census_tiger_2023_polygon_intersection,low,candidate_spatial,ACT,average_composite,16.9,2024-25,128,,official_district_total_grade_11_average,official_state_export,kentucky_act_2024_25_scores,high,Kentucky district total; ACT grade 11 average score by site; all students aggregate as published.
1600000US2126182,Fairview CDP,21,9700000US2101150,Christian County School District,55.914,census_tiger_2023_polygon_intersection,medium,candidate_spatial,ACT,average_composite,16.8,2024-25,524,,official_district_total_grade_11_average,official_state_export,kentucky_act_2024_25_scores,high,Kentucky district total; ACT grade 11 average score by site; all students aggregate as published.
1600000US2128882,Francisville CDP,21,9700000US2100510,Boone County School District,100.000,census_tiger_2023_polygon_intersection,medium,candidate_spatial,ACT,average_composite,19.2,2024-25,1506,,official_district_total_grade_11_average,official_state_export,kentucky_act_2024_25_scores,high,Kentucky district total; ACT grade 11 average score by site; all students aggregate as published.
1600000US2126528,Farley CDP,21,9700000US2104650,Paducah Independent School District,0.255,census_tiger_2023_polygon_intersection,low,candidate_spatial,ACT,average_composite,16.9,2024-25,206,,official_district_total_grade_11_average,official_state_export,kentucky_act_2024_25_scores,high,Kentucky district total; ACT grade 11 average score by site; all students aggregate as published.
1600000US2126528,Farley CDP,21,9700000US2103960,McCracken County School District,99.745,census_tiger_2023_polygon_intersection,medium,candidate_spatial,ACT,average_composite,20,2024-25,431,,official_district_total_grade_11_average,official_state_export,kentucky_act_2024_25_scores,high,Kentucky district total; ACT grade 11 average score by site; all students aggregate as published.
1600000US2135902,Hendron CDP,21,9700000US2104650,Paducah Independent School District,0.252,census_tiger_2023_polygon_intersection,low,candidate_spatial,ACT,average_composite,16.9,2024-25,206,,official_district_total_grade_11_average,official_state_export,kentucky_act_2024_25_scores,high,Kentucky district total; ACT grade 11 average score by site; all students aggregate as published.
1600000US2135902,Hendron CDP,21,9700000US2103960,McCracken County School District,99.748,census_tiger_2023_polygon_intersection,medium,candidate_spatial,ACT,average_composite,20,2024-25,431,,official_district_total_grade_11_average,official_state_export,kentucky_act_2024_25_scores,high,Kentucky district total; ACT grade 11 average score by site; all students aggregate as published.
1600000US2150556,Massac CDP,21,9700000US2103960,McCracken County School District,100.000,census_tiger_2023_polygon_intersection,medium,candidate_spatial,ACT,average_composite,20,2024-25,431,,official_district_total_grade_11_average,official_state_export,kentucky_act_2024_25_scores,high,Kentucky district total; ACT grade 11 average score by site; all students aggregate as published.
1600000US2164632,Reidland CDP,21,9700000US2103960,McCracken County School District,100.000,census_tiger_2023_polygon_intersection,medium,candidate_spatial,ACT,average_composite,20,2024-25,431,,official_district_total_grade_11_average,official_state_export,kentucky_act_2024_25_scores,high,Kentucky district total; ACT grade 11 average score by site; all students aggregate as published.
1600000US2126614,Farmington CDP,21,9700000US2102280,Graves County School District,100.000,census_tiger_2023_polygon_intersection,medium,candidate_spatial,ACT,average_composite,18.1,2024-25,271,,official_district_total_grade_11_average,official_state_export,kentucky_act_2024_25_scores,high,Kentucky district total; ACT grade 11 average score by site; all students aggregate as published.
1600000US2175270,Symsonia CDP,21,9700000US2102280,Graves County School District,100.000,census_tiger_2023_polygon_intersection,medium,candidate_spatial,ACT,average_composite,18.1,2024-25,271,,official_district_total_grade_11_average,official_state_export,kentucky_act_2024_25_scores,high,Kentucky district total; ACT grade 11 average score by site; all students aggregate as published.
1600000US2129134,Freeburn CDP,21,9700000US2104800,Pike County School District,100.000,census_tiger_2023_polygon_intersection,medium,candidate_spatial,ACT,average_composite,17.4,2024-25,478,,official_district_total_grade_11_average,official_state_export,kentucky_act_2024_25_scores,high,Kentucky district total; ACT grade 11 average score by site; all students aggregate as published.
1600000US2148810,McCarr CDP,21,9700000US2104800,Pike County School District,100.000,census_tiger_2023_polygon_intersection,medium,candidate_spatial,ACT,average_composite,17.4,2024-25,478,,official_district_total_grade_11_average,official_state_export,kentucky_act_2024_25_scores,high,Kentucky district total; ACT grade 11 average score by site; all students aggregate as published.
1600000US2152464,Millstone CDP,21,9700000US2103360,Letcher County School District,100.000,census_tiger_2023_polygon_intersection,medium,candidate_spatial,ACT,average_composite,18.2,2024-25,144,,official_district_total_grade_11_average,official_state_export,kentucky_act_2024_25_scores,high,Kentucky district total; ACT grade 11 average score by site; all students aggregate as published.
1600000US2179860,Virgie CDP,21,9700000US2104800,Pike County School District,100.000,census_tiger_2023_polygon_intersection,medium,candidate_spatial,ACT,average_composite,17.4,2024-25,478,,official_district_total_grade_11_average,official_state_export,kentucky_act_2024_25_scores,high,Kentucky district total; ACT grade 11 average score by site; all students aggregate as published.
1600000US2135542,Hebron CDP,21,9700000US2100510,Boone County School District,100.000,census_tiger_2023_polygon_intersection,medium,candidate_spatial,ACT,average_composite,19.2,2024-25,1506,,official_district_total_grade_11_average,official_state_export,kentucky_act_2024_25_scores,high,Kentucky district total; ACT grade 11 average score by site; all students aggregate as published.
1600000US2136316,Hickory CDP,21,9700000US2102280,Graves County School District,100.000,census_tiger_2023_polygon_intersection,medium,candidate_spatial,ACT,average_composite,18.1,2024-25,271,,official_district_total_grade_11_average,official_state_export,kentucky_act_2024_25_scores,high,Kentucky district total; ACT grade 11 average score by site; all students aggregate as published.
1600000US2137234,Hiseville CDP,21,9700000US2100300,Barren County School District,100.000,census_tiger_2023_polygon_intersection,medium,candidate_spatial,ACT,average_composite,18.1,2024-25,370,,official_district_total_grade_11_average,official_state_export,kentucky_act_2024_25_scores,high,Kentucky district total; ACT grade 11 average score by site; all students aggregate as published.
1600000US2142112,Kenvir CDP,21,9700000US2102540,Harlan County School District,100.000,census_tiger_2023_polygon_intersection,medium,candidate_spatial,ACT,average_composite,17.9,2024-25,207,,official_district_total_grade_11_average,official_state_export,kentucky_act_2024_25_scores,high,Kentucky district total; ACT grade 11 average score by site; all students aggregate as published.
1600000US2150952,Mayking CDP,21,9700000US2103360,Letcher County School District,100.000,census_tiger_2023_polygon_intersection,medium,candidate_spatial,ACT,average_composite,18.2,2024-25,144,,official_district_total_grade_11_average,official_state_export,kentucky_act_2024_25_scores,high,Kentucky district total; ACT grade 11 average score by site; all students aggregate as published.
1600000US2159466,Pathfork CDP,21,9700000US2102540,Harlan County School District,100.000,census_tiger_2023_polygon_intersection,medium,candidate_spatial,ACT,average_composite,17.9,2024-25,207,,official_district_total_grade_11_average,official_state_export,kentucky_act_2024_25_scores,high,Kentucky district total; ACT grade 11 average score by site; all students aggregate as published.
1600000US2143030,Knottsville CDP,21,9700000US2101470,Daviess County School District,100.000,census_tiger_2023_polygon_intersection,medium,candidate_spatial,ACT,average_composite,18,2024-25,807,,official_district_total_grade_11_average,official_state_export,kentucky_act_2024_25_scores,high,Kentucky district total; ACT grade 11 average score by site; all students aggregate as published.
1600000US2153670,Moseleyville CDP,21,9700000US2101470,Daviess County School District,100.000,census_tiger_2023_polygon_intersection,medium,candidate_spatial,ACT,average_composite,18,2024-25,807,,official_district_total_grade_11_average,official_state_export,kentucky_act_2024_25_scores,high,Kentucky district total; ACT grade 11 average score by site; all students aggregate as published.
1600000US2159124,Panther CDP,21,9700000US2101470,Daviess County School District,100.000,census_tiger_2023_polygon_intersection,medium,candidate_spatial,ACT,average_composite,18,2024-25,807,,official_district_total_grade_11_average,official_state_export,kentucky_act_2024_25_scores,high,Kentucky district total; ACT grade 11 average score by site; all students aggregate as published.
1600000US2167854,St. Joseph CDP,21,9700000US2101470,Daviess County School District,100.000,census_tiger_2023_polygon_intersection,medium,candidate_spatial,ACT,average_composite,18,2024-25,807,,official_district_total_grade_11_average,official_state_export,kentucky_act_2024_25_scores,high,Kentucky district total; ACT grade 11 average score by site; all students aggregate as published.
1600000US2144434,Ledbetter CDP,21,9700000US2103510,Livingston County School District,100.000,census_tiger_2023_polygon_intersection,medium,candidate_spatial,ACT,average_composite,17.8,2024-25,67,,official_district_total_grade_11_average,official_state_export,kentucky_act_2024_25_scores,high,Kentucky district total; ACT grade 11 average score by site; all students aggregate as published.
1600000US2148072,Lovelaceville CDP,21,9700000US2100210,Ballard County School District,100.000,census_tiger_2023_polygon_intersection,medium,candidate_spatial,ACT,average_composite,19.1,2024-25,80,,official_district_total_grade_11_average,official_state_export,kentucky_act_2024_25_scores,high,Kentucky district total; ACT grade 11 average score by site; all students aggregate as published.
1600000US2148234,Lowes CDP,21,9700000US2102280,Graves County School District,100.000,census_tiger_2023_polygon_intersection,medium,candidate_spatial,ACT,average_composite,18.1,2024-25,271,,official_district_total_grade_11_average,official_state_export,kentucky_act_2024_25_scores,high,Kentucky district total; ACT grade 11 average score by site; all students aggregate as published.
1600000US2148954,McDowell CDP,21,9700000US2101950,Floyd County School District,100.000,census_tiger_2023_polygon_intersection,medium,candidate_spatial,ACT,average_composite,16.6,2024-25,385,,official_district_total_grade_11_average,official_state_export,kentucky_act_2024_25_scores,high,Kentucky district total; ACT grade 11 average score by site; all students aggregate as published.
1600000US2149134,McKinney CDP,21,9700000US2103480,Lincoln County School District,100.000,census_tiger_2023_polygon_intersection,medium,candidate_spatial,ACT,average_composite,17.2,2024-25,204,,official_district_total_grade_11_average,official_state_export,kentucky_act_2024_25_scores,high,Kentucky district total; ACT grade 11 average score by site; all students aggregate as published.
1600000US2149278,McRoberts CDP,21,9700000US2103000,Jenkins Independent School District,100.000,census_tiger_2023_polygon_intersection,medium,candidate_spatial,ACT,average_composite,17.7,2024-25,28,,official_district_total_grade_11_average,official_state_export,kentucky_act_2024_25_scores,high,Kentucky district total; ACT grade 11 average score by site; all students aggregate as published.
1600000US2149476,Magnolia CDP,21,9700000US2103180,Larue County School District,100.000,census_tiger_2023_polygon_intersection,medium,candidate_spatial,ACT,average_composite,18.2,2024-25,185,,official_district_total_grade_11_average,official_state_export,kentucky_act_2024_25_scores,high,Kentucky district total; ACT grade 11 average score by site; all students aggregate as published.
1600000US2155794,New Hope CDP,21,9700000US2104410,Nelson County School District,100.000,census_tiger_2023_polygon_intersection,medium,candidate_spatial,ACT,average_composite,17.4,2024-25,348,,official_district_total_grade_11_average,official_state_export,kentucky_act_2024_25_scores,high,Kentucky district total; ACT grade 11 average score by site; all students aggregate as published.
1600000US2149746,Manitou CDP,21,9700000US2102860,Hopkins County School District,100.000,census_tiger_2023_polygon_intersection,medium,candidate_spatial,ACT,average_composite,17.5,2024-25,425,,official_district_total_grade_11_average,official_state_export,kentucky_act_2024_25_scores,high,Kentucky district total; ACT grade 11 average score by site; all students aggregate as published.
1600000US2151006,Mays Lick CDP,21,9700000US2103870,Mason County School District,100.000,census_tiger_2023_polygon_intersection,medium,candidate_spatial,ACT,average_composite,18,2024-25,181,,official_district_total_grade_11_average,official_state_export,kentucky_act_2024_25_scores,high,Kentucky district total; ACT grade 11 average score by site; all students aggregate as published.
1600000US2160312,Petersburg CDP,21,9700000US2100510,Boone County School District,100.000,census_tiger_2023_polygon_intersection,medium,candidate_spatial,ACT,average_composite,19.2,2024-25,1506,,official_district_total_grade_11_average,official_state_export,kentucky_act_2024_25_scores,high,Kentucky district total; ACT grade 11 average score by site; all students aggregate as published.
1600000US2160600,Phelps CDP,21,9700000US2104800,Pike County School District,100.000,census_tiger_2023_polygon_intersection,medium,candidate_spatial,ACT,average_composite,17.4,2024-25,478,,official_district_total_grade_11_average,official_state_export,kentucky_act_2024_25_scores,high,Kentucky district total; ACT grade 11 average score by site; all students aggregate as published.
1600000US2160654,Philpot CDP,21,9700000US2101470,Daviess County School District,100.000,census_tiger_2023_polygon_intersection,medium,candidate_spatial,ACT,average_composite,18,2024-25,807,,official_district_total_grade_11_average,official_state_export,kentucky_act_2024_25_scores,high,Kentucky district total; ACT grade 11 average score by site; all students aggregate as published.
1600000US2185224,Yelvington CDP,21,9700000US2101470,Daviess County School District,100.000,census_tiger_2023_polygon_intersection,medium,candidate_spatial,ACT,average_composite,18,2024-25,807,,official_district_total_grade_11_average,official_state_export,kentucky_act_2024_25_scores,high,Kentucky district total; ACT grade 11 average score by site; all students aggregate as published.
1600000US2161122,Pine Knot CDP,21,9700000US2103990,McCreary County School District,100.000,census_tiger_2023_polygon_intersection,medium,candidate_spatial,ACT,average_composite,16,2024-25,158,,official_district_total_grade_11_average,official_state_export,kentucky_act_2024_25_scores,high,Kentucky district total; ACT grade 11 average score by site; all students aggregate as published.
1600000US2173362,Stearns CDP,21,9700000US2103990,McCreary County School District,100.000,census_tiger_2023_polygon_intersection,medium,candidate_spatial,ACT,average_composite,16,2024-25,158,,official_district_total_grade_11_average,official_state_export,kentucky_act_2024_25_scores,high,Kentucky district total; ACT grade 11 average score by site; all students aggregate as published.
1600000US2182938,Whitley City CDP,21,9700000US2103990,McCreary County School District,100.000,census_tiger_2023_polygon_intersection,medium,candidate_spatial,ACT,average_composite,16,2024-25,158,,official_district_total_grade_11_average,official_state_export,kentucky_act_2024_25_scores,high,Kentucky district total; ACT grade 11 average score by site; all students aggregate as published.
1600000US2161536,Plano CDP,21,9700000US2105730,Warren County School District,100.000,census_tiger_2023_polygon_intersection,medium,candidate_spatial,ACT,average_composite,18.7,2024-25,1317,,official_district_total_grade_11_average,official_state_export,kentucky_act_2024_25_scores,high,Kentucky district total; ACT grade 11 average score by site; all students aggregate as published.
1600000US2161734,Pleasant View CDP,21,9700000US2105880,Whitley County School District,100.000,census_tiger_2023_polygon_intersection,medium,candidate_spatial,ACT,average_composite,17.5,2024-25,271,,official_district_total_grade_11_average,official_state_export,kentucky_act_2024_25_scores,high,Kentucky district total; ACT grade 11 average score by site; all students aggregate as published.
1600000US2168214,Salvisa CDP,21,9700000US2104110,Mercer County School District,100.000,census_tiger_2023_polygon_intersection,medium,candidate_spatial,ACT,average_composite,18.5,2024-25,185,,official_district_total_grade_11_average,official_state_export,kentucky_act_2024_25_scores,high,Kentucky district total; ACT grade 11 average score by site; all students aggregate as published.
1600000US2163426,Pryorsburg CDP,21,9700000US2102280,Graves County School District,100.000,census_tiger_2023_polygon_intersection,medium,candidate_spatial,ACT,average_composite,18.1,2024-25,271,,official_district_total_grade_11_average,official_state_export,kentucky_act_2024_25_scores,high,Kentucky district total; ACT grade 11 average score by site; all students aggregate as published.
1600000US2165388,Rineyville CDP,21,9700000US2102490,Hardin County School District,100.000,census_tiger_2023_polygon_intersection,medium,candidate_spatial,ACT,average_composite,18.1,2024-25,1069,,official_district_total_grade_11_average,official_state_export,kentucky_act_2024_25_scores,high,Kentucky district total; ACT grade 11 average score by site; all students aggregate as published.
1600000US2169258,Sedalia CDP,21,9700000US2102280,Graves County School District,100.000,census_tiger_2023_polygon_intersection,medium,candidate_spatial,ACT,average_composite,18.1,2024-25,271,,official_district_total_grade_11_average,official_state_export,kentucky_act_2024_25_scores,high,Kentucky district total; ACT grade 11 average score by site; all students aggregate as published.
1600000US2171760,Sorgho CDP,21,9700000US2101470,Daviess County School District,100.000,census_tiger_2023_polygon_intersection,medium,candidate_spatial,ACT,average_composite,18,2024-25,807,,official_district_total_grade_11_average,official_state_export,kentucky_act_2024_25_scores,high,Kentucky district total; ACT grade 11 average score by site; all students aggregate as published.
1600000US2173146,Stanley CDP,21,9700000US2101470,Daviess County School District,100.000,census_tiger_2023_polygon_intersection,medium,candidate_spatial,ACT,average_composite,18,2024-25,807,,official_district_total_grade_11_average,official_state_export,kentucky_act_2024_25_scores,high,Kentucky district total; ACT grade 11 average score by site; all students aggregate as published.
1600000US2172255,South Wallins CDP,21,9700000US2102540,Harlan County School District,100.000,census_tiger_2023_polygon_intersection,medium,candidate_spatial,ACT,average_composite,17.9,2024-25,207,,official_district_total_grade_11_average,official_state_export,kentucky_act_2024_25_scores,high,Kentucky district total; ACT grade 11 average score by site; all students aggregate as published.
1600000US2180310,Wallins Creek CDP,21,9700000US2102540,Harlan County School District,100.000,census_tiger_2023_polygon_intersection,medium,candidate_spatial,ACT,average_composite,17.9,2024-25,207,,official_district_total_grade_11_average,official_state_export,kentucky_act_2024_25_scores,high,Kentucky district total; ACT grade 11 average score by site; all students aggregate as published.
1600000US2180832,Water Valley CDP,21,9700000US2102280,Graves County School District,100.000,census_tiger_2023_polygon_intersection,medium,candidate_spatial,ACT,average_composite,18.1,2024-25,271,,official_district_total_grade_11_average,official_state_export,kentucky_act_2024_25_scores,high,Kentucky district total; ACT grade 11 average score by site; all students aggregate as published.
1600000US2182056,West Van Lear CDP,21,9700000US2103060,Johnson County School District,100.000,census_tiger_2023_polygon_intersection,medium,candidate_spatial,ACT,average_composite,18.1,2024-25,249,,official_district_total_grade_11_average,official_state_export,kentucky_act_2024_25_scores,high,Kentucky district total; ACT grade 11 average score by site; all students aggregate as published.
1600000US4724240,Enville town,47,9700000US4702880,McNairy County School District,0.854,census_tiger_2023_polygon_intersection,low,candidate_spatial,ACT,average_composite,19,2024-25,275,100,official_district_average,official_state_export,tennessee_act_2024_25_scores,high,Tennessee district ACT average; All Students; highest scores in prior three years for graduates.
1600000US4724240,Enville town,47,9700000US4700600,Chester County School District,99.146,census_tiger_2023_polygon_intersection,medium,candidate_spatial,ACT,average_composite,20.7,2024-25,185,100,official_district_average,official_state_export,tennessee_act_2024_25_scores,high,Tennessee district ACT average; All Students; highest scores in prior three years for graduates.
1600000US4748920,Milledgeville town,47,9700000US4702880,McNairy County School District,29.931,census_tiger_2023_polygon_intersection,low,candidate_spatial,ACT,average_composite,19,2024-25,275,100,official_district_average,official_state_export,tennessee_act_2024_25_scores,high,Tennessee district ACT average; All Students; highest scores in prior three years for graduates.
1600000US4748920,Milledgeville town,47,9700000US4701680,Hardin County School District,29.818,census_tiger_2023_polygon_intersection,low,candidate_spatial,ACT,average_composite,18.9,2024-25,226,100,official_district_average,official_state_export,tennessee_act_2024_25_scores,high,Tennessee district ACT average; All Students; highest scores in prior three years for graduates.
1600000US4748920,Milledgeville town,47,9700000US4700600,Chester County School District,40.251,census_tiger_2023_polygon_intersection,low,candidate_spatial,ACT,average_composite,20.7,2024-25,185,100,official_district_average,official_state_export,tennessee_act_2024_25_scores,high,Tennessee district ACT average; All Students; highest scores in prior three years for graduates.
1600000US4731490,Gruetli-Laager city,47,9700000US4701530,Grundy County School District,100.000,census_tiger_2023_polygon_intersection,medium,candidate_spatial,ACT,average_composite,18.7,2024-25,101,100,official_district_average,official_state_export,tennessee_act_2024_25_scores,high,Tennessee district ACT average; All Students; highest scores in prior three years for graduates.
1600000US4774880,Tracy City town,47,9700000US4701530,Grundy County School District,100.000,census_tiger_2023_polygon_intersection,medium,candidate_spatial,ACT,average_composite,18.7,2024-25,101,100,official_district_average,official_state_export,tennessee_act_2024_25_scores,high,Tennessee district ACT average; All Students; highest scores in prior three years for graduates.
1600000US4764668,Rocky Top city,47,9700000US4700090,Anderson County School District,88.002,census_tiger_2023_polygon_intersection,medium,candidate_spatial,ACT,average_composite,18.7,2024-25,449,100,official_district_average,official_state_export,tennessee_act_2024_25_scores,high,Tennessee district ACT average; All Students; highest scores in prior three years for graduates.
1600000US4764668,Rocky Top city,47,9700000US4700420,Campbell County School District,11.998,census_tiger_2023_polygon_intersection,low,candidate_spatial,ACT,average_composite,17.2,2024-25,321,98,official_district_average,official_state_export,tennessee_act_2024_25_scores,high,Tennessee district ACT average; All Students; highest scores in prior three years for graduates.
1600000US4743140,Livingston town,47,9700000US4703330,Overton County School District,100.000,census_tiger_2023_polygon_intersection,medium,candidate_spatial,ACT,average_composite,19.1,2024-25,164,100,official_district_average,official_state_export,tennessee_act_2024_25_scores,high,Tennessee district ACT average; All Students; highest scores in prior three years for graduates.
1600000US4737600,Jacksboro town,47,9700000US4700420,Campbell County School District,100.000,census_tiger_2023_polygon_intersection,medium,candidate_spatial,ACT,average_composite,17.2,2024-25,321,98,official_district_average,official_state_export,tennessee_act_2024_25_scores,high,Tennessee district ACT average; All Students; highest scores in prior three years for graduates.
1600000US4753460,Nolensville town,47,9700000US4704530,Williamson County School District,100.000,census_tiger_2023_polygon_intersection,medium,candidate_spatial,ACT,average_composite,25.3,2024-25,3446,100,official_district_average,official_state_export,tennessee_act_2024_25_scores,high,Tennessee district ACT average; All Students; highest scores in prior three years for graduates.
1600000US4715580,Clinton city,47,9700000US4700090,Anderson County School District,0.034,census_tiger_2023_polygon_intersection,low,candidate_spatial,ACT,average_composite,18.7,2024-25,449,100,official_district_average,official_state_export,tennessee_act_2024_25_scores,high,Tennessee district ACT average; All Students; highest scores in prior three years for graduates.
1600000US4755120,Oak Ridge city,47,9700000US4703240,Oak Ridge City School District,100.000,census_tiger_2023_polygon_intersection,medium,candidate_spatial,ACT,average_composite,21.6,2024-25,343,100,official_district_average,official_state_export,tennessee_act_2024_25_scores,high,Tennessee district ACT average; All Students; highest scores in prior three years for graduates.
1600000US4708540,Bristol city,47,9700000US4703990,Sullivan County School District,4.091,census_tiger_2023_polygon_intersection,low,candidate_spatial,ACT,average_composite,18.7,2024-25,591,99,official_district_average,official_state_export,tennessee_act_2024_25_scores,high,Tennessee district ACT average; All Students; highest scores in prior three years for graduates.
1600000US4708540,Bristol city,47,9700000US4700360,Bristol City School District,95.909,census_tiger_2023_polygon_intersection,medium,candidate_spatial,ACT,average_composite,20.4,2024-25,325,100,official_district_average,official_state_export,tennessee_act_2024_25_scores,high,Tennessee district ACT average; All Students; highest scores in prior three years for graduates.
1600000US4736580,Huntingdon town,47,9700000US4702010,Huntingdon Special School District,100.000,census_tiger_2023_polygon_intersection,medium,candidate_spatial,ACT,average_composite,19.3,2024-25,83,100,official_district_average,official_state_export,tennessee_act_2024_25_scores,high,Tennessee district ACT average; All Students; highest scores in prior three years for graduates.
1600000US4745000,McLemoresville town,47,9700000US4704490,West Carroll Special District,100.000,census_tiger_2023_polygon_intersection,medium,candidate_spatial,ACT,average_composite,17.8,2024-25,45,96,official_district_average,official_state_export,tennessee_act_2024_25_scores,high,Tennessee district ACT average; All Students; highest scores in prior three years for graduates.
1600000US4775100,Trezevant town,47,9700000US4704490,West Carroll Special District,100.000,census_tiger_2023_polygon_intersection,medium,candidate_spatial,ACT,average_composite,17.8,2024-25,45,96,official_district_average,official_state_export,tennessee_act_2024_25_scores,high,Tennessee district ACT average; All Students; highest scores in prior three years for graduates.
1600000US4772140,Sunbright city,47,9700000US4703090,Morgan County School District,100.000,census_tiger_2023_polygon_intersection,medium,candidate_spatial,ACT,average_composite,16.6,2024-25,227,100,official_district_average,official_state_export,tennessee_act_2024_25_scores,high,Tennessee district ACT average; All Students; highest scores in prior three years for graduates.
1600000US4754280,Oakdale town,47,9700000US4703090,Morgan County School District,100.000,census_tiger_2023_polygon_intersection,medium,candidate_spatial,ACT,average_composite,16.6,2024-25,227,100,official_district_average,official_state_export,tennessee_act_2024_25_scores,high,Tennessee district ACT average; All Students; highest scores in prior three years for graduates.
1600000US4778100,Wartburg city,47,9700000US4703090,Morgan County School District,100.000,census_tiger_2023_polygon_intersection,medium,candidate_spatial,ACT,average_composite,16.6,2024-25,227,100,official_district_average,official_state_export,tennessee_act_2024_25_scores,high,Tennessee district ACT average; All Students; highest scores in prior three years for graduates.
1600000US4736640,Huntsville town,47,9700000US4703720,Scott County School District,100.000,census_tiger_2023_polygon_intersection,medium,candidate_spatial,ACT,average_composite,18,2024-25,131,99,official_district_average,official_state_export,tennessee_act_2024_25_scores,high,Tennessee district ACT average; All Students; highest scores in prior three years for graduates.
1600000US4730880,Greenback city,47,9700000US4702520,Loudon County School District,100.000,census_tiger_2023_polygon_intersection,medium,candidate_spatial,ACT,average_composite,19.1,2024-25,235,100,official_district_average,official_state_export,tennessee_act_2024_25_scores,high,Tennessee district ACT average; All Students; highest scores in prior three years for graduates.
1600000US4748340,Middleton city,47,9700000US4701650,Hardeman County School District,100.000,census_tiger_2023_polygon_intersection,medium,candidate_spatial,ACT,average_composite,16.4,2024-25,224,99,official_district_average,official_state_export,tennessee_act_2024_25_scores,high,Tennessee district ACT average; All Students; highest scores in prior three years for graduates.
1600000US4753600,Norris city,47,9700000US4700090,Anderson County School District,100.000,census_tiger_2023_polygon_intersection,medium,candidate_spatial,ACT,average_composite,18.7,2024-25,449,100,official_district_average,official_state_export,tennessee_act_2024_25_scores,high,Tennessee district ACT average; All Students; highest scores in prior three years for graduates.
1600000US4763060,Ridgely town,47,9700000US4702280,Lake County School District,100.000,census_tiger_2023_polygon_intersection,medium,candidate_spatial,ACT,average_composite,17.1,2024-25,40,95,official_district_average,official_state_export,tennessee_act_2024_25_scores,high,Tennessee district ACT average; All Students; highest scores in prior three years for graduates.
1600000US4766940,Selmer town,47,9700000US4702880,McNairy County School District,100.000,census_tiger_2023_polygon_intersection,medium,candidate_spatial,ACT,average_composite,19,2024-25,275,100,official_district_average,official_state_export,tennessee_act_2024_25_scores,high,Tennessee district ACT average; All Students; highest scores in prior three years for graduates.
1600000US4700240,Adamsville town,47,9700000US4702880,McNairy County School District,94.547,census_tiger_2023_polygon_intersection,medium,candidate_spatial,ACT,average_composite,19,2024-25,275,100,official_district_average,official_state_export,tennessee_act_2024_25_scores,high,Tennessee district ACT average; All Students; highest scores in prior three years for graduates.
1600000US4700240,Adamsville town,47,9700000US4701680,Hardin County School District,5.453,census_tiger_2023_polygon_intersection,low,candidate_spatial,ACT,average_composite,18.9,2024-25,226,100,official_district_average,official_state_export,tennessee_act_2024_25_scores,high,Tennessee district ACT average; All Students; highest scores in prior three years for graduates.
1600000US4761520,Ramer city,47,9700000US4702880,McNairy County School District,100.000,census_tiger_2023_polygon_intersection,medium,candidate_spatial,ACT,average_composite,19,2024-25,275,100,official_district_average,official_state_export,tennessee_act_2024_25_scores,high,Tennessee district ACT average; All Students; highest scores in prior three years for graduates.
1600000US4732520,Harriman city,47,9700000US4703590,Roane County School District,99.907,census_tiger_2023_polygon_intersection,medium,candidate_spatial,ACT,average_composite,19.3,2024-25,451,100,official_district_average,official_state_export,tennessee_act_2024_25_scores,high,Tennessee district ACT average; All Students; highest scores in prior three years for graduates.
1600000US4732520,Harriman city,47,9700000US4703090,Morgan County School District,0.093,census_tiger_2023_polygon_intersection,low,candidate_spatial,ACT,average_composite,16.6,2024-25,227,100,official_district_average,official_state_export,tennessee_act_2024_25_scores,high,Tennessee district ACT average; All Students; highest scores in prior three years for graduates.
1600000US4755800,Oliver Springs town,47,9700000US4703590,Roane County School District,18.798,census_tiger_2023_polygon_intersection,low,candidate_spatial,ACT,average_composite,19.3,2024-25,451,100,official_district_average,official_state_export,tennessee_act_2024_25_scores,high,Tennessee district ACT average; All Students; highest scores in prior three years for graduates.
1600000US4755800,Oliver Springs town,47,9700000US4700090,Anderson County School District,78.217,census_tiger_2023_polygon_intersection,medium,candidate_spatial,ACT,average_composite,18.7,2024-25,449,100,official_district_average,official_state_export,tennessee_act_2024_25_scores,high,Tennessee district ACT average; All Students; highest scores in prior three years for graduates.
1600000US4755800,Oliver Springs town,47,9700000US4703090,Morgan County School District,2.985,census_tiger_2023_polygon_intersection,low,candidate_spatial,ACT,average_composite,16.6,2024-25,227,100,official_district_average,official_state_export,tennessee_act_2024_25_scores,high,Tennessee district ACT average; All Students; highest scores in prior three years for graduates.
1600000US4745500,Manchester city,47,9700000US4700780,Coffee County School District,15.311,census_tiger_2023_polygon_intersection,low,candidate_spatial,ACT,average_composite,19.1,2024-25,367,100,official_district_average,official_state_export,tennessee_act_2024_25_scores,high,Tennessee district ACT average; All Students; highest scores in prior three years for graduates.
1600000US4728680,Garland town,47,9700000US4704080,Tipton County School District,100.000,census_tiger_2023_polygon_intersection,medium,candidate_spatial,ACT,average_composite,19.7,2024-25,704,99,official_district_average,official_state_export,tennessee_act_2024_25_scores,high,Tennessee district ACT average; All Students; highest scores in prior three years for graduates.
1600000US4703760,Bean Station city,47,9700000US4701440,Grainger County School District,99.489,census_tiger_2023_polygon_intersection,medium,candidate_spatial,ACT,average_composite,17.5,2024-25,227,99,official_district_average,official_state_export,tennessee_act_2024_25_scores,high,Tennessee district ACT average; All Students; highest scores in prior three years for graduates.
1600000US4703760,Bean Station city,47,9700000US4701740,Hawkins County School District,0.511,census_tiger_2023_polygon_intersection,low,candidate_spatial,ACT,average_composite,17.8,2024-25,516,99,official_district_average,official_state_export,tennessee_act_2024_25_scores,high,Tennessee district ACT average; All Students; highest scores in prior three years for graduates.
1600000US4719880,Decatur town,47,9700000US4702910,Meigs County School District,100.000,census_tiger_2023_polygon_intersection,medium,candidate_spatial,ACT,average_composite,19.7,2024-25,125,100,official_district_average,official_state_export,tennessee_act_2024_25_scores,high,Tennessee district ACT average; All Students; highest scores in prior three years for graduates.
1600000US4767760,Shelbyville city,47,9700000US4700180,Bedford County School District,100.000,census_tiger_2023_polygon_intersection,medium,candidate_spatial,ACT,average_composite,17.9,2024-25,598,100,official_district_average,official_state_export,tennessee_act_2024_25_scores,high,Tennessee district ACT average; All Students; highest scores in prior three years for graduates.
1600000US4728960,Germantown city,47,9700000US4700151,Germantown Municipal School District,100.000,census_tiger_2023_polygon_intersection,medium,candidate_spatial,ACT,average_composite,24.3,2024-25,485,100,official_district_average,official_state_export,tennessee_act_2024_25_scores,high,Tennessee district ACT average; All Students; highest scores in prior three years for graduates.
1600000US4740350,Lakeland city,47,9700000US4700152,Arlington Community School District,0.000,census_tiger_2023_polygon_intersection,low,candidate_spatial,ACT,average_composite,22.7,2024-25,511,100,official_district_average,official_state_export,tennessee_act_2024_25_scores,high,Tennessee district ACT average; All Students; highest scores in prior three years for graduates.
1600000US4749060,Millington city,47,9700000US4700148,Shelby County School District,0.072,census_tiger_2023_polygon_intersection,low,candidate_spatial,ACT,average_composite,16.4,2024-25,6579,100,official_district_average,official_state_export,tennessee_act_2024_25_scores,high,Tennessee district ACT average; All Students; highest scores in prior three years for graduates.
1600000US4749060,Millington city,47,9700000US4700150,Millington Municipal School District,99.928,census_tiger_2023_polygon_intersection,medium,candidate_spatial,ACT,average_composite,19,2024-25,199,100,official_district_average,official_state_export,tennessee_act_2024_25_scores,high,Tennessee district ACT average; All Students; highest scores in prior three years for graduates.
1600000US4700620,Alexandria town,47,9700000US4700990,DeKalb County School District,100.000,census_tiger_2023_polygon_intersection,medium,candidate_spatial,ACT,average_composite,18.6,2024-25,167,100,official_district_average,official_state_export,tennessee_act_2024_25_scores,high,Tennessee district ACT average; All Students; highest scores in prior three years for graduates.
1600000US4741200,La Vergne city,47,9700000US4703690,Rutherford County School District,100.000,census_tiger_2023_polygon_intersection,medium,candidate_spatial,ACT,average_composite,19.8,2024-25,4509,99,official_district_average,official_state_export,tennessee_act_2024_25_scores,high,Tennessee district ACT average; All Students; highest scores in prior three years for graduates.
1600000US4751560,Murfreesboro city,47,9700000US4703690,Rutherford County School District,1.192,census_tiger_2023_polygon_intersection,low,candidate_spatial,ACT,average_composite,19.8,2024-25,4509,99,official_district_average,official_state_export,tennessee_act_2024_25_scores,high,Tennessee district ACT average; All Students; highest scores in prior three years for graduates.
1600000US4711280,Carthage town,47,9700000US4703870,Smith County School District,100.000,census_tiger_2023_polygon_intersection,medium,candidate_spatial,ACT,average_composite,19.6,2024-25,189,99,official_district_average,official_state_export,tennessee_act_2024_25_scores,high,Tennessee district ACT average; All Students; highest scores in prior three years for graduates.
1600000US4741760,Lenoir City city,47,9700000US4702520,Loudon County School District,3.493,census_tiger_2023_polygon_intersection,low,candidate_spatial,ACT,average_composite,19.1,2024-25,235,100,official_district_average,official_state_export,tennessee_act_2024_25_scores,high,Tennessee district ACT average; All Students; highest scores in prior three years for graduates.
1600000US4741760,Lenoir City city,47,9700000US4702400,Lenoir City School District,96.507,census_tiger_2023_polygon_intersection,medium,candidate_spatial,ACT,average_composite,19.3,2024-25,304,100,official_district_average,official_state_export,tennessee_act_2024_25_scores,high,Tennessee district ACT average; All Students; highest scores in prior three years for graduates.
1600000US4702400,Auburntown town,47,9700000US4700450,Cannon County School District,100.000,census_tiger_2023_polygon_intersection,medium,candidate_spatial,ACT,average_composite,17.8,2024-25,124,99,official_district_average,official_state_export,tennessee_act_2024_25_scores,high,Tennessee district ACT average; All Students; highest scores in prior three years for graduates.
1600000US4743780,Loudon city,47,9700000US4702520,Loudon County School District,100.000,census_tiger_2023_polygon_intersection,medium,candidate_spatial,ACT,average_composite,19.1,2024-25,235,100,official_district_average,official_state_export,tennessee_act_2024_25_scores,high,Tennessee district ACT average; All Students; highest scores in prior three years for graduates.
1600000US4727960,Friendship city,47,9700000US4700850,Crockett County School District,100.000,census_tiger_2023_polygon_intersection,medium,candidate_spatial,ACT,average_composite,19.3,2024-25,212,100,official_district_average,official_state_export,tennessee_act_2024_25_scores,high,Tennessee district ACT average; All Students; highest scores in prior three years for graduates.
1600000US4746540,Maury City town,47,9700000US4700850,Crockett County School District,100.000,census_tiger_2023_polygon_intersection,medium,candidate_spatial,ACT,average_composite,19.3,2024-25,212,100,official_district_average,official_state_export,tennessee_act_2024_25_scores,high,Tennessee district ACT average; All Students; highest scores in prior three years for graduates.
1600000US4718620,Crump city,47,9700000US4701680,Hardin County School District,100.000,census_tiger_2023_polygon_intersection,medium,candidate_spatial,ACT,average_composite,18.9,2024-25,226,100,official_district_average,official_state_export,tennessee_act_2024_25_scores,high,Tennessee district ACT average; All Students; highest scores in prior three years for graduates.
1600000US4766340,Saltillo town,47,9700000US4701680,Hardin County School District,100.000,census_tiger_2023_polygon_intersection,medium,candidate_spatial,ACT,average_composite,18.9,2024-25,226,100,official_district_average,official_state_export,tennessee_act_2024_25_scores,high,Tennessee district ACT average; All Students; highest scores in prior three years for graduates.
1600000US4766720,Savannah city,47,9700000US4701680,Hardin County School District,100.000,census_tiger_2023_polygon_intersection,medium,candidate_spatial,ACT,average_composite,18.9,2024-25,226,100,official_district_average,official_state_export,tennessee_act_2024_25_scores,high,Tennessee district ACT average; All Students; highest scores in prior three years for graduates.
1600000US4758120,Pikeville city,47,9700000US4700270,Bledsoe County School District,100.000,census_tiger_2023_polygon_intersection,medium,candidate_spatial,ACT,average_composite,19.1,2024-25,107,100,official_district_average,official_state_export,tennessee_act_2024_25_scores,high,Tennessee district ACT average; All Students; highest scores in prior three years for graduates.
1600000US4707860,Bradford town,47,9700000US4701390,Bradford Special School District,100.000,census_tiger_2023_polygon_intersection,medium,candidate_spatial,ACT,average_composite,20.1,2024-25,37,100,official_district_average,official_state_export,tennessee_act_2024_25_scores,high,Tennessee district ACT average; All Students; highest scores in prior three years for graduates.
1600000US4708500,Brighton town,47,9700000US4704080,Tipton County School District,100.000,census_tiger_2023_polygon_intersection,medium,candidate_spatial,ACT,average_composite,19.7,2024-25,704,99,official_district_average,official_state_export,tennessee_act_2024_25_scores,high,Tennessee district ACT average; All Students; highest scores in prior three years for graduates.
1600000US4728540,Gallatin city,47,9700000US4704020,Sumner County School District,100.000,census_tiger_2023_polygon_intersection,medium,candidate_spatial,ACT,average_composite,20.8,2024-25,2187,100,official_district_average,official_state_export,tennessee_act_2024_25_scores,high,Tennessee district ACT average; All Students; highest scores in prior three years for graduates.
1600000US4749460,Mitchellville city,47,9700000US4704020,Sumner County School District,100.000,census_tiger_2023_polygon_intersection,medium,candidate_spatial,ACT,average_composite,20.8,2024-25,2187,100,official_district_average,official_state_export,tennessee_act_2024_25_scores,high,Tennessee district ACT average; All Students; highest scores in prior three years for graduates.
1600000US4703680,Baxter town,47,9700000US4703480,Putnam County School District,100.000,census_tiger_2023_polygon_intersection,medium,candidate_spatial,ACT,average_composite,19.9,2024-25,902,99,official_district_average,official_state_export,tennessee_act_2024_25_scores,high,Tennessee district ACT average; All Students; highest scores in prior three years for graduates.
1600000US4749760,Monterey town,47,9700000US4703480,Putnam County School District,100.000,census_tiger_2023_polygon_intersection,medium,candidate_spatial,ACT,average_composite,19.9,2024-25,902,99,official_district_average,official_state_export,tennessee_act_2024_25_scores,high,Tennessee district ACT average; All Students; highest scores in prior three years for graduates.
1600000US4770240,Spencer city,47,9700000US4704320,Van Buren County School District,100.000,census_tiger_2023_polygon_intersection,medium,candidate_spatial,ACT,average_composite,19.6,2024-25,50,100,official_district_average,official_state_export,tennessee_act_2024_25_scores,high,Tennessee district ACT average; All Students; highest scores in prior three years for graduates.
1600000US4721500,Doyle town,47,9700000US4704500,White County School District,100.000,census_tiger_2023_polygon_intersection,medium,candidate_spatial,ACT,average_composite,19,2024-25,258,100,official_district_average,official_state_export,tennessee_act_2024_25_scores,high,Tennessee district ACT average; All Students; highest scores in prior three years for graduates.
1600000US4750780,Mount Juliet city,47,9700000US4704550,Wilson County School District,100.000,census_tiger_2023_polygon_intersection,medium,candidate_spatial,ACT,average_composite,20.4,2024-25,1812,100,official_district_average,official_state_export,tennessee_act_2024_25_scores,high,Tennessee district ACT average; All Students; highest scores in prior three years for graduates.
1600000US4725920,Fayetteville city,47,9700000US4701200,Fayetteville City School District,100.000,census_tiger_2023_polygon_intersection,medium,candidate_spatial,ACT,average_composite,17.8,2024-25,92,100,official_district_average,official_state_export,tennessee_act_2024_25_scores,high,Tennessee district ACT average; All Students; highest scores in prior three years for graduates.
1600000US4757080,Parsons city,47,9700000US4700960,Decatur County School District,100.000,census_tiger_2023_polygon_intersection,medium,candidate_spatial,ACT,average_composite,20,2024-25,108,100,official_district_average,official_state_export,tennessee_act_2024_25_scores,high,Tennessee district ACT average; All Students; highest scores in prior three years for graduates.
1600000US4768540,Signal Mountain town,47,9700000US4701590,Hamilton County School District,100.000,census_tiger_2023_polygon_intersection,medium,candidate_spatial,ACT,average_composite,18.9,2024-25,3153,100,official_district_average,official_state_export,tennessee_act_2024_25_scores,high,Tennessee district ACT average; All Students; highest scores in prior three years for graduates.
1600000US4777540,Walden town,47,9700000US4701590,Hamilton County School District,100.000,census_tiger_2023_polygon_intersection,medium,candidate_spatial,ACT,average_composite,18.9,2024-25,3153,100,official_district_average,official_state_export,tennessee_act_2024_25_scores,high,Tennessee district ACT average; All Students; highest scores in prior three years for graduates.
1600000US4770060,South Pittsburg city,47,9700000US4703540,Richard City Special School District,43.504,census_tiger_2023_polygon_intersection,low,candidate_spatial,ACT,average_composite,17.4,2024-25,12,100,official_district_average,official_state_export,tennessee_act_2024_25_scores,high,Tennessee district ACT average; All Students; highest scores in prior three years for graduates.
1600000US4770060,South Pittsburg city,47,9700000US4702640,Marion County School District,56.496,census_tiger_2023_polygon_intersection,medium,candidate_spatial,ACT,average_composite,18.2,2024-25,280,100,official_district_average,official_state_export,tennessee_act_2024_25_scores,high,Tennessee district ACT average; All Students; highest scores in prior three years for graduates.
1600000US4780620,Whitwell city,47,9700000US4702640,Marion County School District,100.000,census_tiger_2023_polygon_intersection,medium,candidate_spatial,ACT,average_composite,18.2,2024-25,280,100,official_district_average,official_state_export,tennessee_act_2024_25_scores,high,Tennessee district ACT average; All Students; highest scores in prior three years for graduates.
1600000US4702380,Atwood town,47,9700000US4704490,West Carroll Special District,100.000,census_tiger_2023_polygon_intersection,medium,candidate_spatial,ACT,average_composite,17.8,2024-25,45,96,official_district_average,official_state_export,tennessee_act_2024_25_scores,high,Tennessee district ACT average; All Students; highest scores in prior three years for graduates.
1600000US4756560,Palmer town,47,9700000US4701530,Grundy County School District,100.000,census_tiger_2023_polygon_intersection,medium,candidate_spatial,ACT,average_composite,18.7,2024-25,101,100,official_district_average,official_state_export,tennessee_act_2024_25_scores,high,Tennessee district ACT average; All Students; highest scores in prior three years for graduates.
1600000US4722180,Dyer city,47,9700000US4701400,Gibson County School District,100.000,census_tiger_2023_polygon_intersection,medium,candidate_spatial,ACT,average_composite,21.4,2024-25,279,100,official_district_average,official_state_export,tennessee_act_2024_25_scores,high,Tennessee district ACT average; All Students; highest scores in prior three years for graduates.
1600000US4770820,Stanton town,47,9700000US4701770,Haywood County School District,100.000,census_tiger_2023_polygon_intersection,medium,candidate_spatial,ACT,average_composite,15.2,2024-25,199,99,official_district_average,official_state_export,tennessee_act_2024_25_scores,high,Tennessee district ACT average; All Students; highest scores in prior three years for graduates.
1600000US4769320,Smithville city,47,9700000US4700990,DeKalb County School District,100.000,census_tiger_2023_polygon_intersection,medium,candidate_spatial,ACT,average_composite,18.6,2024-25,167,100,official_district_average,official_state_export,tennessee_act_2024_25_scores,high,Tennessee district ACT average; All Students; highest scores in prior three years for graduates.
1600000US4753580,Normandy town,47,9700000US4700180,Bedford County School District,100.000,census_tiger_2023_polygon_intersection,medium,candidate_spatial,ACT,average_composite,17.9,2024-25,598,100,official_district_average,official_state_export,tennessee_act_2024_25_scores,high,Tennessee district ACT average; All Students; highest scores in prior three years for graduates.
1600000US4709860,Burlison town,47,9700000US4704080,Tipton County School District,100.000,census_tiger_2023_polygon_intersection,medium,candidate_spatial,ACT,average_composite,19.7,2024-25,704,99,official_district_average,official_state_export,tennessee_act_2024_25_scores,high,Tennessee district ACT average; All Students; highest scores in prior three years for graduates.
1600000US4717680,Covington city,47,9700000US4704080,Tipton County School District,100.000,census_tiger_2023_polygon_intersection,medium,candidate_spatial,ACT,average_composite,19.7,2024-25,704,99,official_district_average,official_state_export,tennessee_act_2024_25_scores,high,Tennessee district ACT average; All Students; highest scores in prior three years for graduates.
1600000US4729160,Gilt Edge city,47,9700000US4704080,Tipton County School District,100.000,census_tiger_2023_polygon_intersection,medium,candidate_spatial,ACT,average_composite,19.7,2024-25,704,99,official_district_average,official_state_export,tennessee_act_2024_25_scores,high,Tennessee district ACT average; All Students; highest scores in prior three years for graduates.
1600000US4746420,Mason town,47,9700000US4704080,Tipton County School District,100.000,census_tiger_2023_polygon_intersection,medium,candidate_spatial,ACT,average_composite,19.7,2024-25,704,99,official_district_average,official_state_export,tennessee_act_2024_25_scores,high,Tennessee district ACT average; All Students; highest scores in prior three years for graduates.
1600000US4751540,Munford city,47,9700000US4704080,Tipton County School District,100.000,census_tiger_2023_polygon_intersection,medium,candidate_spatial,ACT,average_composite,19.7,2024-25,704,99,official_district_average,official_state_export,tennessee_act_2024_25_scores,high,Tennessee district ACT average; All Students; highest scores in prior three years for graduates.
1600000US4718420,Cross Plains city,47,9700000US4703600,Robertson County School District,100.000,census_tiger_2023_polygon_intersection,medium,candidate_spatial,ACT,average_composite,18.3,2024-25,844,99,official_district_average,official_state_export,tennessee_act_2024_25_scores,high,Tennessee district ACT average; All Students; highest scores in prior three years for graduates.
1600000US4748980,Millersville city,47,9700000US4704020,Sumner County School District,83.383,census_tiger_2023_polygon_intersection,medium,candidate_spatial,ACT,average_composite,20.8,2024-25,2187,100,official_district_average,official_state_export,tennessee_act_2024_25_scores,high,Tennessee district ACT average; All Students; highest scores in prior three years for graduates.
1600000US4748980,Millersville city,47,9700000US4703600,Robertson County School District,16.617,census_tiger_2023_polygon_intersection,low,candidate_spatial,ACT,average_composite,18.3,2024-25,844,99,official_district_average,official_state_export,tennessee_act_2024_25_scores,high,Tennessee district ACT average; All Students; highest scores in prior three years for graduates.
1600000US4780200,White House city,47,9700000US4704020,Sumner County School District,39.421,census_tiger_2023_polygon_intersection,low,candidate_spatial,ACT,average_composite,20.8,2024-25,2187,100,official_district_average,official_state_export,tennessee_act_2024_25_scores,high,Tennessee district ACT average; All Students; highest scores in prior three years for graduates.
1600000US4780200,White House city,47,9700000US4703600,Robertson County School District,60.579,census_tiger_2023_polygon_intersection,medium,candidate_spatial,ACT,average_composite,18.3,2024-25,844,99,official_district_average,official_state_export,tennessee_act_2024_25_scores,high,Tennessee district ACT average; All Students; highest scores in prior three years for graduates.
1600000US4750400,Mountain City town,47,9700000US4702160,Johnson County School District,100.000,census_tiger_2023_polygon_intersection,medium,candidate_spatial,ACT,average_composite,17.8,2024-25,502,96,official_district_average,official_state_export,tennessee_act_2024_25_scores,high,Tennessee district ACT average; All Students; highest scores in prior three years for graduates.
1600000US4710180,Byrdstown town,47,9700000US4703420,Pickett County School District,100.000,census_tiger_2023_polygon_intersection,medium,candidate_spatial,ACT,average_composite,19.8,2024-25,50,100,official_district_average,official_state_export,tennessee_act_2024_25_scores,high,Tennessee district ACT average; All Students; highest scores in prior three years for graduates.
1600000US4735160,Hohenwald city,47,9700000US4702430,Lewis County School District,100.000,census_tiger_2023_polygon_intersection,medium,candidate_spatial,ACT,average_composite,17.7,2024-25,207,97,official_district_average,official_state_export,tennessee_act_2024_25_scores,high,Tennessee district ACT average; All Students; highest scores in prior three years for graduates.
1600000US4773900,Thompson's Station town,47,9700000US4704530,Williamson County School District,100.000,census_tiger_2023_polygon_intersection,medium,candidate_spatial,ACT,average_composite,25.3,2024-25,3446,100,official_district_average,official_state_export,tennessee_act_2024_25_scores,high,Tennessee district ACT average; All Students; highest scores in prior three years for graduates.
1600000US4743700,Loretto city,47,9700000US4702340,Lawrence County School District,100.000,census_tiger_2023_polygon_intersection,medium,candidate_spatial,ACT,average_composite,19.5,2024-25,440,99,official_district_average,official_state_export,tennessee_act_2024_25_scores,high,Tennessee district ACT average; All Students; highest scores in prior three years for graduates.
1600000US4766160,St. Joseph city,47,9700000US4702340,Lawrence County School District,100.000,census_tiger_2023_polygon_intersection,medium,candidate_spatial,ACT,average_composite,19.5,2024-25,440,99,official_district_average,official_state_export,tennessee_act_2024_25_scores,high,Tennessee district ACT average; All Students; highest scores in prior three years for graduates.
1600000US4724460,Ethridge town,47,9700000US4702340,Lawrence County School District,100.000,census_tiger_2023_polygon_intersection,medium,candidate_spatial,ACT,average_composite,19.5,2024-25,440,99,official_district_average,official_state_export,tennessee_act_2024_25_scores,high,Tennessee district ACT average; All Students; highest scores in prior three years for graduates.
1600000US4708960,Bruceton town,47,9700000US4701890,Hollow Rock-Bruceton Special School District,100.000,census_tiger_2023_polygon_intersection,medium,candidate_spatial,ACT,average_composite,18.5,2024-25,39,100,official_district_average,official_state_export,tennessee_act_2024_25_scores,high,Tennessee district ACT average; All Students; highest scores in prior three years for graduates.
1600000US4736460,Humboldt city,47,9700000US4702580,Jackson-Madison County School System,3.291,census_tiger_2023_polygon_intersection,low,candidate_spatial,ACT,average_composite,16.9,2024-25,843,100,official_district_average,official_state_export,tennessee_act_2024_25_scores,high,Tennessee district ACT average; All Students; highest scores in prior three years for graduates.
1600000US4736460,Humboldt city,47,9700000US4701950,Humboldt City School District,89.898,census_tiger_2023_polygon_intersection,medium,candidate_spatial,ACT,average_composite,15.4,2024-25,60,97,official_district_average,official_state_export,tennessee_act_2024_25_scores,high,Tennessee district ACT average; All Students; highest scores in prior three years for graduates.
1600000US4736460,Humboldt city,47,9700000US4701400,Gibson County School District,6.811,census_tiger_2023_polygon_intersection,low,candidate_spatial,ACT,average_composite,21.4,2024-25,279,100,official_district_average,official_state_export,tennessee_act_2024_25_scores,high,Tennessee district ACT average; All Students; highest scores in prior three years for graduates.
1600000US4747020,Medon city,47,9700000US4702580,Jackson-Madison County School System,100.000,census_tiger_2023_polygon_intersection,medium,candidate_spatial,ACT,average_composite,16.9,2024-25,843,100,official_district_average,official_state_export,tennessee_act_2024_25_scores,high,Tennessee district ACT average; All Students; highest scores in prior three years for graduates.
1600000US4744300,Luttrell town,47,9700000US4704290,Union County School District,100.000,census_tiger_2023_polygon_intersection,medium,candidate_spatial,ACT,average_composite,17.2,2024-25,160,98,official_district_average,official_state_export,tennessee_act_2024_25_scores,high,Tennessee district ACT average; All Students; highest scores in prior three years for graduates.
1600000US4746700,Maynardville city,47,9700000US4704290,Union County School District,100.000,census_tiger_2023_polygon_intersection,medium,candidate_spatial,ACT,average_composite,17.2,2024-25,160,98,official_district_average,official_state_export,tennessee_act_2024_25_scores,high,Tennessee district ACT average; All Students; highest scores in prior three years for graduates.
1600000US4762000,Red Boiling Springs city,47,9700000US4702550,Macon County School District,100.000,census_tiger_2023_polygon_intersection,medium,candidate_spatial,ACT,average_composite,18.8,2024-25,253,100,official_district_average,official_state_export,tennessee_act_2024_25_scores,high,Tennessee district ACT average; All Students; highest scores in prior three years for graduates.
1600000US4700200,Adams city,47,9700000US4703600,Robertson County School District,100.000,census_tiger_2023_polygon_intersection,medium,candidate_spatial,ACT,average_composite,18.3,2024-25,844,99,official_district_average,official_state_export,tennessee_act_2024_25_scores,high,Tennessee district ACT average; All Students; highest scores in prior three years for graduates.
1600000US4774100,Three Way city,47,9700000US4702580,Jackson-Madison County School System,100.000,census_tiger_2023_polygon_intersection,medium,candidate_spatial,ACT,average_composite,16.9,2024-25,843,100,official_district_average,official_state_export,tennessee_act_2024_25_scores,high,Tennessee district ACT average; All Students; highest scores in prior three years for graduates.
1600000US4757900,Philadelphia city,47,9700000US4702520,Loudon County School District,100.000,census_tiger_2023_polygon_intersection,medium,candidate_spatial,ACT,average_composite,19.1,2024-25,235,100,official_district_average,official_state_export,tennessee_act_2024_25_scores,high,Tennessee district ACT average; All Students; highest scores in prior three years for graduates.
1600000US4756720,Paris city,47,9700000US4701830,Henry County School District,12.595,census_tiger_2023_polygon_intersection,low,candidate_spatial,ACT,average_composite,19.7,2024-25,328,99,official_district_average,official_state_export,tennessee_act_2024_25_scores,high,Tennessee district ACT average; All Students; highest scores in prior three years for graduates.
1600000US4717340,Cottage Grove town,47,9700000US4701830,Henry County School District,100.000,census_tiger_2023_polygon_intersection,medium,candidate_spatial,ACT,average_composite,19.7,2024-25,328,99,official_district_average,official_state_export,tennessee_act_2024_25_scores,high,Tennessee district ACT average; All Students; highest scores in prior three years for graduates.
1600000US4775820,Unicoi town,47,9700000US4704230,Unicoi County School District,100.000,census_tiger_2023_polygon_intersection,medium,candidate_spatial,ACT,average_composite,18.6,2024-25,150,96,official_district_average,official_state_export,tennessee_act_2024_25_scores,high,Tennessee district ACT average; All Students; highest scores in prior three years for graduates.
1600000US4708280,Brentwood city,47,9700000US4704530,Williamson County School District,100.000,census_tiger_2023_polygon_intersection,medium,candidate_spatial,ACT,average_composite,25.3,2024-25,3446,100,official_district_average,official_state_export,tennessee_act_2024_25_scores,high,Tennessee district ACT average; All Students; highest scores in prior three years for graduates.
1600000US4725440,Fairview city,47,9700000US4704530,Williamson County School District,100.000,census_tiger_2023_polygon_intersection,medium,candidate_spatial,ACT,average_composite,25.3,2024-25,3446,100,official_district_average,official_state_export,tennessee_act_2024_25_scores,high,Tennessee district ACT average; All Students; highest scores in prior three years for graduates.
1600000US4733920,Hickory Valley town,47,9700000US4701650,Hardeman County School District,100.000,census_tiger_2023_polygon_intersection,medium,candidate_spatial,ACT,average_composite,16.4,2024-25,224,99,official_district_average,official_state_export,tennessee_act_2024_25_scores,high,Tennessee district ACT average; All Students; highest scores in prior three years for graduates.
1600000US4738320,Johnson City city,47,9700000US4704380,Washington County School District,8.958,census_tiger_2023_polygon_intersection,low,candidate_spatial,ACT,average_composite,19.4,2024-25,642,99,official_district_average,official_state_export,tennessee_act_2024_25_scores,high,Tennessee district ACT average; All Students; highest scores in prior three years for graduates.
1600000US4738320,Johnson City city,47,9700000US4700510,Carter County School District,3.325,census_tiger_2023_polygon_intersection,low,candidate_spatial,ACT,average_composite,18.4,2024-25,344,99,official_district_average,official_state_export,tennessee_act_2024_25_scores,high,Tennessee district ACT average; All Students; highest scores in prior three years for graduates.
1600000US4738320,Johnson City city,47,9700000US4702130,Johnson City School District,86.243,census_tiger_2023_polygon_intersection,medium,candidate_spatial,ACT,average_composite,20.8,2024-25,593,99,official_district_average,official_state_export,tennessee_act_2024_25_scores,high,Tennessee district ACT average; All Students; highest scores in prior three years for graduates.
1600000US4738320,Johnson City city,47,9700000US4703990,Sullivan County School District,1.474,census_tiger_2023_polygon_intersection,low,candidate_spatial,ACT,average_composite,18.7,2024-25,591,99,official_district_average,official_state_export,tennessee_act_2024_25_scores,high,Tennessee district ACT average; All Students; highest scores in prior three years for graduates.
1600000US4706960,Bluff City city,47,9700000US4703990,Sullivan County School District,100.000,census_tiger_2023_polygon_intersection,medium,candidate_spatial,ACT,average_composite,18.7,2024-25,591,99,official_district_average,official_state_export,tennessee_act_2024_25_scores,high,Tennessee district ACT average; All Students; highest scores in prior three years for graduates.
1600000US4717840,Crab Orchard city,47,9700000US4700900,Cumberland County School District,100.000,census_tiger_2023_polygon_intersection,medium,candidate_spatial,ACT,average_composite,19.3,2024-25,441,100,official_district_average,official_state_export,tennessee_act_2024_25_scores,high,Tennessee district ACT average; All Students; highest scores in prior three years for graduates.
1600000US4759240,Pleasant Hill town,47,9700000US4700900,Cumberland County School District,100.000,census_tiger_2023_polygon_intersection,medium,candidate_spatial,ACT,average_composite,19.3,2024-25,441,100,official_district_average,official_state_export,tennessee_act_2024_25_scores,high,Tennessee district ACT average; All Students; highest scores in prior three years for graduates.
1600000US4736080,Hornsby town,47,9700000US4701650,Hardeman County School District,100.000,census_tiger_2023_polygon_intersection,medium,candidate_spatial,ACT,average_composite,16.4,2024-25,224,99,official_district_average,official_state_export,tennessee_act_2024_25_scores,high,Tennessee district ACT average; All Students; highest scores in prior three years for graduates.
1600000US4780540,Whiteville town,47,9700000US4701650,Hardeman County School District,100.000,census_tiger_2023_polygon_intersection,medium,candidate_spatial,ACT,average_composite,16.4,2024-25,224,99,official_district_average,official_state_export,tennessee_act_2024_25_scores,high,Tennessee district ACT average; All Students; highest scores in prior three years for graduates.
1600000US4744840,McEwen city,47,9700000US4701980,Humphreys County School District,100.000,census_tiger_2023_polygon_intersection,medium,candidate_spatial,ACT,average_composite,19.1,2024-25,145,100,official_district_average,official_state_export,tennessee_act_2024_25_scores,high,Tennessee district ACT average; All Students; highest scores in prior three years for graduates.
1600000US4704620,Belle Meade city,47,9700000US4703180,Metropolitan Nashville Public School District,100.000,census_tiger_2023_polygon_intersection,medium,candidate_spatial,ACT,average_composite,17.5,2024-25,5196,99,official_district_average,official_state_export,tennessee_act_2024_25_scores,high,Tennessee district ACT average; All Students; highest scores in prior three years for graduates.
1600000US4727020,Forest Hills city,47,9700000US4703180,Metropolitan Nashville Public School District,100.000,census_tiger_2023_polygon_intersection,medium,candidate_spatial,ACT,average_composite,17.5,2024-25,5196,99,official_district_average,official_state_export,tennessee_act_2024_25_scores,high,Tennessee district ACT average; All Students; highest scores in prior three years for graduates.
1600000US4754780,Oak Hill city,47,9700000US4703180,Metropolitan Nashville Public School District,100.000,census_tiger_2023_polygon_intersection,medium,candidate_spatial,ACT,average_composite,17.5,2024-25,5196,99,official_district_average,official_state_export,tennessee_act_2024_25_scores,high,Tennessee district ACT average; All Students; highest scores in prior three years for graduates.
1600000US4732640,Harrogate city,47,9700000US4700630,Claiborne County School District,100.000,census_tiger_2023_polygon_intersection,medium,candidate_spatial,ACT,average_composite,18.3,2024-25,244,100,official_district_average,official_state_export,tennessee_act_2024_25_scores,high,Tennessee district ACT average; All Students; highest scores in prior three years for graduates.
1600000US4753140,New Tazewell town,47,9700000US4700630,Claiborne County School District,100.000,census_tiger_2023_polygon_intersection,medium,candidate_spatial,ACT,average_composite,18.3,2024-25,244,100,official_district_average,official_state_export,tennessee_act_2024_25_scores,high,Tennessee district ACT average; All Students; highest scores in prior three years for graduates.
1600000US4773120,Tazewell town,47,9700000US4700630,Claiborne County School District,100.000,census_tiger_2023_polygon_intersection,medium,candidate_spatial,ACT,average_composite,18.3,2024-25,244,100,official_district_average,official_state_export,tennessee_act_2024_25_scores,high,Tennessee district ACT average; All Students; highest scores in prior three years for graduates.
1600000US4740160,Lafayette city,47,9700000US4702550,Macon County School District,100.000,census_tiger_2023_polygon_intersection,medium,candidate_spatial,ACT,average_composite,18.8,2024-25,253,100,official_district_average,official_state_export,tennessee_act_2024_25_scores,high,Tennessee district ACT average; All Students; highest scores in prior three years for graduates.
1600000US4761160,Puryear city,47,9700000US4701830,Henry County School District,100.000,census_tiger_2023_polygon_intersection,medium,candidate_spatial,ACT,average_composite,19.7,2024-25,328,99,official_district_average,official_state_export,tennessee_act_2024_25_scores,high,Tennessee district ACT average; All Students; highest scores in prior three years for graduates.
1600000US4750280,Morristown city,47,9700000US4702100,Jefferson County School District,1.428,census_tiger_2023_polygon_intersection,low,candidate_spatial,ACT,average_composite,18.7,2024-25,491,99,official_district_average,official_state_export,tennessee_act_2024_25_scores,high,Tennessee district ACT average; All Students; highest scores in prior three years for graduates.
1600000US4750280,Morristown city,47,9700000US4700001,Hamblen County School District,98.572,census_tiger_2023_polygon_intersection,medium,candidate_spatial,ACT,average_composite,18,2024-25,675,100,official_district_average,official_state_export,tennessee_act_2024_25_scores,high,Tennessee district ACT average; All Students; highest scores in prior three years for graduates.
1600000US4715480,Clifton city,47,9700000US4704440,Wayne County School District,100.000,census_tiger_2023_polygon_intersection,medium,candidate_spatial,ACT,average_composite,18.2,2024-25,138,100,official_district_average,official_state_export,tennessee_act_2024_25_scores,high,Tennessee district ACT average; All Students; highest scores in prior three years for graduates.
1600000US4778600,Waynesboro city,47,9700000US4704440,Wayne County School District,100.000,census_tiger_2023_polygon_intersection,medium,candidate_spatial,ACT,average_composite,18.2,2024-25,138,100,official_district_average,official_state_export,tennessee_act_2024_25_scores,high,Tennessee district ACT average; All Students; highest scores in prior three years for graduates.
1600000US4706340,Blaine city,47,9700000US4701440,Grainger County School District,100.000,census_tiger_2023_polygon_intersection,medium,candidate_spatial,ACT,average_composite,17.5,2024-25,227,99,official_district_average,official_state_export,tennessee_act_2024_25_scores,high,Tennessee district ACT average; All Students; highest scores in prior three years for graduates.
1600000US4752820,New Johnsonville city,47,9700000US4701980,Humphreys County School District,100.000,census_tiger_2023_polygon_intersection,medium,candidate_spatial,ACT,average_composite,19.1,2024-25,145,100,official_district_average,official_state_export,tennessee_act_2024_25_scores,high,Tennessee district ACT average; All Students; highest scores in prior three years for graduates.
1600000US4733400,Henry town,47,9700000US4701830,Henry County School District,100.000,census_tiger_2023_polygon_intersection,medium,candidate_spatial,ACT,average_composite,19.7,2024-25,328,99,official_district_average,official_state_export,tennessee_act_2024_25_scores,high,Tennessee district ACT average; All Students; highest scores in prior three years for graduates.
1600000US4765820,Rutledge town,47,9700000US4701440,Grainger County School District,100.000,census_tiger_2023_polygon_intersection,medium,candidate_spatial,ACT,average_composite,17.5,2024-25,227,99,official_district_average,official_state_export,tennessee_act_2024_25_scores,high,Tennessee district ACT average; All Students; highest scores in prior three years for graduates.
1600000US4739620,Kingston city,47,9700000US4703590,Roane County School District,100.000,census_tiger_2023_polygon_intersection,medium,candidate_spatial,ACT,average_composite,19.3,2024-25,451,100,official_district_average,official_state_export,tennessee_act_2024_25_scores,high,Tennessee district ACT average; All Students; highest scores in prior three years for graduates.
1600000US4717700,Cowan city,47,9700000US4701290,Franklin County School District,100.000,census_tiger_2023_polygon_intersection,medium,candidate_spatial,ACT,average_composite,18.1,2024-25,305,100,official_district_average,official_state_export,tennessee_act_2024_25_scores,high,Tennessee district ACT average; All Students; highest scores in prior three years for graduates.
1600000US4736600,Huntland town,47,9700000US4701290,Franklin County School District,100.000,census_tiger_2023_polygon_intersection,medium,candidate_spatial,ACT,average_composite,18.1,2024-25,305,100,official_district_average,official_state_export,tennessee_act_2024_25_scores,high,Tennessee district ACT average; All Students; highest scores in prior three years for graduates.
1600000US4781080,Winchester city,47,9700000US4701290,Franklin County School District,100.000,census_tiger_2023_polygon_intersection,medium,candidate_spatial,ACT,average_composite,18.1,2024-25,305,100,official_district_average,official_state_export,tennessee_act_2024_25_scores,high,Tennessee district ACT average; All Students; highest scores in prior three years for graduates.
1600000US4737780,Jamestown city,47,9700000US4701230,Fentress County School District,100.000,census_tiger_2023_polygon_intersection,medium,candidate_spatial,ACT,average_composite,18.4,2024-25,59,97,official_district_average,official_state_export,tennessee_act_2024_25_scores,high,Tennessee district ACT average; All Students; highest scores in prior three years for graduates.
1600000US4775160,Trimble town,47,9700000US4701050,Dyer County School District,89.205,census_tiger_2023_polygon_intersection,medium,candidate_spatial,ACT,average_composite,21.5,2024-25,246,100,official_district_average,official_state_export,tennessee_act_2024_25_scores,high,Tennessee district ACT average; All Students; highest scores in prior three years for graduates.
1600000US4775160,Trimble town,47,9700000US4703270,Obion County School District,10.795,census_tiger_2023_polygon_intersection,low,candidate_spatial,ACT,average_composite,19.2,2024-25,190,99,official_district_average,official_state_export,tennessee_act_2024_25_scores,high,Tennessee district ACT average; All Students; highest scores in prior three years for graduates.
1600000US4721420,Dowelltown town,47,9700000US4700990,DeKalb County School District,100.000,census_tiger_2023_polygon_intersection,medium,candidate_spatial,ACT,average_composite,18.6,2024-25,167,100,official_district_average,official_state_export,tennessee_act_2024_25_scores,high,Tennessee district ACT average; All Students; highest scores in prior three years for graduates.
1600000US4775940,Union City city,47,9700000US4703270,Obion County School District,5.456,census_tiger_2023_polygon_intersection,low,candidate_spatial,ACT,average_composite,19.2,2024-25,190,99,official_district_average,official_state_export,tennessee_act_2024_25_scores,high,Tennessee district ACT average; All Students; highest scores in prior three years for graduates.
1600000US4775940,Union City city,47,9700000US4704260,Union City School District,94.544,census_tiger_2023_polygon_intersection,medium,candidate_spatial,ACT,average_composite,21.5,2024-25,84,100,official_district_average,official_state_export,tennessee_act_2024_25_scores,high,Tennessee district ACT average; All Students; highest scores in prior three years for graduates.
1600000US4701740,Arlington town,47,9700000US4700152,Arlington Community School District,99.574,census_tiger_2023_polygon_intersection,medium,candidate_spatial,ACT,average_composite,22.7,2024-25,511,100,official_district_average,official_state_export,tennessee_act_2024_25_scores,high,Tennessee district ACT average; All Students; highest scores in prior three years for graduates.
1600000US4728420,Gainesboro town,47,9700000US4702070,Jackson County School District,100.000,census_tiger_2023_polygon_intersection,medium,candidate_spatial,ACT,average_composite,19.3,2024-25,80,100,official_district_average,official_state_export,tennessee_act_2024_25_scores,high,Tennessee district ACT average; All Students; highest scores in prior three years for graduates.
1600000US4711360,Caryville town,47,9700000US4700420,Campbell County School District,100.000,census_tiger_2023_polygon_intersection,medium,candidate_spatial,ACT,average_composite,17.2,2024-25,321,98,official_district_average,official_state_export,tennessee_act_2024_25_scores,high,Tennessee district ACT average; All Students; highest scores in prior three years for graduates.
1600000US4740180,La Follette city,47,9700000US4700420,Campbell County School District,100.000,census_tiger_2023_polygon_intersection,medium,candidate_spatial,ACT,average_composite,17.2,2024-25,321,98,official_district_average,official_state_export,tennessee_act_2024_25_scores,high,Tennessee district ACT average; All Students; highest scores in prior three years for graduates.
1600000US4702340,Atoka town,47,9700000US4704080,Tipton County School District,100.000,census_tiger_2023_polygon_intersection,medium,candidate_spatial,ACT,average_composite,19.7,2024-25,704,99,official_district_average,official_state_export,tennessee_act_2024_25_scores,high,Tennessee district ACT average; All Students; highest scores in prior three years for graduates.
1600000US4728560,Gallaway city,47,9700000US4701170,Fayette County School District,100.000,census_tiger_2023_polygon_intersection,medium,candidate_spatial,ACT,average_composite,16.1,2024-25,187,100,official_district_average,official_state_export,tennessee_act_2024_25_scores,high,Tennessee district ACT average; All Students; highest scores in prior three years for graduates.
1600000US4716540,Columbia city,47,9700000US4702760,Maury County School District,100.000,census_tiger_2023_polygon_intersection,medium,candidate_spatial,ACT,average_composite,18,2024-25,840,99,official_district_average,official_state_export,tennessee_act_2024_25_scores,high,Tennessee district ACT average; All Students; highest scores in prior three years for graduates.
1600000US4751080,Mount Pleasant city,47,9700000US4702760,Maury County School District,100.000,census_tiger_2023_polygon_intersection,medium,candidate_spatial,ACT,average_composite,18,2024-25,840,99,official_district_average,official_state_export,tennessee_act_2024_25_scores,high,Tennessee district ACT average; All Students; highest scores in prior three years for graduates.
1600000US4724320,Erin city,47,9700000US4701920,Houston County School District,100.000,census_tiger_2023_polygon_intersection,medium,candidate_spatial,ACT,average_composite,18.9,2024-25,81,99,official_district_average,official_state_export,tennessee_act_2024_25_scores,high,Tennessee district ACT average; All Students; highest scores in prior three years for graduates.
1600000US4770500,Springfield city,47,9700000US4703600,Robertson County School District,100.000,census_tiger_2023_polygon_intersection,medium,candidate_spatial,ACT,average_composite,18.3,2024-25,844,99,official_district_average,official_state_export,tennessee_act_2024_25_scores,high,Tennessee district ACT average; All Students; highest scores in prior three years for graduates.
1600000US4744940,McKenzie city,47,9700000US4702790,McKenzie Special School District,88.595,census_tiger_2023_polygon_intersection,medium,candidate_spatial,ACT,average_composite,19.4,2024-25,81,100,official_district_average,official_state_export,tennessee_act_2024_25_scores,high,Tennessee district ACT average; All Students; highest scores in prior three years for graduates.
1600000US4744940,McKenzie city,47,9700000US4704470,Weakley County School District,2.712,census_tiger_2023_polygon_intersection,low,candidate_spatial,ACT,average_composite,19.6,2024-25,244,98,official_district_average,official_state_export,tennessee_act_2024_25_scores,high,Tennessee district ACT average; All Students; highest scores in prior three years for graduates.
1600000US4744940,McKenzie city,47,9700000US4701830,Henry County School District,8.693,census_tiger_2023_polygon_intersection,low,candidate_spatial,ACT,average_composite,19.7,2024-25,328,99,official_district_average,official_state_export,tennessee_act_2024_25_scores,high,Tennessee district ACT average; All Students; highest scores in prior three years for graduates.
1600000US4781560,Woodbury town,47,9700000US4700450,Cannon County School District,100.000,census_tiger_2023_polygon_intersection,medium,candidate_spatial,ACT,average_composite,17.8,2024-25,124,99,official_district_average,official_state_export,tennessee_act_2024_25_scores,high,Tennessee district ACT average; All Students; highest scores in prior three years for graduates.
1600000US4705380,Bethel Springs town,47,9700000US4702880,McNairy County School District,100.000,census_tiger_2023_polygon_intersection,medium,candidate_spatial,ACT,average_composite,19,2024-25,275,100,official_district_average,official_state_export,tennessee_act_2024_25_scores,high,Tennessee district ACT average; All Students; highest scores in prior three years for graduates.
1600000US4705040,Benton town,47,9700000US4703450,Polk County School District,100.000,census_tiger_2023_polygon_intersection,medium,candidate_spatial,ACT,average_composite,18.4,2024-25,145,99,official_district_average,official_state_export,tennessee_act_2024_25_scores,high,Tennessee district ACT average; All Students; highest scores in prior three years for graduates.
1600000US4704460,Bell Buckle town,47,9700000US4700180,Bedford County School District,100.000,census_tiger_2023_polygon_intersection,medium,candidate_spatial,ACT,average_composite,17.9,2024-25,598,100,official_district_average,official_state_export,tennessee_act_2024_25_scores,high,Tennessee district ACT average; All Students; highest scores in prior three years for graduates.
1600000US4778120,Wartrace town,47,9700000US4700180,Bedford County School District,100.000,census_tiger_2023_polygon_intersection,medium,candidate_spatial,ACT,average_composite,17.9,2024-25,598,100,official_district_average,official_state_export,tennessee_act_2024_25_scores,high,Tennessee district ACT average; All Students; highest scores in prior three years for graduates.
1600000US4717000,Copperhill city,47,9700000US4703450,Polk County School District,100.000,census_tiger_2023_polygon_intersection,medium,candidate_spatial,ACT,average_composite,18.4,2024-25,145,99,official_district_average,official_state_export,tennessee_act_2024_25_scores,high,Tennessee district ACT average; All Students; highest scores in prior three years for graduates.
1600000US4759020,Plainview city,47,9700000US4704290,Union County School District,100.000,census_tiger_2023_polygon_intersection,medium,candidate_spatial,ACT,average_composite,17.2,2024-25,160,98,official_district_average,official_state_export,tennessee_act_2024_25_scores,high,Tennessee district ACT average; All Students; highest scores in prior three years for graduates.
1600000US4769420,Smyrna town,47,9700000US4703690,Rutherford County School District,99.974,census_tiger_2023_polygon_intersection,medium,candidate_spatial,ACT,average_composite,19.8,2024-25,4509,99,official_district_average,official_state_export,tennessee_act_2024_25_scores,high,Tennessee district ACT average; All Students; highest scores in prior three years for graduates.
1600000US4769420,Smyrna town,47,9700000US4704530,Williamson County School District,0.026,census_tiger_2023_polygon_intersection,low,candidate_spatial,ACT,average_composite,25.3,2024-25,3446,100,official_district_average,official_state_export,tennessee_act_2024_25_scores,high,Tennessee district ACT average; All Students; highest scores in prior three years for graduates.
1600000US4711980,Cedar Hill city,47,9700000US4703600,Robertson County School District,100.000,census_tiger_2023_polygon_intersection,medium,candidate_spatial,ACT,average_composite,18.3,2024-25,844,99,official_district_average,official_state_export,tennessee_act_2024_25_scores,high,Tennessee district ACT average; All Students; highest scores in prior three years for graduates.
1600000US4730960,Greenbrier town,47,9700000US4703600,Robertson County School District,100.000,census_tiger_2023_polygon_intersection,medium,candidate_spatial,ACT,average_composite,18.3,2024-25,844,99,official_district_average,official_state_export,tennessee_act_2024_25_scores,high,Tennessee district ACT average; All Students; highest scores in prior three years for graduates.
1600000US4756020,Orlinda city,47,9700000US4703600,Robertson County School District,100.000,census_tiger_2023_polygon_intersection,medium,candidate_spatial,ACT,average_composite,18.3,2024-25,844,99,official_district_average,official_state_export,tennessee_act_2024_25_scores,high,Tennessee district ACT average; All Students; highest scores in prior three years for graduates.
1600000US4716980,Coopertown town,47,9700000US4703600,Robertson County School District,100.000,census_tiger_2023_polygon_intersection,medium,candidate_spatial,ACT,average_composite,18.3,2024-25,844,99,official_district_average,official_state_export,tennessee_act_2024_25_scores,high,Tennessee district ACT average; All Students; highest scores in prior three years for graduates.
1600000US4722920,Eastview town,47,9700000US4702880,McNairy County School District,100.000,census_tiger_2023_polygon_intersection,medium,candidate_spatial,ACT,average_composite,19,2024-25,275,100,official_district_average,official_state_export,tennessee_act_2024_25_scores,high,Tennessee district ACT average; All Students; highest scores in prior three years for graduates.
1600000US4726160,Finger city,47,9700000US4702880,McNairy County School District,100.000,census_tiger_2023_polygon_intersection,medium,candidate_spatial,ACT,average_composite,19,2024-25,275,100,official_district_average,official_state_export,tennessee_act_2024_25_scores,high,Tennessee district ACT average; All Students; highest scores in prior three years for graduates.
1600000US4731680,Guys town,47,9700000US4702880,McNairy County School District,100.000,census_tiger_2023_polygon_intersection,medium,candidate_spatial,ACT,average_composite,19,2024-25,275,100,official_district_average,official_state_export,tennessee_act_2024_25_scores,high,Tennessee district ACT average; All Students; highest scores in prior three years for graduates.
1600000US4748180,Michie town,47,9700000US4702880,McNairy County School District,100.000,census_tiger_2023_polygon_intersection,medium,candidate_spatial,ACT,average_composite,19,2024-25,275,100,official_district_average,official_state_export,tennessee_act_2024_25_scores,high,Tennessee district ACT average; All Students; highest scores in prior three years for graduates.
1600000US4770840,Stantonville town,47,9700000US4702880,McNairy County School District,100.000,census_tiger_2023_polygon_intersection,medium,candidate_spatial,ACT,average_composite,19,2024-25,275,100,official_district_average,official_state_export,tennessee_act_2024_25_scores,high,Tennessee district ACT average; All Students; highest scores in prior three years for graduates.
1600000US4703078,Baneberry city,47,9700000US4702100,Jefferson County School District,100.000,census_tiger_2023_polygon_intersection,medium,candidate_spatial,ACT,average_composite,18.7,2024-25,491,99,official_district_average,official_state_export,tennessee_act_2024_25_scores,high,Tennessee district ACT average; All Students; highest scores in prior three years for graduates.
1600000US4752940,New Market town,47,9700000US4702100,Jefferson County School District,100.000,census_tiger_2023_polygon_intersection,medium,candidate_spatial,ACT,average_composite,18.7,2024-25,491,99,official_district_average,official_state_export,tennessee_act_2024_25_scores,high,Tennessee district ACT average; All Students; highest scores in prior three years for graduates.
1600000US4721740,Ducktown city,47,9700000US4703450,Polk County School District,100.000,census_tiger_2023_polygon_intersection,medium,candidate_spatial,ACT,average_composite,18.4,2024-25,145,99,official_district_average,official_state_export,tennessee_act_2024_25_scores,high,Tennessee district ACT average; All Students; highest scores in prior three years for graduates.
1600000US4770580,Spring Hill city,47,9700000US4702760,Maury County School District,64.343,census_tiger_2023_polygon_intersection,medium,candidate_spatial,ACT,average_composite,18,2024-25,840,99,official_district_average,official_state_export,tennessee_act_2024_25_scores,high,Tennessee district ACT average; All Students; highest scores in prior three years for graduates.
1600000US4770580,Spring Hill city,47,9700000US4704530,Williamson County School District,35.657,census_tiger_2023_polygon_intersection,low,candidate_spatial,ACT,average_composite,25.3,2024-25,3446,100,official_district_average,official_state_export,tennessee_act_2024_25_scores,high,Tennessee district ACT average; All Students; highest scores in prior three years for graduates.
1600000US4705860,Big Sandy town,47,9700000US4700240,Benton County School District,100.000,census_tiger_2023_polygon_intersection,medium,candidate_spatial,ACT,average_composite,18.7,2024-25,150,100,official_district_average,official_state_export,tennessee_act_2024_25_scores,high,Tennessee district ACT average; All Students; highest scores in prior three years for graduates.
1600000US4730120,Gordonsville town,47,9700000US4703870,Smith County School District,100.000,census_tiger_2023_polygon_intersection,medium,candidate_spatial,ACT,average_composite,19.6,2024-25,189,99,official_district_average,official_state_export,tennessee_act_2024_25_scores,high,Tennessee district ACT average; All Students; highest scores in prior three years for graduates.
1600000US4769680,South Carthage town,47,9700000US4703870,Smith County School District,100.000,census_tiger_2023_polygon_intersection,medium,candidate_spatial,ACT,average_composite,19.6,2024-25,189,99,official_district_average,official_state_export,tennessee_act_2024_25_scores,high,Tennessee district ACT average; All Students; highest scores in prior three years for graduates.
1600000US4702780,Baileyton town,47,9700000US4701470,Greene County School District,100.000,census_tiger_2023_polygon_intersection,medium,candidate_spatial,ACT,average_composite,18.5,2024-25,410,100,official_district_average,official_state_export,tennessee_act_2024_25_scores,high,Tennessee district ACT average; All Students; highest scores in prior three years for graduates.
1600000US4775560,Tusculum city,47,9700000US4701470,Greene County School District,99.630,census_tiger_2023_polygon_intersection,medium,candidate_spatial,ACT,average_composite,18.5,2024-25,410,100,official_district_average,official_state_export,tennessee_act_2024_25_scores,high,Tennessee district ACT average; All Students; highest scores in prior three years for graduates.
1600000US4775560,Tusculum city,47,9700000US4701500,Greeneville City School District,0.370,census_tiger_2023_polygon_intersection,low,candidate_spatial,ACT,average_composite,20.3,2024-25,225,99,official_district_average,official_state_export,tennessee_act_2024_25_scores,high,Tennessee district ACT average; All Students; highest scores in prior three years for graduates.
1600000US4750320,Mosheim town,47,9700000US4701470,Greene County School District,99.938,census_tiger_2023_polygon_intersection,medium,candidate_spatial,ACT,average_composite,18.5,2024-25,410,100,official_district_average,official_state_export,tennessee_act_2024_25_scores,high,Tennessee district ACT average; All Students; highest scores in prior three years for graduates.
1600000US4750320,Mosheim town,47,9700000US4701500,Greeneville City School District,0.062,census_tiger_2023_polygon_intersection,low,candidate_spatial,ACT,average_composite,20.3,2024-25,225,99,official_district_average,official_state_export,tennessee_act_2024_25_scores,high,Tennessee district ACT average; All Students; highest scores in prior three years for graduates.
1600000US4769460,Sneedville town,47,9700000US4701620,Hancock County School District,100.000,census_tiger_2023_polygon_intersection,medium,candidate_spatial,ACT,average_composite,16.7,2024-25,63,100,official_district_average,official_state_export,tennessee_act_2024_25_scores,high,Tennessee district ACT average; All Students; highest scores in prior three years for graduates.
1600000US4710440,Calhoun town,47,9700000US4702820,McMinn County School District,100.000,census_tiger_2023_polygon_intersection,medium,candidate_spatial,ACT,average_composite,19,2024-25,408,99,official_district_average,official_state_export,tennessee_act_2024_25_scores,high,Tennessee district ACT average; All Students; highest scores in prior three years for graduates.
1600000US4747000,Medina city,47,9700000US4701400,Gibson County School District,100.000,census_tiger_2023_polygon_intersection,medium,candidate_spatial,ACT,average_composite,21.4,2024-25,279,100,official_district_average,official_state_export,tennessee_act_2024_25_scores,high,Tennessee district ACT average; All Students; highest scores in prior three years for graduates.
1600000US4748660,Milan city,47,9700000US4702970,Milan Special School District,100.000,census_tiger_2023_polygon_intersection,medium,candidate_spatial,ACT,average_composite,19.8,2024-25,138,100,official_district_average,official_state_export,tennessee_act_2024_25_scores,high,Tennessee district ACT average; All Students; highest scores in prior three years for graduates.
1600000US4765760,Rutherford town,47,9700000US4701400,Gibson County School District,100.000,census_tiger_2023_polygon_intersection,medium,candidate_spatial,ACT,average_composite,21.4,2024-25,279,100,official_district_average,official_state_export,tennessee_act_2024_25_scores,high,Tennessee district ACT average; All Students; highest scores in prior three years for graduates.
1600000US4775000,Trenton city,47,9700000US4704100,Trenton Special School District,100.000,census_tiger_2023_polygon_intersection,medium,candidate_spatial,ACT,average_composite,18.3,2024-25,114,100,official_district_average,official_state_export,tennessee_act_2024_25_scores,high,Tennessee district ACT average; All Students; highest scores in prior three years for graduates.
1600000US4782360,Yorkville city,47,9700000US4701400,Gibson County School District,100.000,census_tiger_2023_polygon_intersection,medium,candidate_spatial,ACT,average_composite,21.4,2024-25,279,100,official_district_average,official_state_export,tennessee_act_2024_25_scores,high,Tennessee district ACT average; All Students; highest scores in prior three years for graduates.
1600000US4714000,Chattanooga city,47,9700000US4701590,Hamilton County School District,100.000,census_tiger_2023_polygon_intersection,medium,candidate_spatial,ACT,average_composite,18.9,2024-25,3153,100,official_district_average,official_state_export,tennessee_act_2024_25_scores,high,Tennessee district ACT average; All Students; highest scores in prior three years for graduates.
1600000US4716300,Collegedale city,47,9700000US4701590,Hamilton County School District,100.000,census_tiger_2023_polygon_intersection,medium,candidate_spatial,ACT,average_composite,18.9,2024-25,3153,100,official_district_average,official_state_export,tennessee_act_2024_25_scores,high,Tennessee district ACT average; All Students; highest scores in prior three years for graduates.
1600000US4769560,Soddy-Daisy city,47,9700000US4701590,Hamilton County School District,100.000,census_tiger_2023_polygon_intersection,medium,candidate_spatial,ACT,average_composite,18.9,2024-25,3153,100,official_district_average,official_state_export,tennessee_act_2024_25_scores,high,Tennessee district ACT average; All Students; highest scores in prior three years for graduates.
1600000US4743640,Lookout Mountain town,47,9700000US4701590,Hamilton County School District,100.000,census_tiger_2023_polygon_intersection,medium,candidate_spatial,ACT,average_composite,18.9,2024-25,3153,100,official_district_average,official_state_export,tennessee_act_2024_25_scores,high,Tennessee district ACT average; All Students; highest scores in prior three years for graduates.
1600000US4728380,Gadsden town,47,9700000US4700850,Crockett County School District,100.000,census_tiger_2023_polygon_intersection,medium,candidate_spatial,ACT,average_composite,19.3,2024-25,212,100,official_district_average,official_state_export,tennessee_act_2024_25_scores,high,Tennessee district ACT average; All Students; highest scores in prior three years for graduates.
1600000US4724040,Englewood town,47,9700000US4702820,McMinn County School District,100.000,census_tiger_2023_polygon_intersection,medium,candidate_spatial,ACT,average_composite,19,2024-25,408,99,official_district_average,official_state_export,tennessee_act_2024_25_scores,high,Tennessee district ACT average; All Students; highest scores in prior three years for graduates.
1600000US4741340,Lawrenceburg city,47,9700000US4702340,Lawrence County School District,100.000,census_tiger_2023_polygon_intersection,medium,candidate_spatial,ACT,average_composite,19.5,2024-25,440,99,official_district_average,official_state_export,tennessee_act_2024_25_scores,high,Tennessee district ACT average; All Students; highest scores in prior three years for graduates.
1600000US4757040,Parrottsville town,47,9700000US4700750,Cocke County School District,100.000,census_tiger_2023_polygon_intersection,medium,candidate_spatial,ACT,average_composite,17.3,2024-25,377,100,official_district_average,official_state_export,tennessee_act_2024_25_scores,high,Tennessee district ACT average; All Students; highest scores in prior three years for graduates.
1600000US4774540,Tiptonville town,47,9700000US4702280,Lake County School District,100.000,census_tiger_2023_polygon_intersection,medium,candidate_spatial,ACT,average_composite,17.1,2024-25,40,95,official_district_average,official_state_export,tennessee_act_2024_25_scores,high,Tennessee district ACT average; All Students; highest scores in prior three years for graduates.
1600000US4713020,Charleston city,47,9700000US4700330,Bradley County School District,100.000,census_tiger_2023_polygon_intersection,medium,candidate_spatial,ACT,average_composite,19.2,2024-25,783,100,official_district_average,official_state_export,tennessee_act_2024_25_scores,high,Tennessee district ACT average; All Students; highest scores in prior three years for graduates.
1600000US4712420,Centerville town,47,9700000US4701860,Hickman County School District,100.000,census_tiger_2023_polygon_intersection,medium,candidate_spatial,ACT,average_composite,18.5,2024-25,183,98,official_district_average,official_state_export,tennessee_act_2024_25_scores,high,Tennessee district ACT average; All Students; highest scores in prior three years for graduates.
1600000US4718880,Cumberland Gap town,47,9700000US4700630,Claiborne County School District,100.000,census_tiger_2023_polygon_intersection,medium,candidate_spatial,ACT,average_composite,18.3,2024-25,244,100,official_district_average,official_state_export,tennessee_act_2024_25_scores,high,Tennessee district ACT average; All Students; highest scores in prior three years for graduates.
1600000US4772540,Sweetwater city,47,9700000US4702820,McMinn County School District,1.355,census_tiger_2023_polygon_intersection,low,candidate_spatial,ACT,average_composite,19,2024-25,408,99,official_district_average,official_state_export,tennessee_act_2024_25_scores,high,Tennessee district ACT average; All Students; highest scores in prior three years for graduates.
1600000US4764440,Rockwood city,47,9700000US4703590,Roane County School District,100.000,census_tiger_2023_polygon_intersection,medium,candidate_spatial,ACT,average_composite,19.3,2024-25,451,100,official_district_average,official_state_export,tennessee_act_2024_25_scores,high,Tennessee district ACT average; All Students; highest scores in prior three years for graduates.
1600000US4775320,Tullahoma city,47,9700000US4704200,Tullahoma City School District,100.000,census_tiger_2023_polygon_intersection,medium,candidate_spatial,ACT,average_composite,19.9,2024-25,270,100,official_district_average,official_state_export,tennessee_act_2024_25_scores,high,Tennessee district ACT average; All Students; highest scores in prior three years for graduates.
1600000US4717180,Cornersville town,47,9700000US4702670,Marshall County School District,100.000,census_tiger_2023_polygon_intersection,medium,candidate_spatial,ACT,average_composite,19.1,2024-25,347,100,official_district_average,official_state_export,tennessee_act_2024_25_scores,high,Tennessee district ACT average; All Students; highest scores in prior three years for graduates.
1600000US4715400,Cleveland city,47,9700000US4700690,Cleveland City School District,100.000,census_tiger_2023_polygon_intersection,medium,candidate_spatial,ACT,average_composite,18.4,2024-25,424,99,official_district_average,official_state_export,tennessee_act_2024_25_scores,high,Tennessee district ACT average; All Students; highest scores in prior three years for graduates.
1600000US4724360,Erwin town,47,9700000US4704230,Unicoi County School District,100.000,census_tiger_2023_polygon_intersection,medium,candidate_spatial,ACT,average_composite,18.6,2024-25,150,96,official_district_average,official_state_export,tennessee_act_2024_25_scores,high,Tennessee district ACT average; All Students; highest scores in prior three years for graduates.
1600000US4737820,Jasper town,47,9700000US4702640,Marion County School District,100.000,census_tiger_2023_polygon_intersection,medium,candidate_spatial,ACT,average_composite,18.2,2024-25,280,100,official_district_average,official_state_export,tennessee_act_2024_25_scores,high,Tennessee district ACT average; All Students; highest scores in prior three years for graduates.
1600000US4739400,Kimball town,47,9700000US4702640,Marion County School District,100.000,census_tiger_2023_polygon_intersection,medium,candidate_spatial,ACT,average_composite,18.2,2024-25,280,100,official_district_average,official_state_export,tennessee_act_2024_25_scores,high,Tennessee district ACT average; All Students; highest scores in prior three years for graduates.
1600000US4715160,Clarksville city,47,9700000US4703030,Clarksville-Montgomery County School System,94.209,census_tiger_2023_polygon_intersection,medium,candidate_spatial,ACT,average_composite,19.3,2024-25,2556,95,official_district_average,official_state_export,tennessee_act_2024_25_scores,high,Tennessee district ACT average; All Students; highest scores in prior three years for graduates.
1600000US4722200,Dyersburg city,47,9700000US4701080,Dyersburg City School District,93.673,census_tiger_2023_polygon_intersection,medium,candidate_spatial,ACT,average_composite,20.1,2024-25,143,99,official_district_average,official_state_export,tennessee_act_2024_25_scores,high,Tennessee district ACT average; All Students; highest scores in prior three years for graduates.
1600000US4722200,Dyersburg city,47,9700000US4701050,Dyer County School District,6.327,census_tiger_2023_polygon_intersection,low,candidate_spatial,ACT,average_composite,21.5,2024-25,246,100,official_district_average,official_state_export,tennessee_act_2024_25_scores,high,Tennessee district ACT average; All Students; highest scores in prior three years for graduates.
1600000US4719380,Dandridge town,47,9700000US4702100,Jefferson County School District,100.000,census_tiger_2023_polygon_intersection,medium,candidate_spatial,ACT,average_composite,18.7,2024-25,491,99,official_district_average,official_state_export,tennessee_act_2024_25_scores,high,Tennessee district ACT average; All Students; highest scores in prior three years for graduates.
1600000US4737960,Jefferson City city,47,9700000US4702100,Jefferson County School District,100.000,census_tiger_2023_polygon_intersection,medium,candidate_spatial,ACT,average_composite,18.7,2024-25,491,99,official_district_average,official_state_export,tennessee_act_2024_25_scores,high,Tennessee district ACT average; All Students; highest scores in prior three years for graduates.
1600000US4715140,Clarksburg town,47,9700000US4703900,South Carroll Special School District,100.000,census_tiger_2023_polygon_intersection,medium,candidate_spatial,ACT,average_composite,21.3,2024-25,23,100,official_district_average,official_state_export,tennessee_act_2024_25_scores,high,Tennessee district ACT average; All Students; highest scores in prior three years for graduates.
1600000US4735280,Hollow Rock town,47,9700000US4701890,Hollow Rock-Bruceton Special School District,100.000,census_tiger_2023_polygon_intersection,medium,candidate_spatial,ACT,average_composite,18.5,2024-25,39,100,official_district_average,official_state_export,tennessee_act_2024_25_scores,high,Tennessee district ACT average; All Students; highest scores in prior three years for graduates.
1600000US4758080,Pigeon Forge city,47,9700000US4703780,Sevier County School District,100.000,census_tiger_2023_polygon_intersection,medium,candidate_spatial,ACT,average_composite,19,2024-25,1004,100,official_district_average,official_state_export,tennessee_act_2024_25_scores,high,Tennessee district ACT average; All Students; highest scores in prior three years for graduates.
1600000US4757740,Petersburg town,47,9700000US4702490,Lincoln County School District,60.734,census_tiger_2023_polygon_intersection,medium,candidate_spatial,ACT,average_composite,20,2024-25,279,99,official_district_average,official_state_export,tennessee_act_2024_25_scores,high,Tennessee district ACT average; All Students; highest scores in prior three years for graduates.
1600000US4757740,Petersburg town,47,9700000US4702670,Marshall County School District,39.266,census_tiger_2023_polygon_intersection,low,candidate_spatial,ACT,average_composite,19.1,2024-25,347,100,official_district_average,official_state_export,tennessee_act_2024_25_scores,high,Tennessee district ACT average; All Students; highest scores in prior three years for graduates.
1600000US4779420,Westmoreland town,47,9700000US4704020,Sumner County School District,100.000,census_tiger_2023_polygon_intersection,medium,candidate_spatial,ACT,average_composite,20.8,2024-25,2187,100,official_district_average,official_state_export,tennessee_act_2024_25_scores,high,Tennessee district ACT average; All Students; highest scores in prior three years for graduates.
1600000US4739560,Kingsport city,47,9700000US4703990,Sullivan County School District,4.034,census_tiger_2023_polygon_intersection,low,candidate_spatial,ACT,average_composite,18.7,2024-25,591,99,official_district_average,official_state_export,tennessee_act_2024_25_scores,high,Tennessee district ACT average; All Students; highest scores in prior three years for graduates.
1600000US4739560,Kingsport city,47,9700000US4702190,Kingsport City School District,95.966,census_tiger_2023_polygon_intersection,medium,candidate_spatial,ACT,average_composite,21,2024-25,547,99,official_district_average,official_state_export,tennessee_act_2024_25_scores,high,Tennessee district ACT average; All Students; highest scores in prior three years for graduates.
1600000US4750580,Mount Carmel town,47,9700000US4701740,Hawkins County School District,100.000,census_tiger_2023_polygon_intersection,medium,candidate_spatial,ACT,average_composite,17.8,2024-25,516,99,official_district_average,official_state_export,tennessee_act_2024_25_scores,high,Tennessee district ACT average; All Students; highest scores in prior three years for graduates.
1600000US4739660,Kingston Springs town,47,9700000US4700570,Cheatham County School District,100.000,census_tiger_2023_polygon_intersection,medium,candidate_spatial,ACT,average_composite,19.3,2024-25,385,100,official_district_average,official_state_export,tennessee_act_2024_25_scores,high,Tennessee district ACT average; All Students; highest scores in prior three years for graduates.
1600000US4700640,Algood city,47,9700000US4703480,Putnam County School District,100.000,census_tiger_2023_polygon_intersection,medium,candidate_spatial,ACT,average_composite,19.9,2024-25,902,99,official_district_average,official_state_export,tennessee_act_2024_25_scores,high,Tennessee district ACT average; All Students; highest scores in prior three years for graduates.
1600000US4766880,Scotts Hill town,47,9700000US4701800,Henderson County School District,70.331,census_tiger_2023_polygon_intersection,medium,candidate_spatial,ACT,average_composite,19.5,2024-25,354,100,official_district_average,official_state_export,tennessee_act_2024_25_scores,high,Tennessee district ACT average; All Students; highest scores in prior three years for graduates.
1600000US4766880,Scotts Hill town,47,9700000US4700960,Decatur County School District,29.669,census_tiger_2023_polygon_intersection,low,candidate_spatial,ACT,average_composite,20,2024-25,108,100,official_district_average,official_state_export,tennessee_act_2024_25_scores,high,Tennessee district ACT average; All Students; highest scores in prior three years for graduates.
1600000US4756870,Parker's Crossroads city,47,9700000US4701800,Henderson County School District,100.000,census_tiger_2023_polygon_intersection,medium,candidate_spatial,ACT,average_composite,19.5,2024-25,354,100,official_district_average,official_state_export,tennessee_act_2024_25_scores,high,Tennessee district ACT average; All Students; highest scores in prior three years for graduates.
1600000US4709880,Burns town,47,9700000US4701020,Dickson County School District,100.000,census_tiger_2023_polygon_intersection,medium,candidate_spatial,ACT,average_composite,19,2024-25,561,100,official_district_average,official_state_export,tennessee_act_2024_25_scores,high,Tennessee district ACT average; All Students; highest scores in prior three years for graduates.
1600000US4713080,Charlotte town,47,9700000US4701020,Dickson County School District,100.000,census_tiger_2023_polygon_intersection,medium,candidate_spatial,ACT,average_composite,19,2024-25,561,100,official_district_average,official_state_export,tennessee_act_2024_25_scores,high,Tennessee district ACT average; All Students; highest scores in prior three years for graduates.
1600000US4770180,Sparta city,47,9700000US4704500,White County School District,100.000,census_tiger_2023_polygon_intersection,medium,candidate_spatial,ACT,average_composite,19,2024-25,258,100,official_district_average,official_state_export,tennessee_act_2024_25_scores,high,Tennessee district ACT average; All Students; highest scores in prior three years for graduates.
1600000US4700660,Allardt city,47,9700000US4701230,Fentress County School District,100.000,census_tiger_2023_polygon_intersection,medium,candidate_spatial,ACT,average_composite,18.4,2024-25,59,97,official_district_average,official_state_export,tennessee_act_2024_25_scores,high,Tennessee district ACT average; All Students; highest scores in prior three years for graduates.
1600000US4703440,Bartlett city,47,9700000US4700153,Bartlett City School District,100.000,census_tiger_2023_polygon_intersection,medium,candidate_spatial,ACT,average_composite,20.9,2024-25,672,100,official_district_average,official_state_export,tennessee_act_2024_25_scores,high,Tennessee district ACT average; All Students; highest scores in prior three years for graduates.
1600000US4716420,Collierville town,47,9700000US4700149,Collierville School District,98.761,census_tiger_2023_polygon_intersection,medium,candidate_spatial,ACT,average_composite,23.7,2024-25,716,100,official_district_average,official_state_export,tennessee_act_2024_25_scores,high,Tennessee district ACT average; All Students; highest scores in prior three years for graduates.
1600000US4716420,Collierville town,47,9700000US4700148,Shelby County School District,1.239,census_tiger_2023_polygon_intersection,low,candidate_spatial,ACT,average_composite,16.4,2024-25,6579,100,official_district_average,official_state_export,tennessee_act_2024_25_scores,high,Tennessee district ACT average; All Students; highest scores in prior three years for graduates.
1600000US4773260,Tellico Plains town,47,9700000US4703000,Monroe County School District,100.000,census_tiger_2023_polygon_intersection,medium,candidate_spatial,ACT,average_composite,17.6,2024-25,478,100,official_district_average,official_state_export,tennessee_act_2024_25_scores,high,Tennessee district ACT average; All Students; highest scores in prior three years for graduates.
1600000US4774640,Toone town,47,9700000US4701650,Hardeman County School District,100.000,census_tiger_2023_polygon_intersection,medium,candidate_spatial,ACT,average_composite,16.4,2024-25,224,99,official_district_average,official_state_export,tennessee_act_2024_25_scores,high,Tennessee district ACT average; All Students; highest scores in prior three years for graduates.
1600000US4780360,White Pine town,47,9700000US4702100,Jefferson County School District,99.738,census_tiger_2023_polygon_intersection,medium,candidate_spatial,ACT,average_composite,18.7,2024-25,491,99,official_district_average,official_state_export,tennessee_act_2024_25_scores,high,Tennessee district ACT average; All Students; highest scores in prior three years for graduates.
1600000US4780360,White Pine town,47,9700000US4700001,Hamblen County School District,0.262,census_tiger_2023_polygon_intersection,low,candidate_spatial,ACT,average_composite,18,2024-25,675,100,official_district_average,official_state_export,tennessee_act_2024_25_scores,high,Tennessee district ACT average; All Students; highest scores in prior three years for graduates.
1600000US4727740,Franklin city,47,9700000US4704530,Williamson County School District,54.634,census_tiger_2023_polygon_intersection,medium,candidate_spatial,ACT,average_composite,25.3,2024-25,3446,100,official_district_average,official_state_export,tennessee_act_2024_25_scores,high,Tennessee district ACT average; All Students; highest scores in prior three years for graduates.
1600000US4746380,Maryville city,47,9700000US4702700,Maryville City School District,100.000,census_tiger_2023_polygon_intersection,medium,candidate_spatial,ACT,average_composite,22.3,2024-25,376,100,official_district_average,official_state_export,tennessee_act_2024_25_scores,high,Tennessee district ACT average; All Students; highest scores in prior three years for graduates.
1600000US4764160,Rockford city,47,9700000US4700300,Blount County School District,100.000,census_tiger_2023_polygon_intersection,medium,candidate_spatial,ACT,average_composite,19.6,2024-25,677,99,official_district_average,official_state_export,tennessee_act_2024_25_scores,high,Tennessee district ACT average; All Students; highest scores in prior three years for graduates.
1600000US4702180,Ashland City town,47,9700000US4700570,Cheatham County School District,100.000,census_tiger_2023_polygon_intersection,medium,candidate_spatial,ACT,average_composite,19.3,2024-25,385,100,official_district_average,official_state_export,tennessee_act_2024_25_scores,high,Tennessee district ACT average; All Students; highest scores in prior three years for graduates.
1600000US4723500,Elizabethton city,47,9700000US4701110,Elizabethton City School District,100.000,census_tiger_2023_polygon_intersection,medium,candidate_spatial,ACT,average_composite,20,2024-25,211,100,official_district_average,official_state_export,tennessee_act_2024_25_scores,high,Tennessee district ACT average; All Students; highest scores in prior three years for graduates.
1600000US4728740,Gates town,47,9700000US4702310,Lauderdale County School District,100.000,census_tiger_2023_polygon_intersection,medium,candidate_spatial,ACT,average_composite,16.6,2024-25,219,100,official_district_average,official_state_export,tennessee_act_2024_25_scores,high,Tennessee district ACT average; All Students; highest scores in prior three years for graduates.
1600000US4741860,Lewisburg city,47,9700000US4702670,Marshall County School District,100.000,census_tiger_2023_polygon_intersection,medium,candidate_spatial,ACT,average_composite,19.1,2024-25,347,100,official_district_average,official_state_export,tennessee_act_2024_25_scores,high,Tennessee district ACT average; All Students; highest scores in prior three years for graduates.
1600000US4767540,Sharon town,47,9700000US4704470,Weakley County School District,100.000,census_tiger_2023_polygon_intersection,medium,candidate_spatial,ACT,average_composite,19.6,2024-25,244,98,official_district_average,official_state_export,tennessee_act_2024_25_scores,high,Tennessee district ACT average; All Students; highest scores in prior three years for graduates.
1600000US4716920,Cookeville city,47,9700000US4703480,Putnam County School District,100.000,census_tiger_2023_polygon_intersection,medium,candidate_spatial,ACT,average_composite,19.9,2024-25,902,99,official_district_average,official_state_export,tennessee_act_2024_25_scores,high,Tennessee district ACT average; All Students; highest scores in prior three years for graduates.
1600000US4733280,Hendersonville city,47,9700000US4704020,Sumner County School District,100.000,census_tiger_2023_polygon_intersection,medium,candidate_spatial,ACT,average_composite,20.8,2024-25,2187,100,official_district_average,official_state_export,tennessee_act_2024_25_scores,high,Tennessee district ACT average; All Students; highest scores in prior three years for graduates.
1600000US4760280,Portland city,47,9700000US4704020,Sumner County School District,87.548,census_tiger_2023_polygon_intersection,medium,candidate_spatial,ACT,average_composite,20.8,2024-25,2187,100,official_district_average,official_state_export,tennessee_act_2024_25_scores,high,Tennessee district ACT average; All Students; highest scores in prior three years for graduates.
1600000US4760280,Portland city,47,9700000US4703600,Robertson County School District,12.452,census_tiger_2023_polygon_intersection,low,candidate_spatial,ACT,average_composite,18.3,2024-25,844,99,official_district_average,official_state_export,tennessee_act_2024_25_scores,high,Tennessee district ACT average; All Students; highest scores in prior three years for graduates.
1600000US4732742,Hartsville/Trousdale County,47,9700000US4704170,Trousdale County School District,100.000,census_tiger_2023_polygon_intersection,medium,candidate_spatial,ACT,average_composite,19.9,2024-25,91,100,official_district_average,official_state_export,tennessee_act_2024_25_scores,high,Tennessee district ACT average; All Students; highest scores in prior three years for graduates.
1600000US4744382,"Lynchburg, Moore County metropolitan government",47,9700000US4703060,Moore County School District,100.000,census_tiger_2023_polygon_intersection,medium,candidate_spatial,ACT,average_composite,20.4,2024-25,70,100,official_district_average,official_state_export,tennessee_act_2024_25_scores,high,Tennessee district ACT average; All Students; highest scores in prior three years for graduates.
1600000US4749360,Minor Hill city,47,9700000US4701410,Giles County School District,100.000,census_tiger_2023_polygon_intersection,medium,candidate_spatial,ACT,average_composite,18.6,2024-25,251,100,official_district_average,official_state_export,tennessee_act_2024_25_scores,high,Tennessee district ACT average; All Students; highest scores in prior three years for graduates.
1600000US4761040,Pulaski city,47,9700000US4701410,Giles County School District,100.000,census_tiger_2023_polygon_intersection,medium,candidate_spatial,ACT,average_composite,18.6,2024-25,251,100,official_district_average,official_state_export,tennessee_act_2024_25_scores,high,Tennessee district ACT average; All Students; highest scores in prior three years for graduates.
1600000US4755240,Obion town,47,9700000US4703270,Obion County School District,100.000,census_tiger_2023_polygon_intersection,medium,candidate_spatial,ACT,average_composite,19.2,2024-25,190,99,official_district_average,official_state_export,tennessee_act_2024_25_scores,high,Tennessee district ACT average; All Students; highest scores in prior three years for graduates.
1600000US4763800,Rives town,47,9700000US4703270,Obion County School District,100.000,census_tiger_2023_polygon_intersection,medium,candidate_spatial,ACT,average_composite,19.2,2024-25,190,99,official_district_average,official_state_export,tennessee_act_2024_25_scores,high,Tennessee district ACT average; All Students; highest scores in prior three years for graduates.
1600000US4766360,Samburg town,47,9700000US4703270,Obion County School District,100.000,census_tiger_2023_polygon_intersection,medium,candidate_spatial,ACT,average_composite,19.2,2024-25,190,99,official_district_average,official_state_export,tennessee_act_2024_25_scores,high,Tennessee district ACT average; All Students; highest scores in prior three years for graduates.
1600000US4769900,South Fulton city,47,9700000US4703270,Obion County School District,100.000,census_tiger_2023_polygon_intersection,medium,candidate_spatial,ACT,average_composite,19.2,2024-25,190,99,official_district_average,official_state_export,tennessee_act_2024_25_scores,high,Tennessee district ACT average; All Students; highest scores in prior three years for graduates.
1600000US4775240,Troy town,47,9700000US4703270,Obion County School District,100.000,census_tiger_2023_polygon_intersection,medium,candidate_spatial,ACT,average_composite,19.2,2024-25,190,99,official_district_average,official_state_export,tennessee_act_2024_25_scores,high,Tennessee district ACT average; All Students; highest scores in prior three years for graduates.
1600000US4781700,Woodland Mills city,47,9700000US4703270,Obion County School District,100.000,census_tiger_2023_polygon_intersection,medium,candidate_spatial,ACT,average_composite,19.2,2024-25,190,99,official_district_average,official_state_export,tennessee_act_2024_25_scores,high,Tennessee district ACT average; All Students; highest scores in prior three years for graduates.
1600000US4714980,Church Hill city,47,9700000US4701740,Hawkins County School District,100.000,census_tiger_2023_polygon_intersection,medium,candidate_spatial,ACT,average_composite,17.8,2024-25,516,99,official_district_average,official_state_export,tennessee_act_2024_25_scores,high,Tennessee district ACT average; All Students; highest scores in prior three years for graduates.
1600000US4721400,Dover city,47,9700000US4703960,Stewart County School District,100.000,census_tiger_2023_polygon_intersection,medium,candidate_spatial,ACT,average_composite,18.8,2024-25,136,99,official_district_average,official_state_export,tennessee_act_2024_25_scores,high,Tennessee district ACT average; All Students; highest scores in prior three years for graduates.
1600000US4738540,Jonesborough town,47,9700000US4704380,Washington County School District,100.000,census_tiger_2023_polygon_intersection,medium,candidate_spatial,ACT,average_composite,19.4,2024-25,642,99,official_district_average,official_state_export,tennessee_act_2024_25_scores,high,Tennessee district ACT average; All Students; highest scores in prior three years for graduates.
1600000US4742040,Liberty town,47,9700000US4700990,DeKalb County School District,100.000,census_tiger_2023_polygon_intersection,medium,candidate_spatial,ACT,average_composite,18.6,2024-25,167,100,official_district_average,official_state_export,tennessee_act_2024_25_scores,high,Tennessee district ACT average; All Students; highest scores in prior three years for graduates.
1600000US4737640,Jackson city,47,9700000US4702580,Jackson-Madison County School System,100.000,census_tiger_2023_polygon_intersection,medium,candidate_spatial,ACT,average_composite,16.9,2024-25,843,100,official_district_average,official_state_export,tennessee_act_2024_25_scores,high,Tennessee district ACT average; All Students; highest scores in prior three years for graduates.
1600000US4757480,Pegram town,47,9700000US4700570,Cheatham County School District,100.000,census_tiger_2023_polygon_intersection,medium,candidate_spatial,ACT,average_composite,19.3,2024-25,385,100,official_district_average,official_state_export,tennessee_act_2024_25_scores,high,Tennessee district ACT average; All Students; highest scores in prior three years for graduates.
1600000US4759560,Pleasant View city,47,9700000US4700570,Cheatham County School District,100.000,census_tiger_2023_polygon_intersection,medium,candidate_spatial,ACT,average_composite,19.3,2024-25,385,100,official_district_average,official_state_export,tennessee_act_2024_25_scores,high,Tennessee district ACT average; All Students; highest scores in prior three years for graduates.
1600000US4752780,New Hope city,47,9700000US4702640,Marion County School District,100.000,census_tiger_2023_polygon_intersection,medium,candidate_spatial,ACT,average_composite,18.2,2024-25,280,100,official_district_average,official_state_export,tennessee_act_2024_25_scores,high,Tennessee district ACT average; All Students; highest scores in prior three years for graduates.
1600000US4722360,Eagleville city,47,9700000US4703690,Rutherford County School District,99.980,census_tiger_2023_polygon_intersection,medium,candidate_spatial,ACT,average_composite,19.8,2024-25,4509,99,official_district_average,official_state_export,tennessee_act_2024_25_scores,high,Tennessee district ACT average; All Students; highest scores in prior three years for graduates.
1600000US4722360,Eagleville city,47,9700000US4704530,Williamson County School District,0.020,census_tiger_2023_polygon_intersection,low,candidate_spatial,ACT,average_composite,25.3,2024-25,3446,100,official_district_average,official_state_export,tennessee_act_2024_25_scores,high,Tennessee district ACT average; All Students; highest scores in prior three years for graduates.
1600000US4768560,Silerton town,47,9700000US4701650,Hardeman County School District,85.171,census_tiger_2023_polygon_intersection,medium,candidate_spatial,ACT,average_composite,16.4,2024-25,224,99,official_district_average,official_state_export,tennessee_act_2024_25_scores,high,Tennessee district ACT average; All Students; highest scores in prior three years for graduates.
1600000US4768560,Silerton town,47,9700000US4700600,Chester County School District,14.829,census_tiger_2023_polygon_intersection,low,candidate_spatial,ACT,average_composite,20.7,2024-25,185,100,official_district_average,official_state_export,tennessee_act_2024_25_scores,high,Tennessee district ACT average; All Students; highest scores in prior three years for graduates.
1600000US4718820,Cumberland City town,47,9700000US4703960,Stewart County School District,100.000,census_tiger_2023_polygon_intersection,medium,candidate_spatial,ACT,average_composite,18.8,2024-25,136,99,official_district_average,official_state_export,tennessee_act_2024_25_scores,high,Tennessee district ACT average; All Students; highest scores in prior three years for graduates.
1600000US4731820,Halls town,47,9700000US4702310,Lauderdale County School District,100.000,census_tiger_2023_polygon_intersection,medium,candidate_spatial,ACT,average_composite,16.6,2024-25,219,100,official_district_average,official_state_export,tennessee_act_2024_25_scores,high,Tennessee district ACT average; All Students; highest scores in prior three years for graduates.
1600000US4733360,Henning town,47,9700000US4702310,Lauderdale County School District,100.000,census_tiger_2023_polygon_intersection,medium,candidate_spatial,ACT,average_composite,16.6,2024-25,219,100,official_district_average,official_state_export,tennessee_act_2024_25_scores,high,Tennessee district ACT average; All Students; highest scores in prior three years for graduates.
1600000US4763340,Ripley city,47,9700000US4702310,Lauderdale County School District,100.000,census_tiger_2023_polygon_intersection,medium,candidate_spatial,ACT,average_composite,16.6,2024-25,219,100,official_district_average,official_state_export,tennessee_act_2024_25_scores,high,Tennessee district ACT average; All Students; highest scores in prior three years for graduates.
1600000US4722720,East Ridge city,47,9700000US4701590,Hamilton County School District,100.000,census_tiger_2023_polygon_intersection,medium,candidate_spatial,ACT,average_composite,18.9,2024-25,3153,100,official_district_average,official_state_export,tennessee_act_2024_25_scores,high,Tennessee district ACT average; All Students; highest scores in prior three years for graduates.
1600000US4740540,Lakesite city,47,9700000US4701590,Hamilton County School District,100.000,census_tiger_2023_polygon_intersection,medium,candidate_spatial,ACT,average_composite,18.9,2024-25,3153,100,official_district_average,official_state_export,tennessee_act_2024_25_scores,high,Tennessee district ACT average; All Students; highest scores in prior three years for graduates.
1600000US4761960,Red Bank city,47,9700000US4701590,Hamilton County School District,100.000,census_tiger_2023_polygon_intersection,medium,candidate_spatial,ACT,average_composite,18.9,2024-25,3153,100,official_district_average,official_state_export,tennessee_act_2024_25_scores,high,Tennessee district ACT average; All Students; highest scores in prior three years for graduates.
1600000US4763080,Ridgeside city,47,9700000US4701590,Hamilton County School District,100.000,census_tiger_2023_polygon_intersection,medium,candidate_spatial,ACT,average_composite,18.9,2024-25,3153,100,official_district_average,official_state_export,tennessee_act_2024_25_scores,high,Tennessee district ACT average; All Students; highest scores in prior three years for graduates.
1600000US4773460,Tennessee Ridge town,47,9700000US4701920,Houston County School District,100.000,census_tiger_2023_polygon_intersection,medium,candidate_spatial,ACT,average_composite,18.9,2024-25,81,99,official_district_average,official_state_export,tennessee_act_2024_25_scores,high,Tennessee district ACT average; All Students; highest scores in prior three years for graduates.
1600000US4779980,White Bluff town,47,9700000US4701020,Dickson County School District,100.000,census_tiger_2023_polygon_intersection,medium,candidate_spatial,ACT,average_composite,19,2024-25,561,100,official_district_average,official_state_export,tennessee_act_2024_25_scores,high,Tennessee district ACT average; All Students; highest scores in prior three years for graduates.
1600000US4720620,Dickson city,47,9700000US4701020,Dickson County School District,100.000,census_tiger_2023_polygon_intersection,medium,candidate_spatial,ACT,average_composite,19,2024-25,561,100,official_district_average,official_state_export,tennessee_act_2024_25_scores,high,Tennessee district ACT average; All Students; highest scores in prior three years for graduates.
1600000US4766660,Sardis town,47,9700000US4701800,Henderson County School District,100.000,census_tiger_2023_polygon_intersection,medium,candidate_spatial,ACT,average_composite,19.5,2024-25,354,100,official_district_average,official_state_export,tennessee_act_2024_25_scores,high,Tennessee district ACT average; All Students; highest scores in prior three years for graduates.
1600000US4701640,Ardmore city,47,9700000US4702490,Lincoln County School District,12.792,census_tiger_2023_polygon_intersection,low,candidate_spatial,ACT,average_composite,20,2024-25,279,99,official_district_average,official_state_export,tennessee_act_2024_25_scores,high,Tennessee district ACT average; All Students; highest scores in prior three years for graduates.
1600000US4701640,Ardmore city,47,9700000US4701410,Giles County School District,87.208,census_tiger_2023_polygon_intersection,medium,candidate_spatial,ACT,average_composite,18.6,2024-25,251,100,official_district_average,official_state_export,tennessee_act_2024_25_scores,high,Tennessee district ACT average; All Students; highest scores in prior three years for graduates.
1600000US4723660,Elkton city,47,9700000US4701410,Giles County School District,100.000,census_tiger_2023_polygon_intersection,medium,candidate_spatial,ACT,average_composite,18.6,2024-25,251,100,official_district_average,official_state_export,tennessee_act_2024_25_scores,high,Tennessee district ACT average; All Students; highest scores in prior three years for graduates.
1600000US4744420,Lynnville town,47,9700000US4701410,Giles County School District,100.000,census_tiger_2023_polygon_intersection,medium,candidate_spatial,ACT,average_composite,18.6,2024-25,251,100,official_district_average,official_state_export,tennessee_act_2024_25_scores,high,Tennessee district ACT average; All Students; highest scores in prior three years for graduates.
1600000US4742720,Linden town,47,9700000US4703390,Perry County School District,100.000,census_tiger_2023_polygon_intersection,medium,candidate_spatial,ACT,average_composite,17.8,2024-25,70,100,official_district_average,official_state_export,tennessee_act_2024_25_scores,high,Tennessee district ACT average; All Students; highest scores in prior three years for graduates.
1600000US4743160,Lobelville city,47,9700000US4703390,Perry County School District,100.000,census_tiger_2023_polygon_intersection,medium,candidate_spatial,ACT,average_composite,17.8,2024-25,70,100,official_district_average,official_state_export,tennessee_act_2024_25_scores,high,Tennessee district ACT average; All Students; highest scores in prior three years for graduates.
1600000US4756040,Orme town,47,9700000US4702640,Marion County School District,100.000,census_tiger_2023_polygon_intersection,medium,candidate_spatial,ACT,average_composite,18.2,2024-25,280,100,official_district_average,official_state_export,tennessee_act_2024_25_scores,high,Tennessee district ACT average; All Students; highest scores in prior three years for graduates.
1600000US4760500,Powells Crossroads town,47,9700000US4702640,Marion County School District,100.000,census_tiger_2023_polygon_intersection,medium,candidate_spatial,ACT,average_composite,18.2,2024-25,280,100,official_district_average,official_state_export,tennessee_act_2024_25_scores,high,Tennessee district ACT average; All Students; highest scores in prior three years for graduates.
1600000US4769080,Slayden town,47,9700000US4701020,Dickson County School District,100.000,census_tiger_2023_polygon_intersection,medium,candidate_spatial,ACT,average_composite,19,2024-25,561,100,official_district_average,official_state_export,tennessee_act_2024_25_scores,high,Tennessee district ACT average; All Students; highest scores in prior three years for graduates.
1600000US4776860,Vanleer town,47,9700000US4701020,Dickson County School District,100.000,census_tiger_2023_polygon_intersection,medium,candidate_spatial,ACT,average_composite,19,2024-25,561,100,official_district_average,official_state_export,tennessee_act_2024_25_scores,high,Tennessee district ACT average; All Students; highest scores in prior three years for graduates.
1600000US4752006,Nashville-Davidson metropolitan government (balance),47,9700000US4703180,Metropolitan Nashville Public School District,100.000,census_tiger_2023_polygon_intersection,medium,candidate_spatial,ACT,average_composite,17.5,2024-25,5196,99,official_district_average,official_state_export,tennessee_act_2024_25_scores,high,Tennessee district ACT average; All Students; highest scores in prior three years for graduates.
1600000US4729920,Goodlettsville city,47,9700000US4703180,Metropolitan Nashville Public School District,45.468,census_tiger_2023_polygon_intersection,low,candidate_spatial,ACT,average_composite,17.5,2024-25,5196,99,official_district_average,official_state_export,tennessee_act_2024_25_scores,high,Tennessee district ACT average; All Students; highest scores in prior three years for graduates.
1600000US4729920,Goodlettsville city,47,9700000US4704020,Sumner County School District,54.532,census_tiger_2023_polygon_intersection,medium,candidate_spatial,ACT,average_composite,20.8,2024-25,2187,100,official_district_average,official_state_export,tennessee_act_2024_25_scores,high,Tennessee district ACT average; All Students; highest scores in prior three years for graduates.
1600000US4705140,Berry Hill city,47,9700000US4703180,Metropolitan Nashville Public School District,100.000,census_tiger_2023_polygon_intersection,medium,candidate_spatial,ACT,average_composite,17.5,2024-25,5196,99,official_district_average,official_state_export,tennessee_act_2024_25_scores,high,Tennessee district ACT average; All Students; highest scores in prior three years for graduates.
1600000US4755860,Oneida town,47,9700000US4703720,Scott County School District,61.873,census_tiger_2023_polygon_intersection,medium,candidate_spatial,ACT,average_composite,18,2024-25,131,99,official_district_average,official_state_export,tennessee_act_2024_25_scores,high,Tennessee district ACT average; All Students; highest scores in prior three years for graduates.
1600000US4755860,Oneida town,47,9700000US4703300,Oneida Special School District,38.127,census_tiger_2023_polygon_intersection,low,candidate_spatial,ACT,average_composite,19.6,2024-25,94,100,official_district_average,official_state_export,tennessee_act_2024_25_scores,high,Tennessee district ACT average; All Students; highest scores in prior three years for graduates.
1600000US4781280,Winfield town,47,9700000US4703720,Scott County School District,100.000,census_tiger_2023_polygon_intersection,medium,candidate_spatial,ACT,average_composite,18,2024-25,131,99,official_district_average,official_state_export,tennessee_act_2024_25_scores,high,Tennessee district ACT average; All Students; highest scores in prior three years for graduates.
1600000US4766680,Saulsbury town,47,9700000US4701650,Hardeman County School District,100.000,census_tiger_2023_polygon_intersection,medium,candidate_spatial,ACT,average_composite,16.4,2024-25,224,99,official_district_average,official_state_export,tennessee_act_2024_25_scores,high,Tennessee district ACT average; All Students; highest scores in prior three years for graduates.
1600000US4708920,Brownsville city,47,9700000US4701770,Haywood County School District,100.000,census_tiger_2023_polygon_intersection,medium,candidate_spatial,ACT,average_composite,15.2,2024-25,199,99,official_district_average,official_state_export,tennessee_act_2024_25_scores,high,Tennessee district ACT average; All Students; highest scores in prior three years for graduates.
1600000US4722000,Dunlap city,47,9700000US4703750,Sequatchie County School District,100.000,census_tiger_2023_polygon_intersection,medium,candidate_spatial,ACT,average_composite,19.4,2024-25,131,99,official_district_average,official_state_export,tennessee_act_2024_25_scores,high,Tennessee district ACT average; All Students; highest scores in prior three years for graduates.
1600000US4763140,Ridgetop city,47,9700000US4703180,Metropolitan Nashville Public School District,9.629,census_tiger_2023_polygon_intersection,low,candidate_spatial,ACT,average_composite,17.5,2024-25,5196,99,official_district_average,official_state_export,tennessee_act_2024_25_scores,high,Tennessee district ACT average; All Students; highest scores in prior three years for graduates.
1600000US4763140,Ridgetop city,47,9700000US4703600,Robertson County School District,90.371,census_tiger_2023_polygon_intersection,medium,candidate_spatial,ACT,average_composite,18.3,2024-25,844,99,official_district_average,official_state_export,tennessee_act_2024_25_scores,high,Tennessee district ACT average; All Students; highest scores in prior three years for graduates.
1600000US4712380,Centertown town,47,9700000US4704350,Warren County School District,100.000,census_tiger_2023_polygon_intersection,medium,candidate_spatial,ACT,average_composite,18.4,2024-25,406,100,official_district_average,official_state_export,tennessee_act_2024_25_scores,high,Tennessee district ACT average; All Students; highest scores in prior three years for graduates.
1600000US4777400,Viola town,47,9700000US4704350,Warren County School District,100.000,census_tiger_2023_polygon_intersection,medium,candidate_spatial,ACT,average_composite,18.4,2024-25,406,100,official_district_average,official_state_export,tennessee_act_2024_25_scores,high,Tennessee district ACT average; All Students; highest scores in prior three years for graduates.
1600000US4707180,Bolivar city,47,9700000US4701650,Hardeman County School District,100.000,census_tiger_2023_polygon_intersection,medium,candidate_spatial,ACT,average_composite,16.4,2024-25,224,99,official_district_average,official_state_export,tennessee_act_2024_25_scores,high,Tennessee district ACT average; All Students; highest scores in prior three years for graduates.
1600000US4719900,Decaturville town,47,9700000US4700960,Decatur County School District,100.000,census_tiger_2023_polygon_intersection,medium,candidate_spatial,ACT,average_composite,20,2024-25,108,100,official_district_average,official_state_export,tennessee_act_2024_25_scores,high,Tennessee district ACT average; All Students; highest scores in prior three years for graduates.
1600000US4712880,Chapel Hill town,47,9700000US4702670,Marshall County School District,100.000,census_tiger_2023_polygon_intersection,medium,candidate_spatial,ACT,average_composite,19.1,2024-25,347,100,official_district_average,official_state_export,tennessee_act_2024_25_scores,high,Tennessee district ACT average; All Students; highest scores in prior three years for graduates.
1600000US4753380,Niota city,47,9700000US4702820,McMinn County School District,100.000,census_tiger_2023_polygon_intersection,medium,candidate_spatial,ACT,average_composite,19,2024-25,408,99,official_district_average,official_state_export,tennessee_act_2024_25_scores,high,Tennessee district ACT average; All Students; highest scores in prior three years for graduates.
1600000US4730980,Greeneville town,47,9700000US4701470,Greene County School District,0.012,census_tiger_2023_polygon_intersection,low,candidate_spatial,ACT,average_composite,18.5,2024-25,410,100,official_district_average,official_state_export,tennessee_act_2024_25_scores,high,Tennessee district ACT average; All Students; highest scores in prior three years for graduates.
1600000US4730980,Greeneville town,47,9700000US4701500,Greeneville City School District,99.988,census_tiger_2023_polygon_intersection,medium,candidate_spatial,ACT,average_composite,20.3,2024-25,225,99,official_district_average,official_state_export,tennessee_act_2024_25_scores,high,Tennessee district ACT average; All Students; highest scores in prior three years for graduates.
1600000US4729020,Gibson town,47,9700000US4701400,Gibson County School District,100.000,census_tiger_2023_polygon_intersection,medium,candidate_spatial,ACT,average_composite,21.4,2024-25,279,100,official_district_average,official_state_export,tennessee_act_2024_25_scores,high,Tennessee district ACT average; All Students; highest scores in prior three years for graduates.
1600000US4778320,Watertown city,47,9700000US4704550,Wilson County School District,100.000,census_tiger_2023_polygon_intersection,medium,candidate_spatial,ACT,average_composite,20.4,2024-25,1812,100,official_district_average,official_state_export,tennessee_act_2024_25_scores,high,Tennessee district ACT average; All Students; highest scores in prior three years for graduates.
1600000US4777480,Vonore town,47,9700000US4703000,Monroe County School District,99.869,census_tiger_2023_polygon_intersection,medium,candidate_spatial,ACT,average_composite,17.6,2024-25,478,100,official_district_average,official_state_export,tennessee_act_2024_25_scores,high,Tennessee district ACT average; All Students; highest scores in prior three years for graduates.
1600000US4777480,Vonore town,47,9700000US4700300,Blount County School District,0.131,census_tiger_2023_polygon_intersection,low,candidate_spatial,ACT,average_composite,19.6,2024-25,677,99,official_district_average,official_state_export,tennessee_act_2024_25_scores,high,Tennessee district ACT average; All Students; highest scores in prior three years for graduates.
1600000US4730760,Graysville town,47,9700000US4703510,Rhea County School District,100.000,census_tiger_2023_polygon_intersection,medium,candidate_spatial,ACT,average_composite,18.8,2024-25,291,100,official_district_average,official_state_export,tennessee_act_2024_25_scores,high,Tennessee district ACT average; All Students; highest scores in prior three years for graduates.
1600000US4741520,Lebanon city,47,9700000US4704550,Wilson County School District,31.492,census_tiger_2023_polygon_intersection,low,candidate_spatial,ACT,average_composite,20.4,2024-25,1812,100,official_district_average,official_state_export,tennessee_act_2024_25_scores,high,Tennessee district ACT average; All Students; highest scores in prior three years for graduates.
1600000US4728800,Gatlinburg city,47,9700000US4703780,Sevier County School District,100.000,census_tiger_2023_polygon_intersection,medium,candidate_spatial,ACT,average_composite,19,2024-25,1004,100,official_district_average,official_state_export,tennessee_act_2024_25_scores,high,Tennessee district ACT average; All Students; highest scores in prior three years for graduates.
1600000US4758940,Pittman Center town,47,9700000US4703780,Sevier County School District,100.000,census_tiger_2023_polygon_intersection,medium,candidate_spatial,ACT,average_composite,19,2024-25,1004,100,official_district_average,official_state_export,tennessee_act_2024_25_scores,high,Tennessee district ACT average; All Students; highest scores in prior three years for graduates.
1600000US4767120,Sevierville city,47,9700000US4703780,Sevier County School District,100.000,census_tiger_2023_polygon_intersection,medium,candidate_spatial,ACT,average_composite,19,2024-25,1004,100,official_district_average,official_state_export,tennessee_act_2024_25_scores,high,Tennessee district ACT average; All Students; highest scores in prior three years for graduates.
1600000US4745100,McMinnville city,47,9700000US4704350,Warren County School District,100.000,census_tiger_2023_polygon_intersection,medium,candidate_spatial,ACT,average_composite,18.4,2024-25,406,100,official_district_average,official_state_export,tennessee_act_2024_25_scores,high,Tennessee district ACT average; All Students; highest scores in prior three years for graduates.
1600000US4750220,Morrison town,47,9700000US4704350,Warren County School District,100.000,census_tiger_2023_polygon_intersection,medium,candidate_spatial,ACT,average_composite,18.4,2024-25,406,100,official_district_average,official_state_export,tennessee_act_2024_25_scores,high,Tennessee district ACT average; All Students; highest scores in prior three years for graduates.
1600000US4721540,Dresden town,47,9700000US4704470,Weakley County School District,100.000,census_tiger_2023_polygon_intersection,medium,candidate_spatial,ACT,average_composite,19.6,2024-25,244,98,official_district_average,official_state_export,tennessee_act_2024_25_scores,high,Tennessee district ACT average; All Students; highest scores in prior three years for graduates.
1600000US4729300,Gleason town,47,9700000US4704470,Weakley County School District,100.000,census_tiger_2023_polygon_intersection,medium,candidate_spatial,ACT,average_composite,19.6,2024-25,244,98,official_district_average,official_state_export,tennessee_act_2024_25_scores,high,Tennessee district ACT average; All Students; highest scores in prior three years for graduates.
1600000US4731000,Greenfield city,47,9700000US4704470,Weakley County School District,100.000,census_tiger_2023_polygon_intersection,medium,candidate_spatial,ACT,average_composite,19.6,2024-25,244,98,official_district_average,official_state_export,tennessee_act_2024_25_scores,high,Tennessee district ACT average; All Students; highest scores in prior three years for graduates.
1600000US4746240,Martin city,47,9700000US4704470,Weakley County School District,100.000,census_tiger_2023_polygon_intersection,medium,candidate_spatial,ACT,average_composite,19.6,2024-25,244,98,official_district_average,official_state_export,tennessee_act_2024_25_scores,high,Tennessee district ACT average; All Students; highest scores in prior three years for graduates.
1600000US4748000,Memphis city,47,9700000US4700148,Shelby County School District,100.000,census_tiger_2023_polygon_intersection,medium,candidate_spatial,ACT,average_composite,16.4,2024-25,6579,100,official_district_average,official_state_export,tennessee_act_2024_25_scores,high,Tennessee district ACT average; All Students; highest scores in prior three years for graduates.
1600000US4770400,Spring City town,47,9700000US4703510,Rhea County School District,100.000,census_tiger_2023_polygon_intersection,medium,candidate_spatial,ACT,average_composite,18.8,2024-25,291,100,official_district_average,official_state_export,tennessee_act_2024_25_scores,high,Tennessee district ACT average; All Students; highest scores in prior three years for graduates.
1600000US4740000,Knoxville city,47,9700000US4702220,Knox County School District,100.000,census_tiger_2023_polygon_intersection,medium,candidate_spatial,ACT,average_composite,20.1,2024-25,4145,98,official_district_average,official_state_export,tennessee_act_2024_25_scores,high,Tennessee district ACT average; All Students; highest scores in prior three years for graduates.
1600000US4725760,Farragut town,47,9700000US4702520,Loudon County School District,0.174,census_tiger_2023_polygon_intersection,low,candidate_spatial,ACT,average_composite,19.1,2024-25,235,100,official_district_average,official_state_export,tennessee_act_2024_25_scores,high,Tennessee district ACT average; All Students; highest scores in prior three years for graduates.
1600000US4725760,Farragut town,47,9700000US4702220,Knox County School District,99.826,census_tiger_2023_polygon_intersection,medium,candidate_spatial,ACT,average_composite,20.1,2024-25,4145,98,official_district_average,official_state_export,tennessee_act_2024_25_scores,high,Tennessee district ACT average; All Students; highest scores in prior three years for graduates.
1600000US4738020,Jellico city,47,9700000US4700420,Campbell County School District,100.000,census_tiger_2023_polygon_intersection,medium,candidate_spatial,ACT,average_composite,17.2,2024-25,321,98,official_district_average,official_state_export,tennessee_act_2024_25_scores,high,Tennessee district ACT average; All Students; highest scores in prior three years for graduates.
1600000US4733260,Henderson city,47,9700000US4700600,Chester County School District,100.000,census_tiger_2023_polygon_intersection,medium,candidate_spatial,ACT,average_composite,20.7,2024-25,185,100,official_district_average,official_state_export,tennessee_act_2024_25_scores,high,Tennessee district ACT average; All Students; highest scores in prior three years for graduates.
1600000US4700540,Alcoa city,47,9700000US4700060,Alcoa City School District,100.000,census_tiger_2023_polygon_intersection,medium,candidate_spatial,ACT,average_composite,20.2,2024-25,174,100,official_district_average,official_state_export,tennessee_act_2024_25_scores,high,Tennessee district ACT average; All Students; highest scores in prior three years for graduates.
1600000US4728060,Friendsville city,47,9700000US4700300,Blount County School District,100.000,census_tiger_2023_polygon_intersection,medium,candidate_spatial,ACT,average_composite,19.6,2024-25,677,99,official_district_average,official_state_export,tennessee_act_2024_25_scores,high,Tennessee district ACT average; All Students; highest scores in prior three years for graduates.
1600000US4743820,Louisville city,47,9700000US4700300,Blount County School District,100.000,census_tiger_2023_polygon_intersection,medium,candidate_spatial,ACT,average_composite,19.6,2024-25,677,99,official_district_average,official_state_export,tennessee_act_2024_25_scores,high,Tennessee district ACT average; All Students; highest scores in prior three years for graduates.
1600000US4774860,Townsend city,47,9700000US4700300,Blount County School District,100.000,census_tiger_2023_polygon_intersection,medium,candidate_spatial,ACT,average_composite,19.6,2024-25,677,99,official_district_average,official_state_export,tennessee_act_2024_25_scores,high,Tennessee district ACT average; All Students; highest scores in prior three years for graduates.
1600000US4745320,Madisonville city,47,9700000US4703000,Monroe County School District,100.000,census_tiger_2023_polygon_intersection,medium,candidate_spatial,ACT,average_composite,17.6,2024-25,478,100,official_district_average,official_state_export,tennessee_act_2024_25_scores,high,Tennessee district ACT average; All Students; highest scores in prior three years for graduates.
1600000US4719920,Decherd city,47,9700000US4701290,Franklin County School District,100.000,census_tiger_2023_polygon_intersection,medium,candidate_spatial,ACT,average_composite,18.1,2024-25,305,100,official_district_average,official_state_export,tennessee_act_2024_25_scores,high,Tennessee district ACT average; All Students; highest scores in prior three years for graduates.
1600000US4724440,Estill Springs town,47,9700000US4701290,Franklin County School District,100.000,census_tiger_2023_polygon_intersection,medium,candidate_spatial,ACT,average_composite,18.1,2024-25,305,100,official_district_average,official_state_export,tennessee_act_2024_25_scores,high,Tennessee district ACT average; All Students; highest scores in prior three years for graduates.
1600000US4730280,Grand Junction city,47,9700000US4701170,Fayette County School District,11.600,census_tiger_2023_polygon_intersection,low,candidate_spatial,ACT,average_composite,16.1,2024-25,187,100,official_district_average,official_state_export,tennessee_act_2024_25_scores,high,Tennessee district ACT average; All Students; highest scores in prior three years for graduates.
1600000US4730280,Grand Junction city,47,9700000US4701650,Hardeman County School District,88.400,census_tiger_2023_polygon_intersection,medium,candidate_spatial,ACT,average_composite,16.4,2024-25,224,99,official_district_average,official_state_export,tennessee_act_2024_25_scores,high,Tennessee district ACT average; All Students; highest scores in prior three years for graduates.
1600000US4707840,Braden town,47,9700000US4701170,Fayette County School District,100.000,census_tiger_2023_polygon_intersection,medium,candidate_spatial,ACT,average_composite,16.1,2024-25,187,100,official_district_average,official_state_export,tennessee_act_2024_25_scores,high,Tennessee district ACT average; All Students; highest scores in prior three years for graduates.
1600000US4739140,Kenton town,47,9700000US4701400,Gibson County School District,51.003,census_tiger_2023_polygon_intersection,medium,candidate_spatial,ACT,average_composite,21.4,2024-25,279,100,official_district_average,official_state_export,tennessee_act_2024_25_scores,high,Tennessee district ACT average; All Students; highest scores in prior three years for graduates.
1600000US4739140,Kenton town,47,9700000US4703270,Obion County School District,48.997,census_tiger_2023_polygon_intersection,low,candidate_spatial,ACT,average_composite,19.2,2024-25,190,99,official_district_average,official_state_export,tennessee_act_2024_25_scores,high,Tennessee district ACT average; All Students; highest scores in prior three years for graduates.
1600000US4740200,La Grange town,47,9700000US4701170,Fayette County School District,100.000,census_tiger_2023_polygon_intersection,medium,candidate_spatial,ACT,average_composite,16.1,2024-25,187,100,official_district_average,official_state_export,tennessee_act_2024_25_scores,high,Tennessee district ACT average; All Students; highest scores in prior three years for graduates.
1600000US4754920,Oakland town,47,9700000US4701170,Fayette County School District,100.000,census_tiger_2023_polygon_intersection,medium,candidate_spatial,ACT,average_composite,16.1,2024-25,187,100,official_district_average,official_state_export,tennessee_act_2024_25_scores,high,Tennessee district ACT average; All Students; highest scores in prior three years for graduates.
1600000US4765240,Rossville town,47,9700000US4701170,Fayette County School District,100.000,census_tiger_2023_polygon_intersection,medium,candidate_spatial,ACT,average_composite,16.1,2024-25,187,100,official_district_average,official_state_export,tennessee_act_2024_25_scores,high,Tennessee district ACT average; All Students; highest scores in prior three years for graduates.
1600000US4769620,Somerville town,47,9700000US4701170,Fayette County School District,100.000,census_tiger_2023_polygon_intersection,medium,candidate_spatial,ACT,average_composite,16.1,2024-25,187,100,official_district_average,official_state_export,tennessee_act_2024_25_scores,high,Tennessee district ACT average; All Students; highest scores in prior three years for graduates.
1600000US4781020,Williston city,47,9700000US4701170,Fayette County School District,100.000,census_tiger_2023_polygon_intersection,medium,candidate_spatial,ACT,average_composite,16.1,2024-25,187,100,official_district_average,official_state_export,tennessee_act_2024_25_scores,high,Tennessee district ACT average; All Students; highest scores in prior three years for graduates.
1600000US4716480,Collinwood city,47,9700000US4704440,Wayne County School District,100.000,census_tiger_2023_polygon_intersection,medium,candidate_spatial,ACT,average_composite,18.2,2024-25,138,100,official_district_average,official_state_export,tennessee_act_2024_25_scores,high,Tennessee district ACT average; All Students; highest scores in prior three years for graduates.
1600000US4718540,Crossville city,47,9700000US4700900,Cumberland County School District,100.000,census_tiger_2023_polygon_intersection,medium,candidate_spatial,ACT,average_composite,19.3,2024-25,441,100,official_district_average,official_state_export,tennessee_act_2024_25_scores,high,Tennessee district ACT average; All Students; highest scores in prior three years for graduates.
1600000US4752400,Newbern town,47,9700000US4701050,Dyer County School District,100.000,census_tiger_2023_polygon_intersection,medium,candidate_spatial,ACT,average_composite,21.5,2024-25,246,100,official_district_average,official_state_export,tennessee_act_2024_25_scores,high,Tennessee district ACT average; All Students; highest scores in prior three years for graduates.
1600000US4736000,Hornbeak town,47,9700000US4703270,Obion County School District,100.000,census_tiger_2023_polygon_intersection,medium,candidate_spatial,ACT,average_composite,19.2,2024-25,190,99,official_district_average,official_state_export,tennessee_act_2024_25_scores,high,Tennessee district ACT average; All Students; highest scores in prior three years for graduates.
1600000US4778240,Watauga city,47,9700000US4704380,Washington County School District,3.220,census_tiger_2023_polygon_intersection,low,candidate_spatial,ACT,average_composite,19.4,2024-25,642,99,official_district_average,official_state_export,tennessee_act_2024_25_scores,high,Tennessee district ACT average; All Students; highest scores in prior three years for graduates.
1600000US4778240,Watauga city,47,9700000US4700510,Carter County School District,96.780,census_tiger_2023_polygon_intersection,medium,candidate_spatial,ACT,average_composite,18.4,2024-25,344,99,official_district_average,official_state_export,tennessee_act_2024_25_scores,high,Tennessee district ACT average; All Students; highest scores in prior three years for graduates.
1600000US4712100,Celina city,47,9700000US4700660,Clay County School District,100.000,census_tiger_2023_polygon_intersection,medium,candidate_spatial,ACT,average_composite,19,2024-25,66,99,official_district_average,official_state_export,tennessee_act_2024_25_scores,high,Tennessee district ACT average; All Students; highest scores in prior three years for graduates.
1600000US4700940,Altamont town,47,9700000US4701530,Grundy County School District,100.000,census_tiger_2023_polygon_intersection,medium,candidate_spatial,ACT,average_composite,18.7,2024-25,101,100,official_district_average,official_state_export,tennessee_act_2024_25_scores,high,Tennessee district ACT average; All Students; highest scores in prior three years for graduates.
1600000US4704240,Beersheba Springs town,47,9700000US4701530,Grundy County School District,100.000,census_tiger_2023_polygon_intersection,medium,candidate_spatial,ACT,average_composite,18.7,2024-25,101,100,official_district_average,official_state_export,tennessee_act_2024_25_scores,high,Tennessee district ACT average; All Students; highest scores in prior three years for graduates.
1600000US4715920,Coalmont city,47,9700000US4701530,Grundy County School District,100.000,census_tiger_2023_polygon_intersection,medium,candidate_spatial,ACT,average_composite,18.7,2024-25,101,100,official_district_average,official_state_export,tennessee_act_2024_25_scores,high,Tennessee district ACT average; All Students; highest scores in prior three years for graduates.
1600000US4749740,Monteagle town,47,9700000US4702640,Marion County School District,37.189,census_tiger_2023_polygon_intersection,low,candidate_spatial,ACT,average_composite,18.2,2024-25,280,100,official_district_average,official_state_export,tennessee_act_2024_25_scores,high,Tennessee district ACT average; All Students; highest scores in prior three years for graduates.
1600000US4749740,Monteagle town,47,9700000US4701290,Franklin County School District,18.527,census_tiger_2023_polygon_intersection,low,candidate_spatial,ACT,average_composite,18.1,2024-25,305,100,official_district_average,official_state_export,tennessee_act_2024_25_scores,high,Tennessee district ACT average; All Students; highest scores in prior three years for graduates.
1600000US4749740,Monteagle town,47,9700000US4701530,Grundy County School District,44.284,census_tiger_2023_polygon_intersection,low,candidate_spatial,ACT,average_composite,18.7,2024-25,101,100,official_district_average,official_state_export,tennessee_act_2024_25_scores,high,Tennessee district ACT average; All Students; highest scores in prior three years for graduates.
1600000US4750300,Moscow city,47,9700000US4701170,Fayette County School District,100.000,census_tiger_2023_polygon_intersection,medium,candidate_spatial,ACT,average_composite,16.1,2024-25,187,100,official_district_average,official_state_export,tennessee_act_2024_25_scores,high,Tennessee district ACT average; All Students; highest scores in prior three years for graduates.
1600000US4758840,Piperton city,47,9700000US4701170,Fayette County School District,100.000,census_tiger_2023_polygon_intersection,medium,candidate_spatial,ACT,average_composite,16.1,2024-25,187,100,official_district_average,official_state_export,tennessee_act_2024_25_scores,high,Tennessee district ACT average; All Students; highest scores in prior three years for graduates.
1600000US4710560,Camden city,47,9700000US4700240,Benton County School District,100.000,census_tiger_2023_polygon_intersection,medium,candidate_spatial,ACT,average_composite,18.7,2024-25,150,100,official_district_average,official_state_export,tennessee_act_2024_25_scores,high,Tennessee district ACT average; All Students; highest scores in prior three years for graduates.
1600000US4778560,Waverly city,47,9700000US4701980,Humphreys County School District,100.000,census_tiger_2023_polygon_intersection,medium,candidate_spatial,ACT,average_composite,19.1,2024-25,145,100,official_district_average,official_state_export,tennessee_act_2024_25_scores,high,Tennessee district ACT average; All Students; highest scores in prior three years for graduates.
1600000US4709560,Bulls Gap town,47,9700000US4701740,Hawkins County School District,100.000,census_tiger_2023_polygon_intersection,medium,candidate_spatial,ACT,average_composite,17.8,2024-25,516,99,official_district_average,official_state_export,tennessee_act_2024_25_scores,high,Tennessee district ACT average; All Students; highest scores in prior three years for graduates.
1600000US4772380,Surgoinsville town,47,9700000US4701740,Hawkins County School District,100.000,census_tiger_2023_polygon_intersection,medium,candidate_spatial,ACT,average_composite,17.8,2024-25,516,99,official_district_average,official_state_export,tennessee_act_2024_25_scores,high,Tennessee district ACT average; All Students; highest scores in prior three years for graduates.
1600000US4701220,Andersonville CDP,47,9700000US4700090,Anderson County School District,100.000,census_tiger_2023_polygon_intersection,medium,candidate_spatial,ACT,average_composite,18.7,2024-25,449,100,official_district_average,official_state_export,tennessee_act_2024_25_scores,high,Tennessee district ACT average; All Students; highest scores in prior three years for graduates.
1600000US4703120,Banner Hill CDP,47,9700000US4704230,Unicoi County School District,100.000,census_tiger_2023_polygon_intersection,medium,candidate_spatial,ACT,average_composite,18.6,2024-25,150,96,official_district_average,official_state_export,tennessee_act_2024_25_scores,high,Tennessee district ACT average; All Students; highest scores in prior three years for graduates.
1600000US4707280,Bon Aqua Junction CDP,47,9700000US4701860,Hickman County School District,100.000,census_tiger_2023_polygon_intersection,medium,candidate_spatial,ACT,average_composite,18.5,2024-25,183,98,official_district_average,official_state_export,tennessee_act_2024_25_scores,high,Tennessee district ACT average; All Students; highest scores in prior three years for graduates.
1600000US4715120,Clarkrange CDP,47,9700000US4701230,Fentress County School District,100.000,census_tiger_2023_polygon_intersection,medium,candidate_spatial,ACT,average_composite,18.4,2024-25,59,97,official_district_average,official_state_export,tennessee_act_2024_25_scores,high,Tennessee district ACT average; All Students; highest scores in prior three years for graduates.
1600000US4722340,Eagleton Village CDP,47,9700000US4700300,Blount County School District,100.000,census_tiger_2023_polygon_intersection,medium,candidate_spatial,ACT,average_composite,19.6,2024-25,677,99,official_district_average,official_state_export,tennessee_act_2024_25_scores,high,Tennessee district ACT average; All Students; highest scores in prior three years for graduates.
1600000US4722500,East Cleveland CDP,47,9700000US4700330,Bradley County School District,100.000,census_tiger_2023_polygon_intersection,medium,candidate_spatial,ACT,average_composite,19.2,2024-25,783,100,official_district_average,official_state_export,tennessee_act_2024_25_scores,high,Tennessee district ACT average; All Students; highest scores in prior three years for graduates.
1600000US4724640,Eva CDP,47,9700000US4700240,Benton County School District,100.000,census_tiger_2023_polygon_intersection,medium,candidate_spatial,ACT,average_composite,18.7,2024-25,150,100,official_district_average,official_state_export,tennessee_act_2024_25_scores,high,Tennessee district ACT average; All Students; highest scores in prior three years for graduates.
1600000US4724980,Fairfield Glade CDP,47,9700000US4700900,Cumberland County School District,100.000,census_tiger_2023_polygon_intersection,medium,candidate_spatial,ACT,average_composite,19.3,2024-25,441,100,official_district_average,official_state_export,tennessee_act_2024_25_scores,high,Tennessee district ACT average; All Students; highest scores in prior three years for graduates.
1600000US4725540,Fall Branch CDP,47,9700000US4701470,Greene County School District,24.083,census_tiger_2023_polygon_intersection,low,candidate_spatial,ACT,average_composite,18.5,2024-25,410,100,official_district_average,official_state_export,tennessee_act_2024_25_scores,high,Tennessee district ACT average; All Students; highest scores in prior three years for graduates.
1600000US4725540,Fall Branch CDP,47,9700000US4704380,Washington County School District,75.917,census_tiger_2023_polygon_intersection,medium,candidate_spatial,ACT,average_composite,19.4,2024-25,642,99,official_district_average,official_state_export,tennessee_act_2024_25_scores,high,Tennessee district ACT average; All Students; highest scores in prior three years for graduates.
1600000US4726120,Fincastle CDP,47,9700000US4700420,Campbell County School District,100.000,census_tiger_2023_polygon_intersection,medium,candidate_spatial,ACT,average_composite,17.2,2024-25,321,98,official_district_average,official_state_export,tennessee_act_2024_25_scores,high,Tennessee district ACT average; All Students; highest scores in prior three years for graduates.
1600000US4726580,Flintville CDP,47,9700000US4702490,Lincoln County School District,100.000,census_tiger_2023_polygon_intersection,medium,candidate_spatial,ACT,average_composite,20,2024-25,279,99,official_district_average,official_state_export,tennessee_act_2024_25_scores,high,Tennessee district ACT average; All Students; highest scores in prior three years for graduates.
1600000US4701480,Apison CDP,47,9700000US4701590,Hamilton County School District,100.000,census_tiger_2023_polygon_intersection,medium,candidate_spatial,ACT,average_composite,18.9,2024-25,3153,100,official_district_average,official_state_export,tennessee_act_2024_25_scores,high,Tennessee district ACT average; All Students; highest scores in prior three years for graduates.
1600000US4705500,Bethpage CDP,47,9700000US4704020,Sumner County School District,100.000,census_tiger_2023_polygon_intersection,medium,candidate_spatial,ACT,average_composite,20.8,2024-25,2187,100,official_district_average,official_state_export,tennessee_act_2024_25_scores,high,Tennessee district ACT average; All Students; highest scores in prior three years for graduates.
1600000US4708080,Bransford CDP,47,9700000US4704020,Sumner County School District,100.000,census_tiger_2023_polygon_intersection,medium,candidate_spatial,ACT,average_composite,20.8,2024-25,2187,100,official_district_average,official_state_export,tennessee_act_2024_25_scores,high,Tennessee district ACT average; All Students; highest scores in prior three years for graduates.
1600000US4711440,Castalian Springs CDP,47,9700000US4704020,Sumner County School District,100.000,census_tiger_2023_polygon_intersection,medium,candidate_spatial,ACT,average_composite,20.8,2024-25,2187,100,official_district_average,official_state_export,tennessee_act_2024_25_scores,high,Tennessee district ACT average; All Students; highest scores in prior three years for graduates.
1600000US4717420,Cottontown CDP,47,9700000US4704020,Sumner County School District,100.000,census_tiger_2023_polygon_intersection,medium,candidate_spatial,ACT,average_composite,20.8,2024-25,2187,100,official_district_average,official_state_export,tennessee_act_2024_25_scores,high,Tennessee district ACT average; All Students; highest scores in prior three years for graduates.
1600000US4724960,Fairfield CDP,47,9700000US4704020,Sumner County School District,100.000,census_tiger_2023_polygon_intersection,medium,candidate_spatial,ACT,average_composite,20.8,2024-25,2187,100,official_district_average,official_state_export,tennessee_act_2024_25_scores,high,Tennessee district ACT average; All Students; highest scores in prior three years for graduates.
1600000US4704000,Beech Bluff CDP,47,9700000US4702580,Jackson-Madison County School System,100.000,census_tiger_2023_polygon_intersection,medium,candidate_spatial,ACT,average_composite,16.9,2024-25,843,100,official_district_average,official_state_export,tennessee_act_2024_25_scores,high,Tennessee district ACT average; All Students; highest scores in prior three years for graduates.
1600000US4714520,Chewalla CDP,47,9700000US4702880,McNairy County School District,100.000,census_tiger_2023_polygon_intersection,medium,candidate_spatial,ACT,average_composite,19,2024-25,275,100,official_district_average,official_state_export,tennessee_act_2024_25_scores,high,Tennessee district ACT average; All Students; highest scores in prior three years for graduates.
1600000US4704920,Belvidere CDP,47,9700000US4701290,Franklin County School District,100.000,census_tiger_2023_polygon_intersection,medium,candidate_spatial,ACT,average_composite,18.1,2024-25,305,100,official_district_average,official_state_export,tennessee_act_2024_25_scores,high,Tennessee district ACT average; All Students; highest scores in prior three years for graduates.
1600000US4724400,Essary Springs CDP,47,9700000US4701650,Hardeman County School District,100.000,census_tiger_2023_polygon_intersection,medium,candidate_spatial,ACT,average_composite,16.4,2024-25,224,99,official_district_average,official_state_export,tennessee_act_2024_25_scores,high,Tennessee district ACT average; All Students; highest scores in prior three years for graduates.
1600000US4705840,Big Rock CDP,47,9700000US4703960,Stewart County School District,100.000,census_tiger_2023_polygon_intersection,medium,candidate_spatial,ACT,average_composite,18.8,2024-25,136,99,official_district_average,official_state_export,tennessee_act_2024_25_scores,high,Tennessee district ACT average; All Students; highest scores in prior three years for graduates.
1600000US4706020,Biltmore CDP,47,9700000US4700510,Carter County School District,100.000,census_tiger_2023_polygon_intersection,medium,candidate_spatial,ACT,average_composite,18.4,2024-25,344,99,official_district_average,official_state_export,tennessee_act_2024_25_scores,high,Tennessee district ACT average; All Students; highest scores in prior three years for graduates.
1600000US4707240,Bon Air CDP,47,9700000US4704500,White County School District,100.000,census_tiger_2023_polygon_intersection,medium,candidate_spatial,ACT,average_composite,19,2024-25,258,100,official_district_average,official_state_export,tennessee_act_2024_25_scores,high,Tennessee district ACT average; All Students; highest scores in prior three years for graduates.
1600000US4706440,Blanche CDP,47,9700000US4702490,Lincoln County School District,100.000,census_tiger_2023_polygon_intersection,medium,candidate_spatial,ACT,average_composite,20,2024-25,279,99,official_district_average,official_state_export,tennessee_act_2024_25_scores,high,Tennessee district ACT average; All Students; highest scores in prior three years for graduates.
1600000US4714620,Childers Hill CDP,47,9700000US4701680,Hardin County School District,100.000,census_tiger_2023_polygon_intersection,medium,candidate_spatial,ACT,average_composite,18.9,2024-25,226,100,official_district_average,official_state_export,tennessee_act_2024_25_scores,high,Tennessee district ACT average; All Students; highest scores in prior three years for graduates.
1600000US4717520,Counce CDP,47,9700000US4701680,Hardin County School District,100.000,census_tiger_2023_polygon_intersection,medium,candidate_spatial,ACT,average_composite,18.9,2024-25,226,100,official_district_average,official_state_export,tennessee_act_2024_25_scores,high,Tennessee district ACT average; All Students; highest scores in prior three years for graduates.
1600000US4720120,Dellrose CDP,47,9700000US4702490,Lincoln County School District,100.000,census_tiger_2023_polygon_intersection,medium,candidate_spatial,ACT,average_composite,20,2024-25,279,99,official_district_average,official_state_export,tennessee_act_2024_25_scores,high,Tennessee district ACT average; All Students; highest scores in prior three years for graduates.
1600000US4706640,Bloomingdale CDP,47,9700000US4703990,Sullivan County School District,100.000,census_tiger_2023_polygon_intersection,medium,candidate_spatial,ACT,average_composite,18.7,2024-25,591,99,official_district_average,official_state_export,tennessee_act_2024_25_scores,high,Tennessee district ACT average; All Students; highest scores in prior three years for graduates.
1600000US4706740,Blountville CDP,47,9700000US4703990,Sullivan County School District,100.000,census_tiger_2023_polygon_intersection,medium,candidate_spatial,ACT,average_composite,18.7,2024-25,591,99,official_district_average,official_state_export,tennessee_act_2024_25_scores,high,Tennessee district ACT average; All Students; highest scores in prior three years for graduates.
1600000US4716500,Colonial Heights CDP,47,9700000US4703990,Sullivan County School District,100.000,census_tiger_2023_polygon_intersection,medium,candidate_spatial,ACT,average_composite,18.7,2024-25,591,99,official_district_average,official_state_export,tennessee_act_2024_25_scores,high,Tennessee district ACT average; All Students; highest scores in prior three years for graduates.
1600000US4707120,Bogota CDP,47,9700000US4701050,Dyer County School District,100.000,census_tiger_2023_polygon_intersection,medium,candidate_spatial,ACT,average_composite,21.5,2024-25,246,100,official_district_average,official_state_export,tennessee_act_2024_25_scores,high,Tennessee district ACT average; All Students; highest scores in prior three years for graduates.
1600000US4707620,Bowman CDP,47,9700000US4700900,Cumberland County School District,100.000,census_tiger_2023_polygon_intersection,medium,candidate_spatial,ACT,average_composite,19.3,2024-25,441,100,official_district_average,official_state_export,tennessee_act_2024_25_scores,high,Tennessee district ACT average; All Students; highest scores in prior three years for graduates.
1600000US4723440,Elgin CDP,47,9700000US4703720,Scott County School District,100.000,census_tiger_2023_polygon_intersection,medium,candidate_spatial,ACT,average_composite,18,2024-25,131,99,official_district_average,official_state_export,tennessee_act_2024_25_scores,high,Tennessee district ACT average; All Students; highest scores in prior three years for graduates.
1600000US4708400,Briceville CDP,47,9700000US4700090,Anderson County School District,100.000,census_tiger_2023_polygon_intersection,medium,candidate_spatial,ACT,average_composite,18.7,2024-25,449,100,official_district_average,official_state_export,tennessee_act_2024_25_scores,high,Tennessee district ACT average; All Students; highest scores in prior three years for graduates.
1600000US4710080,Butler CDP,47,9700000US4700510,Carter County School District,9.624,census_tiger_2023_polygon_intersection,low,candidate_spatial,ACT,average_composite,18.4,2024-25,344,99,official_district_average,official_state_export,tennessee_act_2024_25_scores,high,Tennessee district ACT average; All Students; highest scores in prior three years for graduates.
1600000US4710080,Butler CDP,47,9700000US4702160,Johnson County School District,90.376,census_tiger_2023_polygon_intersection,medium,candidate_spatial,ACT,average_composite,17.8,2024-25,502,96,official_district_average,official_state_export,tennessee_act_2024_25_scores,high,Tennessee district ACT average; All Students; highest scores in prior three years for graduates.
1600000US4709200,Buchanan CDP,47,9700000US4701830,Henry County School District,100.000,census_tiger_2023_polygon_intersection,medium,candidate_spatial,ACT,average_composite,19.7,2024-25,328,99,official_district_average,official_state_export,tennessee_act_2024_25_scores,high,Tennessee district ACT average; All Students; highest scores in prior three years for graduates.
1600000US4712460,Central CDP,47,9700000US4700510,Carter County School District,100.000,census_tiger_2023_polygon_intersection,medium,candidate_spatial,ACT,average_composite,18.4,2024-25,344,99,official_district_average,official_state_export,tennessee_act_2024_25_scores,high,Tennessee district ACT average; All Students; highest scores in prior three years for graduates.
1600000US4714220,Chesterfield CDP,47,9700000US4701800,Henderson County School District,100.000,census_tiger_2023_polygon_intersection,medium,candidate_spatial,ACT,average_composite,19.5,2024-25,354,100,official_district_average,official_state_export,tennessee_act_2024_25_scores,high,Tennessee district ACT average; All Students; highest scores in prior three years for graduates.
1600000US4715880,Coalfield CDP,47,9700000US4703090,Morgan County School District,100.000,census_tiger_2023_polygon_intersection,medium,candidate_spatial,ACT,average_composite,16.6,2024-25,227,100,official_district_average,official_state_export,tennessee_act_2024_25_scores,high,Tennessee district ACT average; All Students; highest scores in prior three years for graduates.
1600000US4719500,Darden CDP,47,9700000US4701800,Henderson County School District,100.000,census_tiger_2023_polygon_intersection,medium,candidate_spatial,ACT,average_composite,19.5,2024-25,354,100,official_district_average,official_state_export,tennessee_act_2024_25_scores,high,Tennessee district ACT average; All Students; highest scores in prior three years for graduates.
1600000US4720930,Dodson Branch CDP,47,9700000US4702070,Jackson County School District,100.000,census_tiger_2023_polygon_intersection,medium,candidate_spatial,ACT,average_composite,19.3,2024-25,80,100,official_district_average,official_state_export,tennessee_act_2024_25_scores,high,Tennessee district ACT average; All Students; highest scores in prior three years for graduates.
1600000US4714860,Christiana CDP,47,9700000US4703690,Rutherford County School District,100.000,census_tiger_2023_polygon_intersection,medium,candidate_spatial,ACT,average_composite,19.8,2024-25,4509,99,official_district_average,official_state_export,tennessee_act_2024_25_scores,high,Tennessee district ACT average; All Students; highest scores in prior three years for graduates.
1600000US4716060,Coker Creek CDP,47,9700000US4703000,Monroe County School District,100.000,census_tiger_2023_polygon_intersection,medium,candidate_spatial,ACT,average_composite,17.6,2024-25,478,100,official_district_average,official_state_export,tennessee_act_2024_25_scores,high,Tennessee district ACT average; All Students; highest scores in prior three years for graduates.
1600000US4716740,Conasauga CDP,47,9700000US4703450,Polk County School District,100.000,census_tiger_2023_polygon_intersection,medium,candidate_spatial,ACT,average_composite,18.4,2024-25,145,99,official_district_average,official_state_export,tennessee_act_2024_25_scores,high,Tennessee district ACT average; All Students; highest scores in prior three years for graduates.
1600000US4725740,Farner CDP,47,9700000US4703450,Polk County School District,100.000,census_tiger_2023_polygon_intersection,medium,candidate_spatial,ACT,average_composite,18.4,2024-25,145,99,official_district_average,official_state_export,tennessee_act_2024_25_scores,high,Tennessee district ACT average; All Students; highest scores in prior three years for graduates.
1600000US4717300,Cosby CDP,47,9700000US4700750,Cocke County School District,100.000,census_tiger_2023_polygon_intersection,medium,candidate_spatial,ACT,average_composite,17.3,2024-25,377,100,official_district_average,official_state_export,tennessee_act_2024_25_scores,high,Tennessee district ACT average; All Students; highest scores in prior three years for graduates.
1600000US4719360,Dancyville CDP,47,9700000US4701770,Haywood County School District,100.000,census_tiger_2023_polygon_intersection,medium,candidate_spatial,ACT,average_composite,15.2,2024-25,199,99,official_district_average,official_state_export,tennessee_act_2024_25_scores,high,Tennessee district ACT average; All Students; highest scores in prior three years for graduates.
1600000US4720080,Delano CDP,47,9700000US4703450,Polk County School District,87.019,census_tiger_2023_polygon_intersection,medium,candidate_spatial,ACT,average_composite,18.4,2024-25,145,99,official_district_average,official_state_export,tennessee_act_2024_25_scores,high,Tennessee district ACT average; All Students; highest scores in prior three years for graduates.
1600000US4720080,Delano CDP,47,9700000US4702820,McMinn County School District,12.981,census_tiger_2023_polygon_intersection,low,candidate_spatial,ACT,average_composite,19,2024-25,408,99,official_district_average,official_state_export,tennessee_act_2024_25_scores,high,Tennessee district ACT average; All Students; highest scores in prior three years for graduates.
1600000US4721860,Dukedom CDP,47,9700000US4704470,Weakley County School District,100.000,census_tiger_2023_polygon_intersection,medium,candidate_spatial,ACT,average_composite,19.6,2024-25,244,98,official_district_average,official_state_export,tennessee_act_2024_25_scores,high,Tennessee district ACT average; All Students; highest scores in prior three years for graduates.
1600000US4723880,Embreeville CDP,47,9700000US4704380,Washington County School District,100.000,census_tiger_2023_polygon_intersection,medium,candidate_spatial,ACT,average_composite,19.4,2024-25,642,99,official_district_average,official_state_export,tennessee_act_2024_25_scores,high,Tennessee district ACT average; All Students; highest scores in prior three years for graduates.
1600000US4724990,Fairgarden CDP,47,9700000US4703780,Sevier County School District,100.000,census_tiger_2023_polygon_intersection,medium,candidate_spatial,ACT,average_composite,19,2024-25,1004,100,official_district_average,official_state_export,tennessee_act_2024_25_scores,high,Tennessee district ACT average; All Students; highest scores in prior three years for graduates.
1600000US4725560,Falling Water CDP,47,9700000US4701590,Hamilton County School District,100.000,census_tiger_2023_polygon_intersection,medium,candidate_spatial,ACT,average_composite,18.9,2024-25,3153,100,official_district_average,official_state_export,tennessee_act_2024_25_scores,high,Tennessee district ACT average; All Students; highest scores in prior three years for graduates.
1600000US4726490,Flat Top Mountain CDP,47,9700000US4701590,Hamilton County School District,100.000,census_tiger_2023_polygon_intersection,medium,candidate_spatial,ACT,average_composite,18.9,2024-25,3153,100,official_district_average,official_state_export,tennessee_act_2024_25_scores,high,Tennessee district ACT average; All Students; highest scores in prior three years for graduates.
1600000US4725080,Fairmount CDP,47,9700000US4701590,Hamilton County School District,100.000,census_tiger_2023_polygon_intersection,medium,candidate_spatial,ACT,average_composite,18.9,2024-25,3153,100,official_district_average,official_state_export,tennessee_act_2024_25_scores,high,Tennessee district ACT average; All Students; highest scores in prior three years for graduates.
1600000US4726180,Finley CDP,47,9700000US4701050,Dyer County School District,100.000,census_tiger_2023_polygon_intersection,medium,candidate_spatial,ACT,average_composite,21.5,2024-25,246,100,official_district_average,official_state_export,tennessee_act_2024_25_scores,high,Tennessee district ACT average; All Students; highest scores in prior three years for graduates.
1600000US4727640,Fowlkes CDP,47,9700000US4701050,Dyer County School District,100.000,census_tiger_2023_polygon_intersection,medium,candidate_spatial,ACT,average_composite,21.5,2024-25,246,100,official_district_average,official_state_export,tennessee_act_2024_25_scores,high,Tennessee district ACT average; All Students; highest scores in prior three years for graduates.
1600000US4727700,Frankewing CDP,47,9700000US4701410,Giles County School District,100.000,census_tiger_2023_polygon_intersection,medium,candidate_spatial,ACT,average_composite,18.6,2024-25,251,100,official_district_average,official_state_export,tennessee_act_2024_25_scores,high,Tennessee district ACT average; All Students; highest scores in prior three years for graduates.
1600000US4730220,Graball CDP,47,9700000US4704020,Sumner County School District,100.000,census_tiger_2023_polygon_intersection,medium,candidate_spatial,ACT,average_composite,20.8,2024-25,2187,100,official_district_average,official_state_export,tennessee_act_2024_25_scores,high,Tennessee district ACT average; All Students; highest scores in prior three years for graduates.
1600000US4731100,Green Hill CDP,47,9700000US4704550,Wilson County School District,100.000,census_tiger_2023_polygon_intersection,medium,candidate_spatial,ACT,average_composite,20.4,2024-25,1812,100,official_district_average,official_state_export,tennessee_act_2024_25_scores,high,Tennessee district ACT average; All Students; highest scores in prior three years for graduates.
1600000US4731420,Grimsley CDP,47,9700000US4701230,Fentress County School District,100.000,census_tiger_2023_polygon_intersection,medium,candidate_spatial,ACT,average_composite,18.4,2024-25,59,97,official_district_average,official_state_export,tennessee_act_2024_25_scores,high,Tennessee district ACT average; All Students; highest scores in prior three years for graduates.
1600000US4732600,Harrison CDP,47,9700000US4701590,Hamilton County School District,100.000,census_tiger_2023_polygon_intersection,medium,candidate_spatial,ACT,average_composite,18.9,2024-25,3153,100,official_district_average,official_state_export,tennessee_act_2024_25_scores,high,Tennessee district ACT average; All Students; highest scores in prior three years for graduates.
1600000US4733120,Helenwood CDP,47,9700000US4703720,Scott County School District,100.000,census_tiger_2023_polygon_intersection,medium,candidate_spatial,ACT,average_composite,18,2024-25,131,99,official_district_average,official_state_export,tennessee_act_2024_25_scores,high,Tennessee district ACT average; All Students; highest scores in prior three years for graduates.
1600000US4734700,Hillsboro CDP,47,9700000US4700780,Coffee County School District,100.000,census_tiger_2023_polygon_intersection,medium,candidate_spatial,ACT,average_composite,19.1,2024-25,367,100,official_district_average,official_state_export,tennessee_act_2024_25_scores,high,Tennessee district ACT average; All Students; highest scores in prior three years for graduates.
1600000US4735220,Holladay CDP,47,9700000US4700240,Benton County School District,100.000,census_tiger_2023_polygon_intersection,medium,candidate_spatial,ACT,average_composite,18.7,2024-25,150,100,official_district_average,official_state_export,tennessee_act_2024_25_scores,high,Tennessee district ACT average; All Students; highest scores in prior three years for graduates.
1600000US4735880,Hopewell CDP,47,9700000US4700330,Bradley County School District,100.000,census_tiger_2023_polygon_intersection,medium,candidate_spatial,ACT,average_composite,19.2,2024-25,783,100,official_district_average,official_state_export,tennessee_act_2024_25_scores,high,Tennessee district ACT average; All Students; highest scores in prior three years for graduates.
1600000US4736500,Hunter CDP,47,9700000US4700510,Carter County School District,100.000,census_tiger_2023_polygon_intersection,medium,candidate_spatial,ACT,average_composite,18.4,2024-25,344,99,official_district_average,official_state_export,tennessee_act_2024_25_scores,high,Tennessee district ACT average; All Students; highest scores in prior three years for graduates.
1600000US4737360,Iron City CDP,47,9700000US4702340,Lawrence County School District,100.000,census_tiger_2023_polygon_intersection,medium,candidate_spatial,ACT,average_composite,19.5,2024-25,440,99,official_district_average,official_state_export,tennessee_act_2024_25_scores,high,Tennessee district ACT average; All Students; highest scores in prior three years for graduates.
1600000US4737620,Jacks Creek CDP,47,9700000US4700600,Chester County School District,100.000,census_tiger_2023_polygon_intersection,medium,candidate_spatial,ACT,average_composite,20.7,2024-25,185,100,official_district_average,official_state_export,tennessee_act_2024_25_scores,high,Tennessee district ACT average; All Students; highest scores in prior three years for graduates.
1600000US4740560,Lake Tansi CDP,47,9700000US4700900,Cumberland County School District,100.000,census_tiger_2023_polygon_intersection,medium,candidate_spatial,ACT,average_composite,19.3,2024-25,441,100,official_district_average,official_state_export,tennessee_act_2024_25_scores,high,Tennessee district ACT average; All Students; highest scores in prior three years for graduates.
1600000US4740732,Lakewood Park CDP,47,9700000US4700780,Coffee County School District,100.000,census_tiger_2023_polygon_intersection,medium,candidate_spatial,ACT,average_composite,19.1,2024-25,367,100,official_district_average,official_state_export,tennessee_act_2024_25_scores,high,Tennessee district ACT average; All Students; highest scores in prior three years for graduates.
1600000US4743420,Lone Oak CDP,47,9700000US4703750,Sequatchie County School District,100.000,census_tiger_2023_polygon_intersection,medium,candidate_spatial,ACT,average_composite,19.4,2024-25,131,99,official_district_average,official_state_export,tennessee_act_2024_25_scores,high,Tennessee district ACT average; All Students; highest scores in prior three years for graduates.
1600000US4744200,Luray CDP,47,9700000US4701800,Henderson County School District,100.000,census_tiger_2023_polygon_intersection,medium,candidate_spatial,ACT,average_composite,19.5,2024-25,354,100,official_district_average,official_state_export,tennessee_act_2024_25_scores,high,Tennessee district ACT average; All Students; highest scores in prior three years for graduates.
1600000US4746400,Mascot CDP,47,9700000US4702220,Knox County School District,100.000,census_tiger_2023_polygon_intersection,medium,candidate_spatial,ACT,average_composite,20.1,2024-25,4145,98,official_district_average,official_state_export,tennessee_act_2024_25_scores,high,Tennessee district ACT average; All Students; highest scores in prior three years for graduates.
1600000US4748360,Middle Valley CDP,47,9700000US4701590,Hamilton County School District,100.000,census_tiger_2023_polygon_intersection,medium,candidate_spatial,ACT,average_composite,18.9,2024-25,3153,100,official_district_average,official_state_export,tennessee_act_2024_25_scores,high,Tennessee district ACT average; All Students; highest scores in prior three years for graduates.
1600000US4748460,Midtown CDP,47,9700000US4703590,Roane County School District,100.000,census_tiger_2023_polygon_intersection,medium,candidate_spatial,ACT,average_composite,19.3,2024-25,451,100,official_district_average,official_state_export,tennessee_act_2024_25_scores,high,Tennessee district ACT average; All Students; highest scores in prior three years for graduates.
1600000US4749940,Mooresburg CDP,47,9700000US4701740,Hawkins County School District,100.000,census_tiger_2023_polygon_intersection,medium,candidate_spatial,ACT,average_composite,17.8,2024-25,516,99,official_district_average,official_state_export,tennessee_act_2024_25_scores,high,Tennessee district ACT average; All Students; highest scores in prior three years for graduates.
1600000US4750200,Morris Chapel CDP,47,9700000US4701680,Hardin County School District,100.000,census_tiger_2023_polygon_intersection,medium,candidate_spatial,ACT,average_composite,18.9,2024-25,226,100,official_district_average,official_state_export,tennessee_act_2024_25_scores,high,Tennessee district ACT average; All Students; highest scores in prior three years for graduates.
1600000US4751402,Mowbray Mountain CDP,47,9700000US4701590,Hamilton County School District,100.000,census_tiger_2023_polygon_intersection,medium,candidate_spatial,ACT,average_composite,18.9,2024-25,3153,100,official_district_average,official_state_export,tennessee_act_2024_25_scores,high,Tennessee district ACT average; All Students; highest scores in prior three years for graduates.
1600000US4752520,New Deal CDP,47,9700000US4704020,Sumner County School District,100.000,census_tiger_2023_polygon_intersection,medium,candidate_spatial,ACT,average_composite,20.8,2024-25,2187,100,official_district_average,official_state_export,tennessee_act_2024_25_scores,high,Tennessee district ACT average; All Students; highest scores in prior three years for graduates.
1600000US4753240,New Union CDP,47,9700000US4700780,Coffee County School District,100.000,census_tiger_2023_polygon_intersection,medium,candidate_spatial,ACT,average_composite,19.1,2024-25,367,100,official_district_average,official_state_export,tennessee_act_2024_25_scores,high,Tennessee district ACT average; All Students; highest scores in prior three years for graduates.
1600000US4753400,Nixon CDP,47,9700000US4701680,Hardin County School District,100.000,census_tiger_2023_polygon_intersection,medium,candidate_spatial,ACT,average_composite,18.9,2024-25,226,100,official_district_average,official_state_export,tennessee_act_2024_25_scores,high,Tennessee district ACT average; All Students; highest scores in prior three years for graduates.
1600000US4755280,Ocoee CDP,47,9700000US4703450,Polk County School District,100.000,census_tiger_2023_polygon_intersection,medium,candidate_spatial,ACT,average_composite,18.4,2024-25,145,99,official_district_average,official_state_export,tennessee_act_2024_25_scores,high,Tennessee district ACT average; All Students; highest scores in prior three years for graduates.
1600000US4755820,Olivet CDP,47,9700000US4701680,Hardin County School District,100.000,census_tiger_2023_polygon_intersection,medium,candidate_spatial,ACT,average_composite,18.9,2024-25,226,100,official_district_average,official_state_export,tennessee_act_2024_25_scores,high,Tennessee district ACT average; All Students; highest scores in prior three years for graduates.
1600000US4755900,Ooltewah CDP,47,9700000US4701590,Hamilton County School District,100.000,census_tiger_2023_polygon_intersection,medium,candidate_spatial,ACT,average_composite,18.9,2024-25,3153,100,official_district_average,official_state_export,tennessee_act_2024_25_scores,high,Tennessee district ACT average; All Students; highest scores in prior three years for graduates.
1600000US4756580,Palmersville CDP,47,9700000US4704470,Weakley County School District,100.000,census_tiger_2023_polygon_intersection,medium,candidate_spatial,ACT,average_composite,19.6,2024-25,244,98,official_district_average,official_state_export,tennessee_act_2024_25_scores,high,Tennessee district ACT average; All Students; highest scores in prior three years for graduates.
1600000US4756800,Park City CDP,47,9700000US4702490,Lincoln County School District,100.000,census_tiger_2023_polygon_intersection,medium,candidate_spatial,ACT,average_composite,20,2024-25,279,99,official_district_average,official_state_export,tennessee_act_2024_25_scores,high,Tennessee district ACT average; All Students; highest scores in prior three years for graduates.
1600000US4757500,Pelham CDP,47,9700000US4701530,Grundy County School District,100.000,census_tiger_2023_polygon_intersection,medium,candidate_spatial,ACT,average_composite,18.7,2024-25,101,100,official_district_average,official_state_export,tennessee_act_2024_25_scores,high,Tennessee district ACT average; All Students; highest scores in prior three years for graduates.
1600000US4757780,Petros CDP,47,9700000US4703090,Morgan County School District,100.000,census_tiger_2023_polygon_intersection,medium,candidate_spatial,ACT,average_composite,16.6,2024-25,227,100,official_district_average,official_state_export,tennessee_act_2024_25_scores,high,Tennessee district ACT average; All Students; highest scores in prior three years for graduates.
1600000US4758240,Pine Crest CDP,47,9700000US4700510,Carter County School District,100.000,census_tiger_2023_polygon_intersection,medium,candidate_spatial,ACT,average_composite,18.4,2024-25,344,99,official_district_average,official_state_export,tennessee_act_2024_25_scores,high,Tennessee district ACT average; All Students; highest scores in prior three years for graduates.
1600000US4759640,Pocahontas CDP,47,9700000US4701650,Hardeman County School District,100.000,census_tiger_2023_polygon_intersection,medium,candidate_spatial,ACT,average_composite,16.4,2024-25,224,99,official_district_average,official_state_export,tennessee_act_2024_25_scores,high,Tennessee district ACT average; All Students; highest scores in prior three years for graduates.
1600000US4760800,Prospect CDP,47,9700000US4701410,Giles County School District,100.000,census_tiger_2023_polygon_intersection,medium,candidate_spatial,ACT,average_composite,18.6,2024-25,251,100,official_district_average,official_state_export,tennessee_act_2024_25_scores,high,Tennessee district ACT average; All Students; highest scores in prior three years for graduates.
1600000US4761560,Randolph CDP,47,9700000US4704080,Tipton County School District,100.000,census_tiger_2023_polygon_intersection,medium,candidate_spatial,ACT,average_composite,19.7,2024-25,704,99,official_district_average,official_state_export,tennessee_act_2024_25_scores,high,Tennessee district ACT average; All Students; highest scores in prior three years for graduates.
1600000US4762580,Riceville CDP,47,9700000US4702820,McMinn County School District,100.000,census_tiger_2023_polygon_intersection,medium,candidate_spatial,ACT,average_composite,19,2024-25,408,99,official_district_average,official_state_export,tennessee_act_2024_25_scores,high,Tennessee district ACT average; All Students; highest scores in prior three years for graduates.
1600000US4763840,Roan Mountain CDP,47,9700000US4700510,Carter County School District,100.000,census_tiger_2023_polygon_intersection,medium,candidate_spatial,ACT,average_composite,18.4,2024-25,344,99,official_district_average,official_state_export,tennessee_act_2024_25_scores,high,Tennessee district ACT average; All Students; highest scores in prior three years for graduates.
1600000US4763920,Robbins CDP,47,9700000US4703720,Scott County School District,100.000,census_tiger_2023_polygon_intersection,medium,candidate_spatial,ACT,average_composite,18,2024-25,131,99,official_district_average,official_state_export,tennessee_act_2024_25_scores,high,Tennessee district ACT average; All Students; highest scores in prior three years for graduates.
1600000US4764400,Rockvale CDP,47,9700000US4703690,Rutherford County School District,100.000,census_tiger_2023_polygon_intersection,medium,candidate_spatial,ACT,average_composite,19.8,2024-25,4509,99,official_district_average,official_state_export,tennessee_act_2024_25_scores,high,Tennessee district ACT average; All Students; highest scores in prior three years for graduates.
1600000US4765642,Rural Hill CDP,47,9700000US4704550,Wilson County School District,100.000,census_tiger_2023_polygon_intersection,medium,candidate_spatial,ACT,average_composite,20.4,2024-25,1812,100,official_district_average,official_state_export,tennessee_act_2024_25_scores,high,Tennessee district ACT average; All Students; highest scores in prior three years for graduates.
1600000US4766220,Sale Creek CDP,47,9700000US4701590,Hamilton County School District,100.000,census_tiger_2023_polygon_intersection,medium,candidate_spatial,ACT,average_composite,18.9,2024-25,3153,100,official_district_average,official_state_export,tennessee_act_2024_25_scores,high,Tennessee district ACT average; All Students; highest scores in prior three years for graduates.
1600000US4766960,Sequatchie CDP,47,9700000US4702640,Marion County School District,100.000,census_tiger_2023_polygon_intersection,medium,candidate_spatial,ACT,average_composite,18.2,2024-25,280,100,official_district_average,official_state_export,tennessee_act_2024_25_scores,high,Tennessee district ACT average; All Students; highest scores in prior three years for graduates.
1600000US4767200,Seymour CDP,47,9700000US4700300,Blount County School District,23.472,census_tiger_2023_polygon_intersection,low,candidate_spatial,ACT,average_composite,19.6,2024-25,677,99,official_district_average,official_state_export,tennessee_act_2024_25_scores,high,Tennessee district ACT average; All Students; highest scores in prior three years for graduates.
1600000US4767200,Seymour CDP,47,9700000US4703780,Sevier County School District,76.528,census_tiger_2023_polygon_intersection,medium,candidate_spatial,ACT,average_composite,19,2024-25,1004,100,official_district_average,official_state_export,tennessee_act_2024_25_scores,high,Tennessee district ACT average; All Students; highest scores in prior three years for graduates.
1600000US4767230,Shackle Island CDP,47,9700000US4704020,Sumner County School District,100.000,census_tiger_2023_polygon_intersection,medium,candidate_spatial,ACT,average_composite,20.8,2024-25,2187,100,official_district_average,official_state_export,tennessee_act_2024_25_scores,high,Tennessee district ACT average; All Students; highest scores in prior three years for graduates.
1600000US4767920,Sherwood CDP,47,9700000US4701290,Franklin County School District,100.000,census_tiger_2023_polygon_intersection,medium,candidate_spatial,ACT,average_composite,18.1,2024-25,305,100,official_district_average,official_state_export,tennessee_act_2024_25_scores,high,Tennessee district ACT average; All Students; highest scores in prior three years for graduates.
1600000US4769740,South Cleveland CDP,47,9700000US4700330,Bradley County School District,100.000,census_tiger_2023_polygon_intersection,medium,candidate_spatial,ACT,average_composite,19.2,2024-25,783,100,official_district_average,official_state_export,tennessee_act_2024_25_scores,high,Tennessee district ACT average; All Students; highest scores in prior three years for graduates.
1600000US4770680,Spurgeon CDP,47,9700000US4704380,Washington County School District,50.656,census_tiger_2023_polygon_intersection,medium,candidate_spatial,ACT,average_composite,19.4,2024-25,642,99,official_district_average,official_state_export,tennessee_act_2024_25_scores,high,Tennessee district ACT average; All Students; highest scores in prior three years for graduates.
1600000US4770680,Spurgeon CDP,47,9700000US4703990,Sullivan County School District,49.344,census_tiger_2023_polygon_intersection,low,candidate_spatial,ACT,average_composite,18.7,2024-25,591,99,official_district_average,official_state_export,tennessee_act_2024_25_scores,high,Tennessee district ACT average; All Students; highest scores in prior three years for graduates.
1600000US4772040,Summertown CDP,47,9700000US4702340,Lawrence County School District,100.000,census_tiger_2023_polygon_intersection,medium,candidate_spatial,ACT,average_composite,19.5,2024-25,440,99,official_district_average,official_state_export,tennessee_act_2024_25_scores,high,Tennessee district ACT average; All Students; highest scores in prior three years for graduates.
1600000US4772780,Taft CDP,47,9700000US4702490,Lincoln County School District,100.000,census_tiger_2023_polygon_intersection,medium,candidate_spatial,ACT,average_composite,20,2024-25,279,99,official_district_average,official_state_export,tennessee_act_2024_25_scores,high,Tennessee district ACT average; All Students; highest scores in prior three years for graduates.
1600000US4773220,Telford CDP,47,9700000US4704380,Washington County School District,100.000,census_tiger_2023_polygon_intersection,medium,candidate_spatial,ACT,average_composite,19.4,2024-25,642,99,official_district_average,official_state_export,tennessee_act_2024_25_scores,high,Tennessee district ACT average; All Students; highest scores in prior three years for graduates.
1600000US4773270,Tellico Village CDP,47,9700000US4702520,Loudon County School District,100.000,census_tiger_2023_polygon_intersection,medium,candidate_spatial,ACT,average_composite,19.1,2024-25,235,100,official_district_average,official_state_export,tennessee_act_2024_25_scores,high,Tennessee district ACT average; All Students; highest scores in prior three years for graduates.
1600000US4777760,Walnut Grove CDP,47,9700000US4701680,Hardin County School District,100.000,census_tiger_2023_polygon_intersection,medium,candidate_spatial,ACT,average_composite,18.9,2024-25,226,100,official_district_average,official_state_export,tennessee_act_2024_25_scores,high,Tennessee district ACT average; All Students; highest scores in prior three years for graduates.
1600000US4777820,Walnut Grove CDP,47,9700000US4704020,Sumner County School District,100.000,census_tiger_2023_polygon_intersection,medium,candidate_spatial,ACT,average_composite,20.8,2024-25,2187,100,official_district_average,official_state_export,tennessee_act_2024_25_scores,high,Tennessee district ACT average; All Students; highest scores in prior three years for graduates.
1600000US4777900,Walnut Hill CDP,47,9700000US4703990,Sullivan County School District,100.000,census_tiger_2023_polygon_intersection,medium,candidate_spatial,ACT,average_composite,18.7,2024-25,591,99,official_district_average,official_state_export,tennessee_act_2024_25_scores,high,Tennessee district ACT average; All Students; highest scores in prior three years for graduates.
1600000US4777980,Walterhill CDP,47,9700000US4703690,Rutherford County School District,100.000,census_tiger_2023_polygon_intersection,medium,candidate_spatial,ACT,average_composite,19.8,2024-25,4509,99,official_district_average,official_state_export,tennessee_act_2024_25_scores,high,Tennessee district ACT average; All Students; highest scores in prior three years for graduates.
1600000US4780580,Whitlock CDP,47,9700000US4701830,Henry County School District,100.000,census_tiger_2023_polygon_intersection,medium,candidate_spatial,ACT,average_composite,19.7,2024-25,328,99,official_district_average,official_state_export,tennessee_act_2024_25_scores,high,Tennessee district ACT average; All Students; highest scores in prior three years for graduates.
1600000US4780760,Wildwood Lake CDP,47,9700000US4700330,Bradley County School District,100.000,census_tiger_2023_polygon_intersection,medium,candidate_spatial,ACT,average_composite,19.2,2024-25,783,100,official_district_average,official_state_export,tennessee_act_2024_25_scores,high,Tennessee district ACT average; All Students; highest scores in prior three years for graduates.
1600000US4782200,Wynnburg CDP,47,9700000US4702280,Lake County School District,100.000,census_tiger_2023_polygon_intersection,medium,candidate_spatial,ACT,average_composite,17.1,2024-25,40,95,official_district_average,official_state_export,tennessee_act_2024_25_scores,high,Tennessee district ACT average; All Students; highest scores in prior three years for graduates.
1600000US4782440,Yuma CDP,47,9700000US4703900,South Carroll Special School District,100.000,census_tiger_2023_polygon_intersection,medium,candidate_spatial,ACT,average_composite,21.3,2024-25,23,100,official_district_average,official_state_export,tennessee_act_2024_25_scores,high,Tennessee district ACT average; All Students; highest scores in prior three years for graduates.
1600000US4729260,Gladeville CDP,47,9700000US4704550,Wilson County School District,100.000,census_tiger_2023_polygon_intersection,medium,candidate_spatial,ACT,average_composite,20.4,2024-25,1812,100,official_district_average,official_state_export,tennessee_act_2024_25_scores,high,Tennessee district ACT average; All Students; highest scores in prior three years for graduates.
1600000US4775300,Tuckers Crossroads CDP,47,9700000US4704550,Wilson County School District,100.000,census_tiger_2023_polygon_intersection,medium,candidate_spatial,ACT,average_composite,20.4,2024-25,1812,100,official_district_average,official_state_export,tennessee_act_2024_25_scores,high,Tennessee district ACT average; All Students; highest scores in prior three years for graduates.
1600000US4730700,Gray CDP,47,9700000US4704380,Washington County School District,100.000,census_tiger_2023_polygon_intersection,medium,candidate_spatial,ACT,average_composite,19.4,2024-25,642,99,official_district_average,official_state_export,tennessee_act_2024_25_scores,high,Tennessee district ACT average; All Students; highest scores in prior three years for graduates.
1600000US4731220,Greenvale CDP,47,9700000US4704550,Wilson County School District,100.000,census_tiger_2023_polygon_intersection,medium,candidate_spatial,ACT,average_composite,20.4,2024-25,1812,100,official_district_average,official_state_export,tennessee_act_2024_25_scores,high,Tennessee district ACT average; All Students; highest scores in prior three years for graduates.
1600000US4731400,Griffith Creek CDP,47,9700000US4702640,Marion County School District,100.000,census_tiger_2023_polygon_intersection,medium,candidate_spatial,ACT,average_composite,18.2,2024-25,280,100,official_district_average,official_state_export,tennessee_act_2024_25_scores,high,Tennessee district ACT average; All Students; highest scores in prior three years for graduates.
1600000US4758780,Pinson CDP,47,9700000US4702580,Jackson-Madison County School System,100.000,census_tiger_2023_polygon_intersection,medium,candidate_spatial,ACT,average_composite,16.9,2024-25,843,100,official_district_average,official_state_export,tennessee_act_2024_25_scores,high,Tennessee district ACT average; All Students; highest scores in prior three years for graduates.
1600000US4731810,Halls CDP,47,9700000US4702220,Knox County School District,100.000,census_tiger_2023_polygon_intersection,medium,candidate_spatial,ACT,average_composite,20.1,2024-25,4145,98,official_district_average,official_state_export,tennessee_act_2024_25_scores,high,Tennessee district ACT average; All Students; highest scores in prior three years for graduates.
1600000US4780500,Whiteside CDP,47,9700000US4702640,Marion County School District,100.000,census_tiger_2023_polygon_intersection,medium,candidate_spatial,ACT,average_composite,18.2,2024-25,280,100,official_district_average,official_state_export,tennessee_act_2024_25_scores,high,Tennessee district ACT average; All Students; highest scores in prior three years for graduates.
1600000US4732040,Hampton CDP,47,9700000US4700510,Carter County School District,100.000,census_tiger_2023_polygon_intersection,medium,candidate_spatial,ACT,average_composite,18.4,2024-25,344,99,official_district_average,official_state_export,tennessee_act_2024_25_scores,high,Tennessee district ACT average; All Students; highest scores in prior three years for graduates.
1600000US4733680,Hickman CDP,47,9700000US4703870,Smith County School District,100.000,census_tiger_2023_polygon_intersection,medium,candidate_spatial,ACT,average_composite,19.6,2024-25,189,99,official_district_average,official_state_export,tennessee_act_2024_25_scores,high,Tennessee district ACT average; All Students; highest scores in prior three years for graduates.
1600000US4734580,Hilham CDP,47,9700000US4703330,Overton County School District,100.000,census_tiger_2023_polygon_intersection,medium,candidate_spatial,ACT,average_composite,19.1,2024-25,164,100,official_district_average,official_state_export,tennessee_act_2024_25_scores,high,Tennessee district ACT average; All Students; highest scores in prior three years for graduates.
1600000US4736700,Huron CDP,47,9700000US4701800,Henderson County School District,100.000,census_tiger_2023_polygon_intersection,medium,candidate_spatial,ACT,average_composite,19.5,2024-25,354,100,official_district_average,official_state_export,tennessee_act_2024_25_scores,high,Tennessee district ACT average; All Students; highest scores in prior three years for graduates.
1600000US4780720,Wildersville CDP,47,9700000US4701800,Henderson County School District,100.000,census_tiger_2023_polygon_intersection,medium,candidate_spatial,ACT,average_composite,19.5,2024-25,354,100,official_district_average,official_state_export,tennessee_act_2024_25_scores,high,Tennessee district ACT average; All Students; highest scores in prior three years for graduates.
1600000US4738300,John Sevier CDP,47,9700000US4702220,Knox County School District,100.000,census_tiger_2023_polygon_intersection,medium,candidate_spatial,ACT,average_composite,20.1,2024-25,4145,98,official_district_average,official_state_export,tennessee_act_2024_25_scores,high,Tennessee district ACT average; All Students; highest scores in prior three years for graduates.
1600000US4738800,Karns CDP,47,9700000US4702220,Knox County School District,100.000,census_tiger_2023_polygon_intersection,medium,candidate_spatial,ACT,average_composite,20.1,2024-25,4145,98,official_district_average,official_state_export,tennessee_act_2024_25_scores,high,Tennessee district ACT average; All Students; highest scores in prior three years for graduates.
1600000US4755980,Orebank CDP,47,9700000US4703990,Sullivan County School District,100.000,census_tiger_2023_polygon_intersection,medium,candidate_spatial,ACT,average_composite,18.7,2024-25,591,99,official_district_average,official_state_export,tennessee_act_2024_25_scores,high,Tennessee district ACT average; All Students; highest scores in prior three years for graduates.
1600000US4738765,Kahite CDP,47,9700000US4703000,Monroe County School District,100.000,census_tiger_2023_polygon_intersection,medium,candidate_spatial,ACT,average_composite,17.6,2024-25,478,100,official_district_average,official_state_export,tennessee_act_2024_25_scores,high,Tennessee district ACT average; All Students; highest scores in prior three years for graduates.
1600000US4761635,Rarity Bay CDP,47,9700000US4703000,Monroe County School District,47.141,census_tiger_2023_polygon_intersection,low,candidate_spatial,ACT,average_composite,17.6,2024-25,478,100,official_district_average,official_state_export,tennessee_act_2024_25_scores,high,Tennessee district ACT average; All Students; highest scores in prior three years for graduates.
1600000US4761635,Rarity Bay CDP,47,9700000US4702520,Loudon County School District,52.859,census_tiger_2023_polygon_intersection,medium,candidate_spatial,ACT,average_composite,19.1,2024-25,235,100,official_district_average,official_state_export,tennessee_act_2024_25_scores,high,Tennessee district ACT average; All Students; highest scores in prior three years for graduates.
1600000US4741240,Lavinia CDP,47,9700000US4704490,West Carroll Special District,100.000,census_tiger_2023_polygon_intersection,medium,candidate_spatial,ACT,average_composite,17.8,2024-25,45,96,official_district_average,official_state_export,tennessee_act_2024_25_scores,high,Tennessee district ACT average; All Students; highest scores in prior three years for graduates.
1600000US4744700,McDonald CDP,47,9700000US4700330,Bradley County School District,100.000,census_tiger_2023_polygon_intersection,medium,candidate_spatial,ACT,average_composite,19.2,2024-25,783,100,official_district_average,official_state_export,tennessee_act_2024_25_scores,high,Tennessee district ACT average; All Students; highest scores in prior three years for graduates.
1600000US4741780,Lenox CDP,47,9700000US4701050,Dyer County School District,100.000,census_tiger_2023_polygon_intersection,medium,candidate_spatial,ACT,average_composite,21.5,2024-25,246,100,official_district_average,official_state_export,tennessee_act_2024_25_scores,high,Tennessee district ACT average; All Students; highest scores in prior three years for graduates.
1600000US4749420,Miston CDP,47,9700000US4701050,Dyer County School District,100.000,census_tiger_2023_polygon_intersection,medium,candidate_spatial,ACT,average_composite,21.5,2024-25,246,100,official_district_average,official_state_export,tennessee_act_2024_25_scores,high,Tennessee district ACT average; All Students; highest scores in prior three years for graduates.
1600000US4741800,Leoma CDP,47,9700000US4702340,Lawrence County School District,100.000,census_tiger_2023_polygon_intersection,medium,candidate_spatial,ACT,average_composite,19.5,2024-25,440,99,official_district_average,official_state_export,tennessee_act_2024_25_scores,high,Tennessee district ACT average; All Students; highest scores in prior three years for graduates.
1600000US4744360,Lyles CDP,47,9700000US4701860,Hickman County School District,100.000,census_tiger_2023_polygon_intersection,medium,candidate_spatial,ACT,average_composite,18.5,2024-25,183,98,official_district_average,official_state_export,tennessee_act_2024_25_scores,high,Tennessee district ACT average; All Students; highest scores in prior three years for graduates.
1600000US4782120,Wrigley CDP,47,9700000US4701860,Hickman County School District,100.000,census_tiger_2023_polygon_intersection,medium,candidate_spatial,ACT,average_composite,18.5,2024-25,183,98,official_district_average,official_state_export,tennessee_act_2024_25_scores,high,Tennessee district ACT average; All Students; highest scores in prior three years for graduates.
1600000US4746680,Mayland CDP,47,9700000US4700900,Cumberland County School District,100.000,census_tiger_2023_polygon_intersection,medium,candidate_spatial,ACT,average_composite,19.3,2024-25,441,100,official_district_average,official_state_export,tennessee_act_2024_25_scores,high,Tennessee district ACT average; All Students; highest scores in prior three years for graduates.
1600000US4748120,Mercer CDP,47,9700000US4702580,Jackson-Madison County School System,100.000,census_tiger_2023_polygon_intersection,medium,candidate_spatial,ACT,average_composite,16.9,2024-25,843,100,official_district_average,official_state_export,tennessee_act_2024_25_scores,high,Tennessee district ACT average; All Students; highest scores in prior three years for graduates.
1600000US4753520,Norene CDP,47,9700000US4704550,Wilson County School District,100.000,census_tiger_2023_polygon_intersection,medium,candidate_spatial,ACT,average_composite,20.4,2024-25,1812,100,official_district_average,official_state_export,tennessee_act_2024_25_scores,high,Tennessee district ACT average; All Students; highest scores in prior three years for graduates.
1600000US4754640,Oak Grove CDP,47,9700000US4704020,Sumner County School District,100.000,census_tiger_2023_polygon_intersection,medium,candidate_spatial,ACT,average_composite,20.8,2024-25,2187,100,official_district_average,official_state_export,tennessee_act_2024_25_scores,high,Tennessee district ACT average; All Students; highest scores in prior three years for graduates.
1600000US4754700,Oak Grove CDP,47,9700000US4704380,Washington County School District,99.851,census_tiger_2023_polygon_intersection,medium,candidate_spatial,ACT,average_composite,19.4,2024-25,642,99,official_district_average,official_state_export,tennessee_act_2024_25_scores,high,Tennessee district ACT average; All Students; highest scores in prior three years for graduates.
1600000US4754700,Oak Grove CDP,47,9700000US4702130,Johnson City School District,0.149,census_tiger_2023_polygon_intersection,low,candidate_spatial,ACT,average_composite,20.8,2024-25,593,99,official_district_average,official_state_export,tennessee_act_2024_25_scores,high,Tennessee district ACT average; All Students; highest scores in prior three years for graduates.
1600000US4760480,Powell CDP,47,9700000US4702220,Knox County School District,100.000,census_tiger_2023_polygon_intersection,medium,candidate_spatial,ACT,average_composite,20.1,2024-25,4145,98,official_district_average,official_state_export,tennessee_act_2024_25_scores,high,Tennessee district ACT average; All Students; highest scores in prior three years for graduates.
1600000US4765740,Russellville CDP,47,9700000US4700001,Hamblen County School District,100.000,census_tiger_2023_polygon_intersection,medium,candidate_spatial,ACT,average_composite,18,2024-25,675,100,official_district_average,official_state_export,tennessee_act_2024_25_scores,high,Tennessee district ACT average; All Students; highest scores in prior three years for graduates.
1600000US4767140,Sewanee CDP,47,9700000US4701290,Franklin County School District,100.000,census_tiger_2023_polygon_intersection,medium,candidate_spatial,ACT,average_composite,18.1,2024-25,305,100,official_district_average,official_state_export,tennessee_act_2024_25_scores,high,Tennessee district ACT average; All Students; highest scores in prior three years for graduates.
1600000US4768040,Shiloh CDP,47,9700000US4701680,Hardin County School District,100.000,census_tiger_2023_polygon_intersection,medium,candidate_spatial,ACT,average_composite,18.9,2024-25,226,100,official_district_average,official_state_export,tennessee_act_2024_25_scores,high,Tennessee district ACT average; All Students; highest scores in prior three years for graduates.
1600000US4770900,Statesville CDP,47,9700000US4704550,Wilson County School District,100.000,census_tiger_2023_polygon_intersection,medium,candidate_spatial,ACT,average_composite,20.4,2024-25,1812,100,official_district_average,official_state_export,tennessee_act_2024_25_scores,high,Tennessee district ACT average; All Students; highest scores in prior three years for graduates.
1600000US4771500,Strawberry Plains CDP,47,9700000US4702100,Jefferson County School District,100.000,census_tiger_2023_polygon_intersection,medium,candidate_spatial,ACT,average_composite,18.7,2024-25,491,99,official_district_average,official_state_export,tennessee_act_2024_25_scores,high,Tennessee district ACT average; All Students; highest scores in prior three years for graduates.
1600000US4771800,Sullivan Gardens CDP,47,9700000US4703990,Sullivan County School District,100.000,census_tiger_2023_polygon_intersection,medium,candidate_spatial,ACT,average_composite,18.7,2024-25,591,99,official_district_average,official_state_export,tennessee_act_2024_25_scores,high,Tennessee district ACT average; All Students; highest scores in prior three years for graduates.
1600000US4776180,Unionville CDP,47,9700000US4700180,Bedford County School District,100.000,census_tiger_2023_polygon_intersection,medium,candidate_spatial,ACT,average_composite,17.9,2024-25,598,100,official_district_average,official_state_export,tennessee_act_2024_25_scores,high,Tennessee district ACT average; All Students; highest scores in prior three years for graduates.
1600000US4776660,Valley Forge CDP,47,9700000US4700510,Carter County School District,100.000,census_tiger_2023_polygon_intersection,medium,candidate_spatial,ACT,average_composite,18.4,2024-25,344,99,official_district_average,official_state_export,tennessee_act_2024_25_scores,high,Tennessee district ACT average; All Students; highest scores in prior three years for graduates.
1600000US4779500,Westpoint CDP,47,9700000US4702340,Lawrence County School District,100.000,census_tiger_2023_polygon_intersection,medium,candidate_spatial,ACT,average_composite,19.5,2024-25,440,99,official_district_average,official_state_export,tennessee_act_2024_25_scores,high,Tennessee district ACT average; All Students; highest scores in prior three years for graduates.
1600000US4777700,Walland CDP,47,9700000US4700300,Blount County School District,100.000,census_tiger_2023_polygon_intersection,medium,candidate_spatial,ACT,average_composite,19.6,2024-25,677,99,official_district_average,official_state_export,tennessee_act_2024_25_scores,high,Tennessee district ACT average; All Students; highest scores in prior three years for graduates.
1600000US4780740,Wildwood CDP,47,9700000US4700300,Blount County School District,100.000,census_tiger_2023_polygon_intersection,medium,candidate_spatial,ACT,average_composite,19.6,2024-25,677,99,official_district_average,official_state_export,tennessee_act_2024_25_scores,high,Tennessee district ACT average; All Students; highest scores in prior three years for graduates.
